962,2170,1227,1430,2108,760,1176,2252,683,808,173,1553,2262,1273,1084,480,865,1863,2219,1099,1538,2312,2019,2164,1554,1293,362,2393,805,1337,1783,129,928,1731,1918,2457,99,1578,1304,1121,1748,912,85,2229,1211,1994,1607,1664,2270,703,232,380,1662,919,1128,2090,1166,631,1228,1287,1685,1926,883,2087,1852,411,59,286,470,1142,2279,1624,932,421,1451,2392,2102,2223,1053,389,2327,775,282,2141,927,148,1604,1640,608,2275,1893,391,324,1048,757,152,47,558,218,422,2028,34
0.462735407381098,0.26104284376852654,0.45905881946157123,0.38063835067642227,0.9479259309860484,0.3640210293459643,0.5386102878212642,0.16481237557289521,0.3684785592544995,0.3957709109354748,0.2826631338913635,0.6564676347033195,0.3260948930749609,0.3060143632078433,0.48852849199167836,0.2701174900382974,0.3086402501782598,0.3417370200176742,0.3411127095374405,0.4132737986717158,0.34789194059126183,0.7711019835208972,0.31265144793119437,0.6722083054457416,0.4648985970401836,0.5479344698252616,0.4779827226170039,0.8531486354200153,0.3437463983744301,0.41439288847274386,0.43020491855107107,0.8462489011588326,0.5105256890672476,0.26460980720247107,0.44034265771877923,0.4763958295817989,0.30922997863848234,0.3734646724132513,0.2886455831454977,0.5121636097914484,0.8361986653406851,0.8671522928390778,0.4725000133219838,0.47322227196642963,0.5411980799184857,0.5121500397274957,0.44537395333653557,0.2802817339509944,0.47890075020333955,0.542845237168854,0.9197662996144961,0.5184049204894797,0.6518857887563418,0.35590980854131266,0.7701558298034477,0.37440834934791023,0.4872692687196453,0.42540045718148356,0.4593117062797726,0.4813845532787872,0.41081560701867376,0.31122793074908134,0.6656932916828333,0.3605282519909883,0.4523372857802615,0.3414343905366808,0.4522608490131678,0.7304150849702804,0.25660488775584717,0.816143328615379,0.4663879684958938,0.49156944770835015,0.47152011760140045,0.48698289448832105,0.9186580228019495,0.4393236360480939,0.38790023443508886,0.4119133069000008,0.41450974148693426,0.42877061573467445,0.8440132012471886,0.6988361739699072,0.7871092864278392,0.5271877712383206,0.4939224412395747,0.4962350551682654,0.48281704837013123,0.7679191536025795,0.5075805229800963,0.36336930735514716,0.5251080362329442,0.8021881639589961,0.26083441782504324,0.4031924073497009,0.7601324756277265,0.7779529280926787,0.5667648039635569,0.4354377451861097,0.36168255567914936,0.9570801252291175,0.4834270613693914,0.5333651553456212
0.5337678858732495,0.907439555101981,0.5637194556087399,0.39198722985701745,0.4821581815655754,0.349683547942527,0.4285468443313629,0.19646442897354274,0.9461491744119235,0.7890017182353863,0.5633870493353776,0.3144218054518613,0.7712867916297808,0.7756632376572002,0.2696504530522276,0.27683900350429386,0.30439580218738743,0.4311004865154465,0.3676422762689189,0.49280627088786777,0.39468805896009307,0.788885636735838,0.4554828480587467,0.3525748306206387,0.3172336679049102,0.6185439868480228,0.2632193090463881,0.9038102287557005,0.2762899961785914,0.3227669273126191,0.25342881559814684,0.8530138312192215,0.5352645319614855,0.9194098515481791,0.3294034627791886,0.5730198062471564,0.7039673446528384,0.8733155478118909,0.2832555493870852,0.33639896532304164,0.8164953596815181,0.41339282972680325,0.4946548668972052,0.7338738389073605,0.32479109074422574,0.5377928488364331,0.4930318938855366,0.607899960858063,0.5454268851718816,0.3658807369396835,0.3668340770630185,0.3946622546756971,0.5542695754126555,0.3749857672535797,0.6266916874256365,0.393542743646167,0.2767904768754681,0.7837571107945434,0.49880001737927776,0.43087840954405277,0.4190866122737124,0.2882802505916837,0.6724576923518423,0.3065569490807452,0.4100324076677465,0.7343565126417319,0.29882174521835103,0.5878884360959664,0.8675223481403279,0.3218020658875193,0.6700638016876844,0.5188828913811865,0.3123645083610026,0.500310405296255,0.9114614033598714,0.42059812719755735,0.28355575523203824,0.5192710120345133,0.44397799522801334,0.4131701519782819,0.26788274099538023,0.9506872087673149,0.3978713468688556,0.5440573923527494,0.3198170610711446,0.4898724711741832,0.5305180818356195,0.3938019042923622,0.8180091548084678,0.3748753683063621,0.5229836799807077,0.31357308498653363,0.4405462574438614,0.4034394556034206,0.9648743674921785,0.7984202274386198,0.5376693872131945,0.9067861800625147,0.31054912351213015,0.34797651267488705,0.2827970756115685,0.4725563307516522
0.40103593291999007,0.5481735850525075,0.30579708731958277,0.4407572074882318,0.7806947862418695,0.5776801174889103,0.47087484492450005,0.19625871401831138,0.913535391590405,0.71553196467614,0.3725938522019556,0.5587901529758724,0.3242396290243832,0.5869588160809529,0.285734656092211,0.45665887064054117,0.5066574489475565,0.25923626600072347,0.3353844985116172,0.45618248662807076,0.3966824948712987,0.4441244601944067,0.28274167908617476,0.4076869030989243,0.6851117588092518,0.42265026650487747,0.9028512727163903,0.844932263463133,0.5200799234665799,0.7756921633567134,0.2817099420643352,0.276423546672544,0.4934225043916772,0.432443425316584,0.9580038601542621,0.8224077763866277,0.8934182650781208,0.3850467250555132,0.5017513061083823,0.7771681996367575,0.4682262143912073,0.32996924306058745,0.4083600268573583,0.4910860154589452,0.3534711585024766,0.4328560210803099,0.3200235420906723,0.3632965456068069,0.4800663364573636,0.5699024522792978,0.840403491207198,0.3063876356512551,0.6451676910027087,0.4034159401601696,0.6015996366561152,0.4001086484735442,0.38615596767995597,0.4215889910537897,0.4370500920734589,0.43826759407309956,0.2879598680077166,0.381238535670837,0.2740657894063426,0.5443694542725382,0.40695289974358506,0.6848960086915485,0.4634425353928343,0.8471442761483978,0.7340589610789472,0.31425377293047496,0.7079331624373337,0.4712101919786677,0.9114986420230619,0.5539831459565095,0.9086924744401965,0.41669775961489836,0.38859885654041304,0.4301653655186627,0.3871849103147934,0.4464172856868031,0.5156098166935197,0.41963698370696034,0.5642923017306936,0.5343691932950628,0.2889113618859765,0.480576599279001,0.5156381613639804,0.4706039995695614,0.46057260315290327,0.7851753490419716,0.43398928070777887,0.3208762314625116,0.5953488348647628,0.2575985788112376,0.3192214753657684,0.45233935437595774,0.30676276179965445,0.38744173602047477,0.8080567199014196,0.7685449687463473,0.4093077658043491,0.541220503372451
0.5303486072480129,0.2611858143297204,0.38336408728786797,0.4425164236541052,0.28320688989832454,0.4296958186727357,0.5804724744127898,0.18536995072921122,0.9135793869217703,0.8361961017440305,0.35907597489567655,0.3565295025512649,0.9292896663677492,0.3995537843502261,0.29178914025169256,0.3502473397348413,0.5118669105845451,0.36719612938567064,0.4526596566725756,0.4364820894507257,0.46630930904021345,0.8355996111582779,0.3727220477896404,0.4822001372995647,0.3262994069857778,0.5017120950541318,0.5186601288447727,0.8759829372240217,0.4667384655127547,0.4298209344935559,0.5669785992254662,0.28044157729087593,0.5143455846615516,0.8588811534010996,0.4730812233823341,0.7441709585070645,0.8810896731759844,0.3475197311738958,0.3073297939124148,0.267515400041534,0.851059997256458,0.8633840167440022,0.48245202261994136,0.45775428809596613,0.44171990782712717,0.5314230994084291,0.4453423170244527,0.9572189070738975,0.48310518394654295,0.9280648628282586,0.9380055973713739,0.39897694099456427,0.6037019737329563,0.39948670509769457,0.3098663726635607,0.42706355589120665,0.4665198884667558,0.9515363175661435,0.4848204578642358,0.33954843062695245,0.28158837741890913,0.3415127004323031,0.2530929975268984,0.344881816261508,0.47082240125065766,0.7916562771594075,0.3379241023434031,0.26413886317117513,0.8381646491303745,0.3930232600976134,0.32382234943548166,0.4958676025474086,0.2981210049251411,0.9359745482148515,0.8791759789206294,0.4302512263261508,0.3062443398395556,0.41838720758785486,0.44725349241555784,0.833354842577127,0.7652357340149479,0.6150809101311863,0.4370402054170814,0.5443557319444083,0.7710345255611512,0.46982805144973777,0.4797251565684035,0.6967381120466277,0.4081098846607151,0.7476186582219936,0.4772299236582294,0.2784684069791118,0.7332447159749396,0.43870087358780285,0.3505201919530703,0.8190264876203422,0.2933280751417115,0.3718499044245576,0.36776653284772104,0.3378170099428136,0.3166279122098282,0.5496169178815075
0.49170938092698674,0.3840094786131345,0.40288585849332287,0.4893072608932764,0.9187478445330632,0.4302044407012552,0.9220738426581971,0.1766848632536064,0.9117893525439321,0.39000378534409186,0.5431181296973722,0.33615279987885704,0.5061610823271064,0.5223152915337452,0.2696836665372356,0.8951201278126805,0.3089763452112587,0.35482277223027153,0.4255125017906969,0.4669807200480446,0.4453423608671364,0.7855193713008514,0.45695498241637267,0.564307128800009,0.5013783498195589,0.4393743349235877,0.28328612390099844,0.661122771035254,0.3540606419296567,0.3886471848219994,0.5061973192270408,0.47258793183461234,0.4833336853379912,0.48017222358345196,0.608205839499786,0.3518456560623986,0.27135160461662955,0.31641470418310524,0.3961548431584804,0.3815583876173289,0.7929332623920088,0.3825607239638772,0.4491894750534831,0.6733727101788171,0.3257206988100916,0.4928823464440524,0.46094396820111894,0.42730702865401615,0.48534902730216445,0.3526501860682669,0.8600325603627547,0.7510409024890669,0.3619018472848196,0.5562090977874263,0.2730943832037976,0.4856307128371814,0.4540758760976543,0.29854938446363316,0.44006073321267664,0.4471696919862436,0.3354847065657791,0.36257985795896913,0.48544271498466773,0.30750499655590946,0.4568781837286546,0.35080849671649666,0.33947511172423117,0.5836406743603526,0.9246619096445421,0.32284251469713404,0.9682198040871992,0.4568445625165507,0.31467523141103265,0.4244232813595243,0.8393231913577548,0.42464944768112173,0.30403666391350154,0.5418616245706886,0.4864641469791962,0.4626530962613333,0.499518995288389,0.8702331287434846,0.33942834127191956,0.5021994341453702,0.6891298743167917,0.4360261422175921,0.25210868972510564,0.41672556406899836,0.500825228246377,0.7598638164756315,0.4810507995908076,0.46899463139571707,0.36965956744448025,0.5967667358371177,0.4574042728721184,0.8024606013182467,0.3012447892016388,0.9278774021017158,0.8425912382749559,0.259186994620015,0.6920563576744297,0.6768924695535895
0.3071741250455573,0.6505982304629123,0.7927246778662993,0.36881348322842433,0.29383609942145755,0.7834313002101231,0.35302315497141173,0.17525446151759783,0.9528081641283518,0.2996319263367435,0.30386613252182537,0.27944550646268235,0.28390861974875464,0.33431304295147624,0.27720739042200354,0.39365329171324775,0.48642669716349557,0.23114520886264345,0.2665808567860835,0.41400947642641134,0.3305208679998465,0.7702467972406667,0.7374471944191743,0.7076217965184891,0.7954436168756055,0.7537056713284391,0.2665420831185939,0.6616711370682541,0.3914758660804567,0.8339364037518829,0.6453181705974297,0.756315007029086,0.3897135023005077,0.5953261202445731,0.42430190731553047,0.5361196520822453,0.6319948404035827,0.365532285014046,0.3597333245371565,0.6759011969413254,0.25998590085965695,0.8102011799143697,0.3282005886868903,0.4376048458066442,0.31109985689269426,0.36851573415280653,0.24523248518956864,0.6152591440433147,0.39964174069137076,0.44566441850650385,0.8792698881766028,0.3710665435342033,0.3774652643330623,0.4014314935673541,0.3730770051218324,0.3659919450688234,0.33142550332073667,0.9429509388785215,0.3607418155801688,0.34012996360554126,0.5067143606395238,0.3415898773041948,0.3132350265735724,0.3793840044625265,0.3380944133091364,0.34481850298024547,0.30294619573298426,0.31633811675860735,0.4342256792954899,0.42146219564958404,0.8848304672501522,0.3670352646632524,0.40893401198481766,0.2997737515795028,0.8953075918316662,0.3685948729015495,0.2923464561966013,0.5423826054362406,0.36245922278153453,0.5022865185818152,0.407193239509809,0.9473274190972867,0.5430074335362027,0.4495728373542623,0.33841722520303574,0.3863338199654953,0.47530311024606847,0.3662427692647582,0.3839376581094696,0.5888358860918584,0.36018621235928217,0.4230937265958333,0.37841983635852944,0.5972161315024692,0.34228425506253146,0.831058167826948,0.5770073015638514,0.8712366184140178,0.2996521203906794,0.3490378282233966,0.8559399395608362,0.6758506977634378
0.4520856395583376,0.35766973177728634,0.5087103726103802,0.40285372760751453,0.2786412555779756,0.41100882823479257,0.31034458410393884,0.18372652690255148,0.9476676990916256,0.7747949306448436,0.9448471554731946,0.31506704964490084,0.9082341681095855,0.29196963724199965,0.3208371214391195,0.474109302128373,0.34556309832133036,0.35779576643588357,0.3874971416493332,0.4078509065804523,0.442400001365237,0.8244524132269426,0.2727060659229426,0.33972724882438116,0.3270567860966996,0.6180799100884989,0.4054298111143636,0.8325072736894418,0.2873655514134456,0.8995345564843955,0.24793724560267189,0.34348737481280484,0.49760391144818583,0.37337533829543373,0.9244839141014954,0.4141418469295433,0.8988380393543728,0.3105156451020347,0.370881684725802,0.38983888367988107,0.71711839392939,0.3114767591434711,0.48371619258493787,0.8079072419761254,0.30938722341011043,0.5004620606543589,0.44037015531557994,0.5978036768921647,0.4490263923231696,0.33854280771055556,0.5857984963740731,0.4268720245029647,0.4483105616756595,0.3529031814377166,0.27309528038098185,0.4424849276198758,0.6091800597450695,0.3287188876535586,0.5026431035072789,0.33959593223223145,0.3585291538997271,0.33420358548600587,0.35046737670029915,0.379178627380248,0.4286354793316481,0.7978591434833163,0.2671254690888131,0.35623513359809295,0.7482511430139726,0.41790798478675784,0.9319174445046481,0.5159247104399391,0.29926501918646176,0.4335828411680495,0.8800722648840227,0.3857476291894325,0.2866366363498229,0.538593084747906,0.4845131808926959,0.8504830536466679,0.8562294012878547,0.9574312440542174,0.8105533882758814,0.4875753417340037,0.3107621666024633,0.5033104272529548,0.49496132741269006,0.28737712693520084,0.5282074037426148,0.7275280616566377,0.49482200544452587,0.3321920693702831,0.9724841259308156,0.26820116805415184,0.36266385298180587,0.8084643123432544,0.9379259131363515,0.4014721079973245,0.4147678532835089,0.28099767292596667,0.44446084858202395,0.6240693293692173
0.28544323579843156,0.31540390412673686,0.259392014513997,0.24245202042579037,0.2909393600592428,0.363556535331527,0.27943140375720277,0.10445824903153458,0.9284682807306113,0.9046892301598923,0.25248883130343286,0.3213607731051536,0.8695366416042956,0.3962327687942746,0.2921553665137894,0.7537606188411209,0.7649312038509533,0.18072749874486374,0.19199854855718118,0.1988962734320919,0.2447839944985623,0.7088230053933796,0.8326559798537386,0.7368694651978623,0.32206172671533384,0.554672521037189,0.3053323043899991,0.6911960060002654,0.2761181609236026,0.3524288716688571,0.32556863589628066,0.3229218033981237,0.2751231439652058,0.5947796893066368,0.5404700400542009,0.2761759002820512,0.8629741012453715,0.6018858274933665,0.2883593157673991,0.463701302077361,0.57824753702212,0.656079381799166,0.2667369549738453,0.47137771077046753,0.5145954223238968,0.598690737563539,0.2617317248394577,0.2912944280251066,0.2530209671254596,0.42373328796395077,0.27562827719494143,0.9259735951074678,0.4417081521404603,0.34719476010976524,0.28891206370599937,0.24437670673282105,0.7188707750518146,0.32848364241970374,0.2809948562122221,0.3572213787766608,0.2840361468098443,0.6621885829711721,0.27293747355200465,0.29213944162771244,0.438673082839247,0.8689968138639154,0.3030630786831647,0.9098921911324133,0.8092691999308743,0.3016942917694293,0.6912954374431292,0.2791126586650852,0.33597983830664413,0.19987801671929203,0.6635823721987257,0.24230194809926414,0.28663404428928957,0.5441922686891538,0.20636966306175042,0.40334235881600417,0.9172075364623891,0.7762133769717567,0.8113827003798627,0.27747211793276255,0.8644774351486079,0.2792121373814431,0.4494152719889484,0.5055425536123602,0.31866689586915425,0.7597818715796768,0.6620524351890036,0.5308872710266866,0.6487684126564811,0.30781917211395526,0.272364435240855,0.7983767948479683,0.3241813083561333,0.2838918632392688,0.3364804314151648,0.2812229936769244,0.26543040366433784,0.6573690372488119
0.23228386661069697,0.26163814767819604,0.790421325413321,0.2737056870118461,0.3281224225485921,0.7476942594138298,0.3802338101920631,0.1301403177222171,0.9528402699573174,0.7584823524839108,0.940767137683764,0.27143899315286363,0.4132029248827988,0.39750648964899643,0.31214446535423196,0.8842083272227167,0.5078655615986116,0.1746575939913732,0.22506374600662465,0.29957041531015993,0.24052997353784947,0.8037265271418188,0.2563160094601077,0.5556095788356787,0.5470037316953409,0.4221483602248429,0.2886119460727382,0.41686861544873105,0.28848733218542844,0.657514791600247,0.25380824330958446,0.2764712710157268,0.2742261750876241,0.48059773610858075,0.3251336880099612,0.30526420900292567,0.2714322533030172,0.34848648460378007,0.4457044837188927,0.33713501553952574,0.28099084758831105,0.3252405788226197,0.5797868034092039,0.284791070073765,0.4429920051298704,0.28151069635776843,0.2931838250830545,0.26801138959136284,0.3022344223860444,0.46842812821477803,0.8879698967661515,0.3393907720176084,0.6943209622338234,0.36152444256588995,0.5462025198512037,0.2762818882218342,0.4663651209459924,0.2864795987044397,0.282235716236367,0.3652094779512111,0.5938047009977014,0.3409835428105294,0.2752291849102564,0.2859461713056955,0.46686014541588416,0.38325580653017643,0.5799250558435898,0.593037904043,0.8661755219091231,0.45427354380187346,0.973459836941848,0.24362603165328486,0.42299152955840874,0.22290780954993847,0.9353466959514546,0.2632294578410114,0.45478988946580506,0.37413263171365047,0.27599970622453174,0.35691006149773435,0.6388480180711756,0.3638877893335558,0.2668164805711391,0.3432360771187538,0.7070690162450048,0.28245391167278233,0.36361751621445393,0.2739449244167939,0.3660181294434167,0.40870345901116306,0.6030054481713714,0.26882598576244315,0.26436710198444385,0.4045175027460351,0.596175888707591,0.7854049670349506,0.29003283606856,0.9002912023572858,0.28009713533796293,0.9515015691278526,0.623108804041249,0.6931929081441602
0.34622844078647685,0.356946852354274,0.5934470042049408,0.25986217740665174,0.3918324096945138,0.4813316579474558,0.2920146945502345,0.12064956696951004,0.9076447456869674,0.500061028886407,0.29961489077530495,0.2915076123734632,0.8325054498796309,0.30536255347912755,0.278868264532774,0.2728012943929004,0.5898497216956404,0.28642606190198955,0.27667962906589005,0.26332974278651167,0.25814612888520855,0.7099448101744297,0.34284839062114986,0.7380103562317641,0.30024248400703146,0.9411044673110034,0.6178085280769364,0.9460129501731566,0.37767035562669066,0.8124083601121407,0.25320416139644,0.7560078368487518,0.2793755294120613,0.9174714567549027,0.45030229733109467,0.2675697370152903,0.2807353180627665,0.3849468203789364,0.5231315204141762,0.5129257375716357,0.46614407972030286,0.30894132737182445,0.6435506720087238,0.8789340301245093,0.5173391558612801,0.6358863896202925,0.27743285727305395,0.38811192302470143,0.6835206771482544,0.467197844379437,0.7810032376151037,0.7406243483789214,0.31825446482284603,0.37531293025637885,0.3741111319270083,0.3107499536802699,0.27727787435857837,0.504930453857072,0.288115825825591,0.6606478688964811,0.5782548818138004,0.5112289102673342,0.7742654615027416,0.4620877096911066,0.5828137616912409,0.7961234752801943,0.5732022536631564,0.3551394745634474,0.8720576477518608,0.30168058814941345,0.9564212717575218,0.41052233555583445,0.39556924869866184,0.6699813582103126,0.8562358315517193,0.26073411973430355,0.28772270936021926,0.4531504670383463,0.28836080497341676,0.49640169423831737,0.624607915402832,0.4182044738756411,0.7730710389912315,0.27303480626697235,0.43603853783390084,0.19095374971854212,0.8648697832275849,0.8979322207371715,0.887728169811564,0.449587948509283,0.2663852579247376,0.34132871774749257,0.4941686272211201,0.3282709525963657,0.2869114010070938,0.8450630926282904,0.30418720687902034,0.49972183441027374,0.3042165851262023,0.29383904907801334,0.5964303240250969,0.6569143403339822
0.2798826080912158,0.7947664420532238,0.3412623712946369,0.21254654559010686,0.5262959961137634,0.4015145489157214,0.3078843054958653,0.12387975838886182,0.9550002806232941,0.709879836069008,0.29951076867515775,0.2555031617927809,0.8497050062348621,0.6792108199552138,0.27995293080222433,0.9224712959189489,0.38805395797599507,0.2093746667415413,0.25281173367601883,0.29814320975655334,0.23260480114090246,0.7930314994395578,0.5986112364175667,0.7093180829729951,0.525299099514365,0.4236608143625265,0.7323020265790495,0.9397808337232424,0.35405048676362294,0.3311229383706454,0.4595319635485256,0.9718744952307661,0.2849603382055209,0.4027523751211615,0.6649238893239072,0.28181839318467033,0.26815882456371076,0.36212355242449684,0.629045927153928,0.4769878399760378,0.5719389805064516,0.36389233238831337,0.6734383351295711,0.3679122932262172,0.3242741755175105,0.5284694414598256,0.2322009603330311,0.7681502512370381,0.6301542330773587,0.49041640401676523,0.8083467361222682,0.2767981353651244,0.6564102793377989,0.3460657834950161,0.28363928997112653,0.41972074503968315,0.6253749605531544,0.4030297991101586,0.2601216531075938,0.3986748004796435,0.37961662702289906,0.3445835809375159,0.6090409951998499,0.42837530419088815,0.27397813941778043,0.3285797618395401,0.6484136737241262,0.2862673472444596,0.8757892162272062,0.3020458707639281,0.38782943102759815,0.28099666795231243,0.31900161852795994,0.6644127857652005,0.8915182021435326,0.2532982907648882,0.34321607859850417,0.4263349194282219,0.3037374616561268,0.4016286393041452,0.6315369241665445,0.41679725687986163,0.7403013801318244,0.27139127532119056,0.4183142691075936,0.23064270110060697,0.3279220495771778,0.25126012540901593,0.47958070733926433,0.3498922443919797,0.2721759759666959,0.7161456935712174,0.26383702815941834,0.35619399568601556,0.7623115138717398,0.8466357936822001,0.7823732120554217,0.7819697415483673,0.49687604617868086,0.4020935823817239,0.8007442810606427,0.719004241136279
0.29742583792962707,0.9513895990485428,0.2705659597756167,0.2660128517927765,0.6915963516067355,0.7624888387939189,0.582053362257726,0.14091118153964777,0.9447826232392883,0.2780806212026873,0.4776920676397938,0.2716768592283559,0.8606328905706714,0.7650256376234661,0.28491849925893986,0.28751643650007747,0.30791496018249653,0.23944979760598942,0.22243581092031195,0.28638528148950454,0.2189018419146115,0.7771142991218362,0.8986438896214961,0.636921214496569,0.7944693029950749,0.42194087646065703,0.8908131061268566,0.9411432663883138,0.3542845141418932,0.307931503032592,0.7612173164307053,0.9596543235729752,0.25154154714290167,0.7649957257706733,0.5049147777300559,0.4958576262955798,0.48194834483957966,0.37252427605689625,0.3575598707250008,0.26258841840580094,0.6474602533439994,0.34387543920223085,0.28595139026689753,0.28860904335801535,0.39270731787243895,0.6460840023205422,0.2562486212501845,0.921819213069071,0.4938793860390448,0.3942225310634667,0.2533723171660142,0.7633888797243127,0.47968036652451196,0.5413593606586533,0.42054385795314053,0.2779180388862825,0.42949489400813884,0.29865549805074837,0.4784221310274545,0.6742440763179687,0.3773305667957815,0.32835987181459414,0.27813993575764184,0.6041705114005275,0.23329786719096254,0.4743774214993159,0.4648908361788048,0.26886833353945844,0.8872290311067813,0.3124682628802494,0.6120117311727193,0.2584206654014414,0.45372000794218226,0.21840491721096747,0.6753977933559863,0.2618451037324338,0.29849269642083737,0.341226150088865,0.2880677069223955,0.398790671017347,0.6237356303300453,0.2881701945075819,0.7983450913490888,0.33592353505317407,0.4207175987260504,0.2613275876433607,0.26963677297985916,0.2518385379389206,0.7582918406626983,0.8465397100543001,0.5255137639380976,0.5019632767166071,0.4444663826235067,0.6482800940543887,0.3748307657470741,0.8168672673190135,0.9522388457109844,0.9334604617462674,0.39290039411182065,0.26421313722561013,0.8639044095082464,0.31061122000853275
0.3028436710798774,0.4190092964116969,0.4659938377358392,0.2983711876689443,0.5020773329888987,0.7901597938501408,0.2789198829892554,0.13669979558139345,0.9247212534860234,0.3681242377808825,0.45983531332316263,0.7130411301863466,0.9150970146321667,0.8766679848719089,0.3209118167451439,0.3144740551866252,0.43154628623868435,0.20642956849090724,0.17883256034915135,0.2490021454828725,0.21735233087841624,0.8730879485619901,0.38550675544670104,0.7097640625631124,0.3279990976476158,0.29273881863075946,0.9347844197103835,0.9268726723307869,0.35325068808208054,0.3806529004461168,0.25693930399791093,0.5985852067374001,0.25958736430882895,0.8375424620809049,0.27094624292831737,0.3290150863563956,0.3308912206949396,0.29745775439600536,0.2787632563086341,0.46296335623006035,0.4320187735709147,0.4913355505705259,0.30477498000522285,0.31776298400579417,0.3392633205752966,0.5624475192789138,0.2999754931208702,0.2705743159177977,0.7629812890543745,0.4651688449652234,0.40975900142439947,0.29973175632466775,0.3594483127762099,0.37395592168060626,0.3817265721712253,0.2758862548352696,0.79735255874188,0.8790942769462041,0.28699919908062416,0.8024172765571025,0.37891819899728885,0.43608359741316755,0.7297819196970373,0.3090615222308661,0.6145381222318902,0.7982898828086652,0.7496933731589807,0.2834497388602269,0.9259128766674417,0.45296292438992036,0.49850132909912415,0.22948675869243107,0.7098579128202329,0.6104102904074558,0.8683617149195776,0.2567489055785609,0.4169648071596171,0.46202738207812666,0.2507342891826961,0.33093825614645406,0.8655553557250899,0.2888227472075483,0.7250291875548439,0.24535873575194955,0.33929185750059127,0.2867176627207618,0.7390609234927036,0.34202448015485487,0.2753271461264877,0.728660997417315,0.6539487403911589,0.3154193738802099,0.6903145358273836,0.2804320651110123,0.26505397385020996,0.7454156134938844,0.6381153086431564,0.42962319563767165,0.42204454818249587,0.8637688911427799,0.5055752176668141,0.34076169712478543
0.28719070077220643,0.26649505847078553,0.365843018901027,0.29244159890607907,0.33521342680539523,0.8032212534773215,0.8250474419518921,0.11822581122249251,0.9371736381948328,0.3946833020073639,0.48445392235337686,0.27206290768426505,0.9234253558172897,0.44643405147978477,0.269412252102016,0.8944329725588529,0.43131329196248736,0.16664795638847682,0.24888150408223195,0.29165033685399594,0.21115147112227745,0.8207091354571108,0.9393317716051125,0.497074091309194,0.5183787355504639,0.28517115272611643,0.8614359611637168,0.8990707725446263,0.3006525997326225,0.5456036648889174,0.9701514098846508,0.6650308000792847,0.2794859625873544,0.3269283785006813,0.5069847006374145,0.6650657168550558,0.28764227837830225,0.3839379920706499,0.6290786669055017,0.40710888918200405,0.28099684669811725,0.6621210737120169,0.6241521813813046,0.35225936629272664,0.4819925318412571,0.5755975035810724,0.2874579929265491,0.7810782149323888,0.5012384789651757,0.5782045218225798,0.4722824631762685,0.29045155855280147,0.9416982891533129,0.41374672596612594,0.4975004999195314,0.47085038691098086,0.6276408172219395,0.4272600748018369,0.5284614409260499,0.7592325125952303,0.5182103287697872,0.3238364367771315,0.5851211699354208,0.6185925371580034,0.4966449549369545,0.6915413505746982,0.3081234539244136,0.34547411998882727,0.9471129012687288,0.654381534191168,0.3889256030605312,0.249632559417604,0.32913058383851107,0.29016203352126274,0.6176388170368294,0.27105859262762205,0.3758734936597899,0.2913783358362029,0.30972095619386414,0.3016003275550089,0.5954080003935966,0.8287039075061414,0.7370739571415182,0.291356073098961,0.8425094192517574,0.23782147541176513,0.8827710845379907,0.44878645875712264,0.2676740510593026,0.7586371089124233,0.5523774081817582,0.5216385468172524,0.4670884254272035,0.41159852612241343,0.26289428113267643,0.7986080019771236,0.4940645633882945,0.7970264917426364,0.2799690564314319,0.508692701695707,0.5996091335938754,0.7854796955789153
0.28067683333905735,0.4252178183307864,0.3045795021325236,0.2580070311624101,0.6908586043106928,0.7956968952988922,0.2656120667767101,0.13217977485023336,0.9303302969627191,0.2937770764506752,0.272246184295167,0.4611964953034601,0.9220372250546861,0.4937854081107146,0.2789299538681569,0.35005094409719534,0.3629239409509346,0.1847478719053016,0.2166238727899406,0.3329814359147622,0.20772919691016523,0.7702858583119315,0.38215281350638813,0.43765900403397356,0.7946208279160007,0.3292732047920517,0.4776276190219272,0.8028277619975708,0.4059477520288808,0.8977369729236854,0.24231083289481004,0.30538664678882044,0.22467741812316283,0.470989453612572,0.9258387458045326,0.4744536761113713,0.3135858066724304,0.3605770444884483,0.9826160186244044,0.3810977610878884,0.5815593110550221,0.31755052385333543,0.2929924951328839,0.6453973005773274,0.6573099784003528,0.26459547193548577,0.5222279951278174,0.3514675233572194,0.6231876514422788,0.5744920272600795,0.8574480431029861,0.5750051075350306,0.90797446345433,0.4294747684744903,0.4919610902082633,0.6297429611622882,0.40560454841706406,0.32907099187908156,0.26774769567544054,0.7283661828247433,0.6141519881801104,0.3806163791370081,0.2909399304982647,0.28712607845044325,0.5628930514455416,0.38819124223481677,0.3110654693074829,0.5925049464510868,0.9210276141826731,0.38404752719887164,0.2937395062791132,0.2834144570372931,0.3258408848183155,0.35809084329203733,0.8816062854736225,0.29595303986996685,0.35130220753820685,0.4102397744264953,0.2858427501355603,0.4732556794907231,0.6384179503504567,0.41769753508361823,0.3262608623986847,0.3530522115352176,0.3282296876169888,0.20958389277747222,0.334313910346187,0.32105886891180135,0.7360646288087677,0.3989854431003236,0.37464072008777977,0.3004550482630351,0.9460762829800561,0.310059172578522,0.4806876471272785,0.8139922073648523,0.9379293891218835,0.9560028809346667,0.6027464417893506,0.34892840457633983,0.4605150232605566,0.6313627373196862
0.2487608227211315,0.6861654465377023,0.5842077771374666,0.8841348769992526,0.2808935878486748,0.5359832995975718,0.5884182101247905,0.10098261386351816,0.9417430065675652,0.3213495400557978,0.43144385574000604,0.3305170935195301,0.8949058218908615,0.5951541890572,0.2913239891567907,0.3505931790945879,0.5089711260242722,0.2512387576103935,0.3258561957299927,0.3091297572948985,0.26903180895009027,0.7051167294215397,0.9495978888867974,0.3755306032229805,0.30941455165224363,0.5527483300825589,0.35325031334993223,0.8589634763124765,0.38237270552309727,0.8072461429433174,0.7947002382391689,0.585755767866219,0.2822600166020397,0.34872169421594523,0.6109245086118291,0.5273924250872065,0.28465723452871006,0.3537485840926321,0.9113199731117111,0.3481575488210908,0.8845797159586292,0.2963124700743657,0.30039039267582784,0.28778648501612997,0.915639399534896,0.6824534329065578,0.4204005115918932,0.29136437486014366,0.6472346941834736,0.5325444560198536,0.5880612621001847,0.693839826266051,0.5749911740723593,0.3564473046628241,0.35561116400262877,0.2956947590468533,0.40019268345522263,0.8542690743040859,0.5420237249822542,0.8145276468952526,0.29842424583805194,0.42208067014492157,0.6425917861528393,0.33665545095691224,0.38258640672694133,0.4258571889469355,0.4934069653603217,0.3936966675664617,0.9057525151346455,0.3233290348930589,0.9748298520549508,0.28615382405391343,0.9261773122001625,0.2701245017721245,0.9625082658190588,0.2801381874199214,0.45475229014448754,0.4838035754864309,0.3118964508138265,0.300807047852833,0.7404451697798927,0.28802812275488093,0.8162259341980677,0.3291542176636372,0.8037904585041539,0.24448968959146378,0.36397442599006596,0.39584953148013047,0.3519670020955097,0.7795829005232229,0.3443539397540461,0.9079975212869387,0.5263692489518587,0.7731629197003146,0.7541126269198679,0.6642280048025067,0.9749143104740454,0.7887869312043319,0.7840604781809205,0.32781993742784027,0.617644042821048,0.7270406577450963
0.2451096325703387,0.38407298056219813,0.29702783457848747,0.20941379394963378,0.32846558428567213,0.5609859252326433,0.5860756951716691,0.09477143831320085,0.9453739542004268,0.37547885310744505,0.5682897308526363,0.4633816305380617,0.8663332228110039,0.4871724797292703,0.29054235564325925,0.2882856041402175,0.6278108719799789,0.24994949482006848,0.3087737881001582,0.2585328928138368,0.26434705502616657,0.8046294549913492,0.4612176062841268,0.7017977691592395,0.3851616798754169,0.4241060968506088,0.37691058832338065,0.9539352955257197,0.26853963133698594,0.4028123229851788,0.2327962470103556,0.5848006398011418,0.2726606993355491,0.886908939099855,0.5051018363508265,0.4031451279979785,0.3783092635745852,0.31948088094305016,0.9482472036661989,0.27931916483118235,0.4761924013118863,0.4089611641418773,0.2742814045709333,0.31658913825808027,0.7810656995196192,0.22443659708732114,0.46100032938710694,0.36294062575667707,0.2587070545931025,0.2715283046919551,0.27485435164750693,0.9445153306563138,0.6674020781018183,0.8693271763108148,0.32641132815986446,0.31689774729841563,0.798453867647226,0.8293726070912502,0.30008201944754515,0.7933333869583065,0.30169771115998567,0.35805478946774233,0.27031462817124,0.5115704133074548,0.22101739865209624,0.37894272305258575,0.2561040606323968,0.35158554532621433,0.932912850298898,0.35359014800478633,0.614270807017451,0.5025429950632417,0.30931373172946913,0.2740890467626958,0.9411682343020177,0.1964103214194861,0.29781113951592575,0.5930024140178654,0.2250673225391691,0.5498048373487624,0.8946201949149574,0.3407770570815562,0.28176797433521644,0.25972321593312075,0.3551005589665565,0.22037019246614353,0.259180582764773,0.27432218570974837,0.3756990227760836,0.7836638756114374,0.24718924763921096,0.7947615103061559,0.590403321693374,0.8512435258837833,0.312276070746873,0.7820278379152825,0.7129310317497851,0.7902959072569086,0.9270345687058545,0.5657838063837568,0.31749425909587076,0.27434194805070616
0.30655573800434344,0.39193432628869507,0.7384364572495947,0.21919878353504324,0.7867784029343758,0.7678829687068287,0.3081296753418044,0.10506869866473409,0.8978767611594805,0.8129030839944162,0.36011355863930583,0.36319106142627794,0.7579357472509053,0.317127794740285,0.3201131945093968,0.6589577271232202,0.5115835407500012,0.25200749201461364,0.1952740347921892,0.2874961753634074,0.22504701211957104,0.7850366194082347,0.26944022248117555,0.7095336500349543,0.40951159305215373,0.9610079652250598,0.39520793527013487,0.7752557129196204,0.32621644584390586,0.3141686809656498,0.25356218733680264,0.5475286620990818,0.23005327123905034,0.4830604095865912,0.7842785820912715,0.9041648916781347,0.7710116502859174,0.34732178550744147,0.9865888766018434,0.2705575024571653,0.30753830820018047,0.5026501245750407,0.637923224319801,0.348849799230836,0.39234830485215644,0.4829402727230401,0.5819662872209742,0.3050208847223354,0.24963694250977944,0.33564368299934694,0.9167138883266569,0.2770795063559106,0.5599810339358434,0.4511205669185194,0.33413845805449666,0.2892512126649149,0.6259847619091381,0.31320490341385243,0.26762041829187594,0.7339756734959055,0.4642323386750683,0.6279090702182871,0.30934314060249724,0.32426636340497494,0.575239974830123,0.3427423337323123,0.8479170771001618,0.28659116306833055,0.9312718789246893,0.4545947140449264,0.6169382350783975,0.23620715105849777,0.3587547363339326,0.47262235318388607,0.9009664009439035,0.25444159941345507,0.3440655659864204,0.580157122960497,0.2678147870251592,0.3284614060079063,0.6354531034959606,0.2937123595112426,0.7456920334907627,0.31027475909537017,0.4916924073147955,0.1936993198470376,0.7430863487222902,0.7403323813799765,0.48091831995600554,0.8724173553680015,0.5488270100494542,0.4600482478580471,0.4060714417536144,0.7825168212472624,0.5970803404224425,0.836507722967463,0.9265660586750436,0.343766966061473,0.37550822054463745,0.6286617403261704,0.35607956489518094,0.7101443445417875
0.2935186953814297,0.31404236640405103,0.395855082785615,0.19105051152016828,0.4591654375145717,0.7853210262727294,0.7522810251437316,0.08978266648380002,0.8212222804079041,0.3285634627194563,0.5591715159280939,0.28145747424290224,0.41763022890332685,0.3507956785148729,0.3823609962396422,0.9269833521680325,0.8982663188237727,0.20184204596440317,0.23697312373364054,0.2881976608512042,0.22095183277849778,0.7783698395458477,0.63136732329704,0.7195879302624059,0.38283437556478395,0.458825611091287,0.26097823384469243,0.7965674739675475,0.28497461636417165,0.8201194300152844,0.3378497305263421,0.9703165174765422,0.2583646528932734,0.255928000297201,0.2702415141723884,0.5229655414028537,0.7987724311123401,0.29722494519850484,0.9797932063297768,0.2749686450743182,0.2602517751311925,0.2956688276515929,0.5766934097087065,0.5699083404185632,0.32609369210138556,0.19147692282030013,0.2178725818594997,0.2915256845916308,0.21530234425256495,0.2731117100615956,0.8310479749156229,0.30031055648880156,0.6605980579737047,0.5162677227243245,0.5144026929056019,0.24583496924281578,0.4433582635294775,0.6224650499275795,0.6016118151222554,0.7178039137001726,0.3785448956246291,0.3580456130679174,0.5995658199708293,0.3032741269805479,0.5078080648599859,0.5835793429509746,0.2978569893251779,0.46265193133781374,0.66172409761008,0.3948420049249344,0.983616259563532,0.1934286268733873,0.45675346553608054,0.933683626132357,0.9001756844638269,0.24646254419418814,0.42101530233395457,0.4897326597417636,0.2682023749208058,0.768444438153875,0.6930559408752565,0.41906558213623096,0.7118561852792411,0.28707263706642927,0.655554978260407,0.19946045796574932,0.4551582897505122,0.83372293502198,0.27748539454939886,0.698335505510542,0.42048503855160446,0.32252855967826083,0.5968153266179489,0.4056411813521686,0.42172449972914033,0.827077753342127,0.9584938909063331,0.37292398372857,0.7313068730542016,0.34874407395816676,0.8633548715526322,0.6386826779718585
0.1652024113495991,0.6339970720363343,0.6540413098892184,0.8709035366697121,0.7937336475869685,0.7805334094036718,0.9568439878707937,0.05988560221708401,0.8825088887153187,0.45964350217391536,0.5331869642092751,0.3331986559599649,0.8650742279895288,0.3624255156099043,0.2687359251262198,0.9107173348187058,0.41704128061657375,0.14427607807376963,0.12052650177282406,0.1696123182665625,0.09081717969024797,0.7280103893316985,0.2541840309816717,0.7094353793533702,0.6479867977996614,0.5783581010736059,0.41969131709910734,0.9073715382719865,0.29072343446146404,0.9858301621296155,0.37329747859743223,0.3685952597897313,0.15347749192183757,0.4673316513261231,0.31979863415232496,0.3021186723582753,0.2697928135814517,0.5063622716016349,0.9821518374035567,0.9575391922422424,0.6379832535081603,0.325589368800602,0.15916713495492055,0.6948768533470598,0.6168544979968718,0.4065191827602068,0.11217221571920376,0.36530387071743564,0.5920862890478926,0.2936267110755299,0.9347516803968905,0.2815836096001479,0.6557119698477725,0.41483413936247815,0.2842100118658508,0.44078014146967126,0.36547756873876364,0.5460336493532381,0.15143489627613058,0.3806834622200166,0.5625305353908039,0.3793059199987345,0.2787712003180887,0.3387878680568916,0.4745602327778743,0.39077946754354687,0.8193513452843619,0.36062935198731183,0.8528542624082402,0.8584869589197781,0.9667567282646999,0.11027190221572551,0.324039493494045,0.3060073492552887,0.771200479730844,0.15470891479852755,0.42156292763438596,0.49320174844193365,0.94598824854859,0.2975116091583574,0.6875041042114436,0.3013978654383647,0.3259574967544824,0.15376642098009563,0.7638384277297181,0.11346449595780035,0.855650067626734,0.47319170795104043,0.6028082518761765,0.7799049355385962,0.1454279341248112,0.4057979913546819,0.4843926805607208,0.34999060519446057,0.8268843491714003,0.817650736633412,0.4485115948673564,0.623885619877036,0.9028878410792374,0.4026447144420575,0.35503589175540257,0.571127989817968
0.1546613253594492,0.4154898046996234,0.2764880964770663,0.4331993019893437,0.32892998999754175,0.8152708170945282,0.8826149511852488,0.056772406715670194,0.8820799036966525,0.7646810913560279,0.7518824692933948,0.2611948077663228,0.8500876073125655,0.6454368130187261,0.6406783259222887,0.2711686712906525,0.41880998419776555,0.2765936754768061,0.137767153388239,0.1790248405137224,0.1254315207119813,0.8341643429938812,0.5087319883686152,0.6938301226818162,0.32527819129909147,0.38455432401757467,0.3300714812930298,0.6599469939414644,0.27315029138692576,0.31258453016825266,0.23223707033246446,0.3902432724004476,0.13394981279460688,0.8959527299662811,0.587832106157934,0.9810340428656679,0.29144796483258817,0.4489904427739313,0.9677985094417526,0.9391739746722512,0.8106810434283933,0.35365192760604675,0.1438216097109836,0.8006266851409465,0.38075644562303035,0.5574014531491387,0.17633828235857651,0.36162208497765247,0.5092166176552085,0.4682814837722164,0.915791418728006,0.29007580348382106,0.8895627510267848,0.3609792526372074,0.27579711771284626,0.5301088650122057,0.34910648524987903,0.9742431544387835,0.16268313781355218,0.7603234068353282,0.6312036524161502,0.4369680139206966,0.41235995379240137,0.30002867372322856,0.5589906776374868,0.4842677076581764,0.7516554837988538,0.2640844678251429,0.8174547046622078,0.31505270819196046,0.33450455200513235,0.1459749499223308,0.3214421043432829,0.6826749880974197,0.3334717194376165,0.1462850232798176,0.9198731721063738,0.3198869932043258,0.13365842755454058,0.3019258791756781,0.5891465936866708,0.2869698351025659,0.6112868373436569,0.13065016084586492,0.7954822890737058,0.1210620354413349,0.923976644382758,0.2735521378809843,0.4095272984458877,0.8773198167923322,0.47738578433962736,0.3117481249008872,0.30997788479950683,0.7810802782942261,0.4824278230149988,0.8713106673266673,0.3018146654249218,0.42687170218420906,0.42104129317009936,0.39563628309851173,0.4458505401775835,0.8468109223696605
0.13563029214804823,0.633210903432278,0.6001966836007704,0.15792238488289664,0.42176931560700504,0.7617480677567994,0.8311183143875671,0.058794600535755456,0.9022777677787105,0.29970104494624544,0.4616395185074789,0.32442535748476187,0.8487077163155617,0.5701938217084479,0.4121045848960413,0.36917668425809963,0.8754185408358774,0.11466844304490866,0.1354976966446136,0.634889697349531,0.1422335048451559,0.8910469501362758,0.47313371572138396,0.6577243946163185,0.34181687438055025,0.2882740257983079,0.5262063552666599,0.92997960660611,0.26389272740473974,0.6461957485328522,0.4446584563631875,0.2760134182006442,0.12397649993539761,0.5855997472163287,0.27547998238165433,0.28998351101434433,0.5515033113539551,0.4059772031502274,0.5214210965333297,0.7677383856908224,0.28739042190361686,0.594627916148963,0.5469739209637425,0.31932968824096364,0.30463932845262554,0.35815727053814955,0.13646032677266937,0.9097480504195203,0.158732373000256,0.7168386360072505,0.8983312561288285,0.28540320910501366,0.4206914836248651,0.9386867508560685,0.29496637012568205,0.15322138181098072,0.3302211012329469,0.8428695521629219,0.1518074253149869,0.3528774518262299,0.3047324398951297,0.31287334859988347,0.403483832412246,0.5006434994485196,0.6044490337109921,0.3797536821462531,0.27540793354809445,0.3553583963966563,0.8720122502374936,0.34580185233951327,0.5499413405631207,0.18731781606398962,0.3092102395725998,0.5839794183069347,0.8562167708542663,0.1470016741688043,0.40136055686016686,0.43078279641881034,0.11669733348431902,0.29343807615257655,0.6351379169588033,0.3552721971859883,0.7050855897771189,0.1405445205920087,0.6913322715157839,0.16706695476957836,0.8919286696345899,0.27328643497183736,0.3931645913188377,0.6855837063571699,0.6195180055244435,0.7012768166227527,0.2831578288118705,0.96663496410574,0.2696570361466405,0.7444790014267043,0.7407115705086766,0.38321270226514864,0.46905101798178456,0.6363552130251011,0.36483425734265157,0.8281930728501468
0.13436468397665227,0.35937443986014356,0.3417855792483408,0.15542590337870324,0.9471441091719013,0.5972381166472298,0.26499058136162434,0.05124793679198933,0.9314648781361325,0.3671227941429287,0.3860418071526886,0.27536754930185875,0.8726859691383483,0.5772798303469293,0.4498668886835696,0.40264282203301044,0.3026486578669341,0.12816436349340843,0.1663969049150929,0.1416893996839544,0.16742023191166908,0.8785954213861953,0.808200717195308,0.7456583741632573,0.453244987587632,0.927925772273855,0.436831042830284,0.9368582918466947,0.33221025405253957,0.8840323523941084,0.2530349717998692,0.25510058999440766,0.13935604422745493,0.7602581591787502,0.34625510674008053,0.31274019382685375,0.26425431597321647,0.617079828502539,0.9490799985452326,0.8154799129409085,0.5250348602738928,0.2974214711360221,0.12514327045665585,0.3359286780785533,0.34166498651612665,0.5866598884150258,0.1775936836514028,0.7511828951063723,0.663305449855356,0.6496507501293524,0.9388282034677251,0.33459350613490535,0.8897096131712355,0.9492134316063897,0.7130830529772951,0.1837365429250559,0.3262724580309026,0.8264264369158875,0.1514028441380486,0.3418366799237832,0.3507951952543692,0.9552924529026808,0.7955058810558824,0.8833822129951838,0.5788100856706462,0.6782959032753919,0.7530280574946142,0.40043087437519626,0.8618010858774492,0.31237240905269714,0.8734442669049046,0.278840406236279,0.6764919864546906,0.2908593713304694,0.28758170092430324,0.11333930053778485,0.8815052158443634,0.4149675619450176,0.13197426507828258,0.4233803116657305,0.5088832315189683,0.2711666328467618,0.8223322468804877,0.12742156751001324,0.73618363700099,0.10190691282587319,0.6732400829275914,0.5279731717276673,0.8510754131481444,0.374184381854717,0.5629346757159551,0.26979514324121834,0.3318595658917655,0.2786547395169066,0.3870325823675158,0.6637253466316696,0.5337099883916182,0.7794135033009131,0.4939378739078307,0.926675670256464,0.2782958772682263,0.7040841126700863
0.16498706097273946,0.959915178820206,0.308459507328819,0.38489905911607863,0.3284862843606544,0.5423718612332151,0.7463352901286974,0.05442519870083863,0.6265008549216271,0.42394542217319003,0.9156393893270784,0.33113086552787313,0.8943680079440044,0.5865669038242423,0.8390347605233979,0.4204259710938037,0.2884660185330526,0.14415755212317818,0.14748793034771102,0.1786920799366531,0.14696542714206487,0.7499380384879993,0.9616196088943962,0.6188547698279869,0.5191806647299237,0.42367283662971084,0.2612004015637302,0.47310951782682553,0.39633098190017607,0.9354412149305037,0.23213308352995304,0.2769643196291848,0.16832710148766078,0.26127328163915786,0.6198412282207769,0.509742186313092,0.33221308279601736,0.43396672487510457,0.9806801889445399,0.5750435433062516,0.30959647175332455,0.296430690059859,0.14554645467734553,0.8939242471913708,0.31407516331036417,0.6748766755298596,0.18306090936609115,0.7520836721236344,0.7147886808648617,0.2838925390665236,0.951790812667669,0.9405232656270652,0.9195149008790554,0.373386806982076,0.3917274091587373,0.18344137285193063,0.5590794380456,0.28214322957297927,0.17601296689878557,0.748711892273552,0.31853289789527445,0.3256108940853221,0.2762526866760179,0.812453596275592,0.14611322924553566,0.40210870636184887,0.33073333126542426,0.39452882162867065,0.9098934174746769,0.31295398458564605,0.9798857710269206,0.16229644390108294,0.8589463092335277,0.9576729668887841,0.6307119418857295,0.14937469675929804,0.27848719973958036,0.38110599960932173,0.17509718335583982,0.47216394870895545,0.6018829830315944,0.274940702409652,0.5802999763641511,0.15781254013729903,0.33715139903539204,0.1248320530380726,0.9525436554882036,0.5964460777353894,0.855440797096927,0.3956119073226231,0.599782967322826,0.26901450942181954,0.28453767760285487,0.28044482200306076,0.4586903821055081,0.8025858312857027,0.2858560120000094,0.6158786979680612,0.834042661931283,0.6012399264068938,0.5106671631499624,0.7063491376751807
0.13820066022100114,0.6415644150621355,0.8041987513564536,0.2800575094336892,0.8841314868967758,0.37574343507808833,0.7041787269963593,0.04646464796377674,0.8987270873522475,0.3120259501472444,0.8637570628878162,0.6107381584717683,0.7715028013933873,0.39574236607598046,0.6348530793449378,0.2737297324007488,0.2914910524956912,0.17518130875705004,0.14230793183537302,0.17733038080957836,0.16212205826735884,0.8162798080206771,0.42076891734705446,0.32141037281806173,0.5527058951694295,0.2806430140263088,0.2854323564669559,0.829200641195952,0.5864418353786007,0.36832845457132324,0.8344054584308596,0.9175356657951648,0.1466946899777,0.8544710634263318,0.8648500312584144,0.3346372095907873,0.7590337803998908,0.29715584467718326,0.961427194506169,0.5850872997151698,0.25844539818450124,0.28157531910735506,0.11030844606038258,0.3140674340302915,0.8762335679564498,0.27483393719711807,0.13834686909211083,0.46171479552216466,0.1410266049892765,0.8715293944346475,0.8049495050203761,0.27663223513200585,0.9341125593061329,0.385524373149902,0.35163147233558184,0.1109377004609682,0.3598361694386231,0.42391194948671534,0.15958252447704255,0.5047022008699562,0.8164249720253923,0.3003986268501682,0.7131823118841397,0.9409161697190014,0.14685270524346428,0.3795042369051017,0.33012684182358154,0.5865093796575693,0.814743102398984,0.35238096372235483,0.8717148396159345,0.18736831009400148,0.29453428135868454,0.3691730526221045,0.9166902744946257,0.11322507572415641,0.7822501233794004,0.40137003856424397,0.17929753211026578,0.6253069734623522,0.47329251906829345,0.41753512328502373,0.8407448817496205,0.126355558106571,0.7626393248411494,0.203564838442384,0.3764298231925578,0.34942299256267484,0.3274555489798611,0.7596529270604687,0.12150700438157658,0.3231390145464774,0.35279916705532455,0.2906517318169951,0.31031245623941234,0.8822026255807062,0.7919512555092104,0.32864285194988907,0.9179962142242679,0.2589028070640337,0.8886274346282599,0.7433406174448081
0.15516250381444682,0.7134710883388156,0.29913212373221226,0.26599571823851986,0.878719083805817,0.9339190303471706,0.8736919991218259,0.04645907135462784,0.9435065464762827,0.5505091477764161,0.2723477405396691,0.28371355317708813,0.9194235538553027,0.3193731583362471,0.29107941449371133,0.28846819817204367,0.364757284999217,0.15015460535140343,0.15665227944374632,0.14331050079804802,0.15398486028865352,0.5933007774179743,0.2488606869289396,0.6975974082752291,0.5400477352242166,0.3295834534681358,0.2837070897021895,0.33108571338229625,0.2652318897683377,0.8144437633649286,0.4368170895253593,0.30542668625712976,0.12959002753783858,0.28625693404346836,0.6953936070354276,0.28468313661322603,0.2849477672689733,0.3199160081164064,0.5140999305151441,0.9481125421633554,0.8692486172457093,0.49211540710811774,0.48455949269371446,0.6505176803010336,0.34015419702418304,0.6922897298326273,0.1313760846637596,0.6159684249642399,0.15043393142928485,0.571229642380717,0.5269561580318235,0.3642256811274553,0.4034524928464155,0.41369195631578,0.4230270090418911,0.12293930599083766,0.3383305980560248,0.4247600122971482,0.1567594346026186,0.38458776234547837,0.2847549110752235,0.4195277736349342,0.8080690577539622,0.8792588398645912,0.1665079128216786,0.910319607659239,0.30663347903558097,0.2645254857938123,0.7943252679778465,0.3247475655967726,0.4165287886204245,0.16689615066280755,0.47342458064755805,0.674412209663186,0.9546857777274802,0.1123513769379208,0.9157694446097108,0.6506393063400274,0.9697019416657539,0.36353756748490684,0.8754404323713979,0.9701659838968404,0.7600726470110809,0.1669148936991655,0.8672412690268693,0.11990666862602452,0.8683424125801562,0.252922133965436,0.3630522044489476,0.7807140118787188,0.6379511851804569,0.48470542096914504,0.8024417962349154,0.2620423616595248,0.9541067763174068,0.8336792455081014,0.3254595679108327,0.3492583399978023,0.28566874139739995,0.25859312319237304,0.7532689226875285,0.7548239478488078
0.14702018294233934,0.28879443374900954,0.9646216915983018,0.14212679627445424,0.3467577772315758,0.4773096212432273,0.938857515685229,0.05168220245870745,0.6597052993559798,0.27829387322940924,0.39041393277173525,0.30116857962040666,0.9541230842876527,0.352743872159192,0.2911945741889538,0.4837306848814188,0.3094584711561802,0.1550989674024408,0.15081058932831035,0.16877219478917474,0.1343158220709032,0.7926435065599738,0.38838861168431027,0.6088291669129496,0.41275201963337266,0.4245383186824024,0.9463757395668355,0.9088346832136702,0.597344864333182,0.5019385446837091,0.3733789194604833,0.25521429955922864,0.16580673093189296,0.3011851496812437,0.7905403544015185,0.5701030013817409,0.29015852930137104,0.5311153738668931,0.9732413139683486,0.7518306552738673,0.8302737833518018,0.32666469022672984,0.19307164021864862,0.3029058540154925,0.30515782818519827,0.3975667254989238,0.12849350964436676,0.2797192911419565,0.7758562242704142,0.2740884373692573,0.4764026838771585,0.9623091588386251,0.9376396168063783,0.3543711749116859,0.29717571189307646,0.17358324048912663,0.9119237202164457,0.7934357383854937,0.14049321126109146,0.8258044488932516,0.6394530839488374,0.4019076535923112,0.8054061682685204,0.8965947935932644,0.15299229121220842,0.43186320686890095,0.5883660824800337,0.39852684372460545,0.913832922758713,0.3977838297687689,0.5244791696841962,0.1525324797452696,0.9275131052539562,0.9679197436388686,0.3491204856898355,0.15499350225112424,0.3655734269057097,0.3057166578178824,0.15095571028001312,0.918162749555481,0.9116720090364857,0.35924431758729075,0.4027411563371148,0.17614529725616143,0.825004077341157,0.088666037884669,0.8948141087876901,0.47033392131846685,0.2893347128126484,0.6055000185077567,0.5427766888825836,0.4580952274498509,0.40822698579590394,0.31939216347000776,0.2810287131996897,0.7877268136667922,0.6424437640693402,0.3295831172155829,0.6079402234239031,0.8822092474875467,0.28844708177400213,0.7713099762119267
0.15854328324283354,0.7403938080796583,0.30556748695863767,0.1573825777451671,0.4234100063918245,0.38039892511981094,0.26811339907493165,0.039277421721276164,0.3900766478769513,0.29929156267325013,0.8979301786511705,0.41029125369369956,0.9220034212061943,0.294271915612791,0.3185773228193452,0.9392884827584641,0.3380122403192235,0.13874073414566346,0.15237218232113828,0.16862519858486033,0.15004527840077303,0.762457675736547,0.3888972296094919,0.5936064082010334,0.3632375627991814,0.8100423232211669,0.3774615752743819,0.8869813749265131,0.9152408711948675,0.3048350654015986,0.29004900258919786,0.3025983739124545,0.1471858644041079,0.27833102136978877,0.4263091810159666,0.2918631776079208,0.47871108765519776,0.38656039445009216,0.9838176204757778,0.49987183078853725,0.8228227884765418,0.835345847683988,0.7282972443486514,0.4796669283509343,0.35440550277618793,0.5914721245514281,0.16471464868472105,0.2988432935247276,0.5395560357531899,0.2648809857716045,0.9119896582149128,0.300097073297349,0.339055536129831,0.9024641050669945,0.36030681846203394,0.16478053181092558,0.3287327158120139,0.28155701730212657,0.157161351683726,0.7529917873534929,0.886793603084649,0.9108253049194337,0.267768683238136,0.8035099546540886,0.56158586133688,0.6936364773015806,0.948039412472077,0.5881319393257357,0.915834233087837,0.3244862747110364,0.968220539422585,0.14913119592931712,0.5438128684763439,0.8283675799302266,0.4240985111385471,0.1108947937872996,0.3071936322645896,0.33832400771496984,0.1352080759404208,0.8526066526648542,0.8372214716657579,0.6108823833303169,0.3994869033523524,0.18640474697277565,0.9130200526300527,0.07892693974213826,0.25225097034857963,0.34328222007882764,0.8744454932662896,0.8297320559586543,0.6503121603700065,0.2883245021356528,0.2843714670268286,0.27103689571997525,0.5331368419565491,0.7036116731164355,0.3367721258095164,0.828451003973245,0.7461611560761265,0.3474939868376114,0.3826591220268479,0.7122818651906994
0.1523934820835029,0.4271239693723452,0.7441998316140472,0.1723563493880662,0.31597952610730334,0.3997504279598488,0.28427178036486733,0.038226253893126325,0.9468969718655864,0.810181239632086,0.8727669636198174,0.4679857326763154,0.40652250533686857,0.4002326863606097,0.2939391263326959,0.2684009570882189,0.9617857802813905,0.1509047754542968,0.13319757393329895,0.16037840489090394,0.11539909856909583,0.710507686289618,0.6540053877046983,0.3297025078504601,0.8118056705146558,0.9845253057000054,0.26201012087687514,0.8742010374953971,0.9521419099639195,0.937618101501637,0.6710149111323854,0.376616296879705,0.14139114291182206,0.25546911413858026,0.2888148986542751,0.6704737539651604,0.42635078782336056,0.4147857820066513,0.49012305732322553,0.3393081401763539,0.8798154931635037,0.49380931794101435,0.16771535400816154,0.36024919249489745,0.33293203967431745,0.1626469171769596,0.6342176987287403,0.6148343679458733,0.7542332877374687,0.9797469770571458,0.9687531076856359,0.33376172196440507,0.8157449968018254,0.894842040024833,0.30511115629054536,0.3466632542131626,0.432358821837044,0.3490096571475154,0.16375064889185026,0.6870956362206765,0.28506471797275496,0.3086244003471915,0.545414030748539,0.3113042327112506,0.11350078356335427,0.895498322720233,0.9729891085458042,0.928093140030943,0.7669443742355887,0.30483856380187213,0.9908651245997097,0.13622343121547356,0.9379630165400612,0.43964396646390724,0.5433897756706514,0.13174163958815346,0.3042187483601092,0.37332321918100775,0.1338348203822396,0.5643701266992178,0.8613549329370257,0.2810659768647418,0.728764352702124,0.12954203482606588,0.9185864549974417,0.13536078028350776,0.9190092045166093,0.5867809933077057,0.26416961626873264,0.8443098804214072,0.6384060948596836,0.2888108563367354,0.37414710627202824,0.8032726640905639,0.967587617919809,0.7459411770651226,0.9242787388612875,0.5106642851193242,0.36322751377160906,0.7264709779824788,0.3577434272957404,0.7459648907956555
0.165379948207854,0.525562104243104,0.7568805334715917,0.13617589733821367,0.27999086674633367,0.4196012298675497,0.6371024174046649,0.04385196660300644,0.861528885145252,0.6244234782769587,0.9823943070434871,0.26201273383252766,0.9347805969821292,0.3214111824753581,0.5512724518940784,0.9633591928733822,0.3052731848148722,0.15064101089721418,0.12864379185207367,0.15024085990153682,0.10744561735187277,0.8062548280165994,0.24984888717888937,0.3545339168402616,0.3228906627678501,0.5917249644921462,0.8771305629230307,0.9157770160575522,0.3210675213333476,0.9793233401550884,0.24255823282663286,0.7174282857006529,0.16761481009832513,0.8777509762753389,0.2955544273513518,0.8903314078465969,0.737396961834047,0.3476112087030858,0.9741745581813824,0.42723965122720636,0.9432836341598281,0.9431502827751282,0.15568139585542404,0.9274223595243859,0.3053826314179913,0.5307561598549025,0.5812304529513704,0.47922181982341233,0.7742236563411959,0.8796862443057852,0.9501460226972306,0.959196544005206,0.9181431378477772,0.4067177517349428,0.27503372743142007,0.147207258232282,0.9360982298126039,0.5085541738230972,0.5616828847131051,0.4045645082874983,0.2861527764415979,0.3139527436304112,0.7852902550424761,0.43910322537784735,0.10165701498566478,0.3435553293681912,0.3221213998304274,0.2752539153250243,0.9493829329525373,0.35452200077042545,0.9900826757167076,0.138285051633182,0.3467210748478159,0.4716889621345593,0.29617722811019986,0.12808143029581323,0.4234596126447123,0.7642315668645142,0.16334620912557435,0.8983438037698009,0.307747651262066,0.293808154978758,0.5258348476212312,0.13607694097736753,0.4568876642265777,0.1253652761711995,0.8855565530046778,0.30309074472107267,0.2890804307468261,0.3491213609629248,0.4656764459700783,0.4848493184039368,0.2895366245704016,0.35066933595380173,0.9824922644862013,0.8182158390986266,0.3782334393452623,0.30498649150080853,0.49968586033632667,0.946507239453522,0.6063762197567493,0.7129564107754338
0.1640407609725251,0.6021680435714747,0.618233332473541,0.606812378610701,0.9846336621360772,0.44125277102857713,0.7649086289576862,0.048034604650837004,0.6825262846979452,0.5050048454535229,0.515514767886209,0.8524930986056423,0.2511398739979045,0.5987886493170519,0.3575436972592426,0.8934267563165014,0.5143083042000621,0.15360250399322586,0.1561889120622327,0.11266813630674875,0.09311368280148268,0.7707551418268439,0.30331036267906225,0.3197703816038072,0.34198804327570126,0.8627808212752672,0.4834117140888684,0.3730615963307718,0.9113266042906152,0.6653885903188794,0.23717631721159424,0.3552312358479493,0.14286953941319325,0.9105566075723763,0.8464713371461575,0.9858550019257909,0.4846771433966078,0.5105132684090486,0.9750700160604443,0.3372100500075414,0.935729234393645,0.9677732669161797,0.17834084007881074,0.736172366347264,0.5146181008707129,0.34325916780862786,0.3701828035809319,0.26894537491424747,0.7505052993869608,0.9209827951499243,0.9841051611491556,0.30399181936207487,0.8607623328977825,0.34585550141644117,0.732051891697648,0.150726611070682,0.4301626300986407,0.5910881509992423,0.1780814100815859,0.38415047722138124,0.29417267121445945,0.6450771758303774,0.5046747446984331,0.7742176365330777,0.11642104582536687,0.40620517141785184,0.862540923954534,0.2650096490884074,0.9085972795327402,0.8249420511051578,0.9927205616732112,0.13114649687539132,0.2999556441978315,0.47008264351909657,0.4917334827457735,0.13279393798317615,0.3035243720099063,0.305637085154427,0.1521845921191997,0.33830198403848305,0.7667933339685999,0.5180661849725263,0.26452937985505287,0.15626934828786265,0.5985383916075756,0.12977807378055714,0.9404297079636293,0.3421302611396625,0.28766211346143,0.8344439127978849,0.4924906089741045,0.4079780415208427,0.4774366760695882,0.9732670615293184,0.9076202025856106,0.8864023006823372,0.7201489593600592,0.4656942785809542,0.29170873670708514,0.7596084857914042,0.954255433669422,0.6822107882866976
0.1892052271312302,0.27548964174636764,0.26098012869789095,0.37635812832956234,0.9643364885055377,0.3540277305945451,0.9446391078314289,0.034924790232520576,0.9594627879441737,0.8756465564726934,0.9709866387216142,0.46740014430726484,0.4798269785834896,0.3160197244155583,0.32029748889636434,0.26882423054164073,0.8046674241124874,0.112777659218115,0.12187542395080608,0.14341405124039347,0.1537666639891703,0.7831567564756181,0.3883505202201558,0.3468445853250023,0.3674721376472334,0.8791521346519274,0.7723157702552597,0.9493912551709628,0.9618466710986949,0.9787725683671261,0.3214837553647505,0.35036217584170826,0.13026043766424228,0.4410848012279161,0.9809696178756053,0.9804816721152664,0.9082014250609111,0.9396089230996586,0.2908717042322526,0.940302315011941,0.27705884923806257,0.9611426121960558,0.1669149235285011,0.34559644167001446,0.39291087764267846,0.5273175955871834,0.14745620537151033,0.42148310671697603,0.9090081141481198,0.33140072131308,0.9509067820079379,0.3550619954754609,0.5226662943519246,0.36318553139414494,0.32044509012578165,0.39561518991983385,0.30087456793149675,0.9502958129461108,0.15763867951525187,0.3585481919892893,0.32821474637925596,0.34303871603691716,0.874561134943925,0.31432289237303745,0.1509974517780376,0.589974993978251,0.9582947281405081,0.38131462547555844,0.7470428534350846,0.3600436903453285,0.9728081698077367,0.11542357240192744,0.3017728123981696,0.9675449902999171,0.7579650734704385,0.14910874018546275,0.29717684166936487,0.3896392605118348,0.12032564793398272,0.3007455986488268,0.7296788485747843,0.36389916072287465,0.7877514839919136,0.17346281248173262,0.3162645154030895,0.09599061056975709,0.7199579256439548,0.3323209367040467,0.26524238892566343,0.79876403070026,0.7296142417010565,0.27849380788842887,0.8641832576090265,0.9531281612867005,0.886773253604688,0.2977843158641588,0.652318485465259,0.9277497567963151,0.9085728134943546,0.4874820740111215,0.9801003121058194,0.5505865711759889
0.15336945080678865,0.7022630667199077,0.9798432346059284,0.2567115431311866,0.6618242934918181,0.514639810810458,0.9508146534454887,0.030706161830863252,0.8434903747806269,0.6976729064869779,0.9839005980270096,0.4230739811138287,0.9325488085479474,0.5870758208920108,0.2891991665919446,0.7069849499253185,0.9807692384938216,0.10374958994669752,0.1458381047242517,0.1332308340062529,0.15459078702257192,0.8162012886555168,0.2596754570444921,0.7696713650426642,0.9332274208997429,0.9789006488177787,0.6022389860116342,0.4066976488134817,0.9635624413709887,0.959569142418471,0.24562297789114038,0.7694115378663104,0.13111768997068804,0.4631390687448957,0.9765937436260909,0.9767638888892656,0.5755184426239193,0.9480410208105227,0.9784620662436376,0.922873434228717,0.891389671631284,0.8704154327107789,0.5012162109220422,0.9447637710878608,0.3530832388783682,0.321857394009734,0.12103576175103996,0.8010476929090373,0.9122540974648862,0.6200332370316961,0.9802761781355904,0.2775320436839517,0.3721315198189016,0.3609277666820702,0.297943299993073,0.13566475854168375,0.931678080586382,0.9414094057348357,0.25395334182944507,0.45064426205526636,0.9490199341511781,0.6452649220280702,0.8361875748944821,0.9437190450472966,0.12774952973010995,0.43516865057224935,0.9725442679102584,0.9494510342252019,0.9576396514192382,0.35592927299528854,0.6274438154147384,0.14257049281345197,0.657881070179971,0.3231115327725285,0.5972085201719246,0.12653540011033945,0.8989460982725102,0.3907185251738169,0.20404804100967824,0.9226546907760387,0.6238699262387013,0.5566580512645323,0.911133598832371,0.1228655906813534,0.5107319692505793,0.11481536293778447,0.9799260596718399,0.3978565824621741,0.7469914130752939,0.8498053373364475,0.3518556062974386,0.5386771358588305,0.9702959449262076,0.9452588964595694,0.8924472193229429,0.8180633260445522,0.9616268263530904,0.9543102496844984,0.4985093177499852,0.9766559903743406,0.8942043575963872,0.8865368271068759
0.13237471275477983,0.49901664880254737,0.8692685346204927,0.2170486153090004,0.6234180730552216,0.3812108390178206,0.6803662236032775,0.03119286440713429,0.9548795376306808,0.42956890435138173,0.9830116961317881,0.9430190592356739,0.3256549181833185,0.896853305389687,0.27020197218876374,0.8791401918688344,0.5146506700793133,0.9426416163913823,0.13617602562656905,0.1361142217401339,0.10211925160923585,0.8034886130684442,0.27076728493457514,0.3585137354805707,0.9312017533226811,0.980549362491808,0.4869196921846076,0.9465885119364555,0.966404960133855,0.9876760656349204,0.2825476045624931,0.9796912395833358,0.13388370830926802,0.25613077552999114,0.9500814499245193,0.981084612186477,0.8913579777162762,0.8571211112223432,0.983645031791681,0.9606320304703883,0.28500265179378037,0.9547297401184665,0.5691207357088885,0.68324801044219,0.4253526474881891,0.3864490525391243,0.1259148795661126,0.4402303098588071,0.9126957280900286,0.5858699460437894,0.9846098603967061,0.2886900789301057,0.936955470244582,0.35031834312696686,0.48489758757809753,0.13225607192158062,0.9345751424654529,0.9614257572642263,0.12888661679272811,0.3716256452781772,0.9420365270667499,0.4245654073010618,0.7683498952706104,0.9659157435783835,0.12496266509853629,0.924447289358357,0.9692442238447734,0.9450652008008142,0.9737380301484575,0.3249491086712879,0.9820453369816255,0.15257747008959682,0.9693955929058428,0.3431419739406628,0.2954391039368425,0.12508042623431098,0.9634161837420826,0.30642973310915617,0.13921851699985188,0.41485364468376584,0.5771016924474145,0.9442836696122722,0.903192199583303,0.16725997561305816,0.3462309192721674,0.1337077813048236,0.2526187943577607,0.2627650593778883,0.2661303976880763,0.7315207171916038,0.512207091862078,0.48788379108799274,0.9600297385915677,0.8805257166556176,0.983169280919152,0.6794578214151111,0.9067888075300012,0.9522290506088468,0.9004336763138925,0.7918970138074735,0.977113437656144,0.8707168618987984
0.14398056831713876,0.3481682076036861,0.9794144485853202,0.15839563886882843,0.9521709214803618,0.6210308423629771,0.9361593704827208,0.018721212738313314,0.7917407698533425,0.45400065889573654,0.9835787468104292,0.8931709748848757,0.2754259954500925,0.9076910017452,0.3135276821342911,0.6456966113177764,0.33777679476795786,0.12754858094665403,0.1395029477699317,0.12988061802917752,0.15038506207574748,0.6907916359024484,0.7109247748386355,0.7281224893064715,0.9181966658899042,0.9822725622871605,0.3872951937094063,0.9310594530976444,0.9716074059892689,0.989113242006062,0.883568180797656,0.3099390227137038,0.13386849272007198,0.9763462464001997,0.6765184313187907,0.9848940920519871,0.68589734962763,0.4538735011353771,0.41462672551175206,0.29224012392027204,0.96905409309547,0.3273443493200357,0.12151041589642059,0.5691138410740478,0.39484729996355195,0.4863176765374493,0.7366909145599558,0.2684769388704349,0.9232648751985971,0.8682521439647145,0.2651247100439664,0.9632847573176129,0.33414406287909687,0.36722297111620805,0.8432132658112789,0.13284813009728294,0.5199451645095372,0.31995601562614107,0.13987998068034674,0.4141543685837276,0.28635526696352076,0.6162593965639797,0.6444357750105392,0.327196458121238,0.11910943645642519,0.43648189721669783,0.9065410106677172,0.48505693231200425,0.96464293873298,0.32386640236466685,0.4213973273127502,0.15922920124665985,0.46209166848722183,0.29557752807929666,0.3091432415289734,0.10525765731794835,0.2798723873153736,0.35068946784443655,0.09282158834295477,0.32882629287633086,0.3866462323276486,0.3402908934931632,0.9339331412845983,0.12604450871694678,0.5250870265559259,0.12276935531795487,0.9678029110136177,0.34469554565255417,0.3173148696606903,0.3486048918404054,0.6134641816677627,0.26943437739426723,0.8949691765835879,0.34668711447168293,0.33118080600381017,0.7255733613287777,0.2923059600944788,0.9379900541470313,0.6881676631898229,0.3956346477799969,0.9739585781393962,0.8282434087895097
0.15617918348905485,0.40203537476467643,0.30626174867321915,0.41353780423101966,0.9785480717022004,0.3614742304958414,0.8769088341911971,0.020304662041787686,0.664723209139655,0.27819406842854516,0.9861962128341932,0.25196174499599955,0.933756762501596,0.9812244344502766,0.2919304396346038,0.9816081442708088,0.31004061100556685,0.14871563195446275,0.16711949917457922,0.12243365429836135,0.16061212332798774,0.7989109926269679,0.3892599316720751,0.5252320460368552,0.9313864711778719,0.9834291610253757,0.28474911084439497,0.9478457157245435,0.9709364553067928,0.9717731270340173,0.8835719235013224,0.5501520780187601,0.14780168760809076,0.9763334263737485,0.8096698838549499,0.9748688942293116,0.8784960561936357,0.3659249827623788,0.33243716400159046,0.271224099256069,0.3056533973459471,0.9325535269674483,0.12087430858837979,0.564778331923719,0.30557280246333984,0.4543847116063024,0.17037307311626124,0.5831742006036622,0.8877174972127432,0.8851700399343904,0.9678812116526428,0.9555157455239294,0.472076222198725,0.5577258705480084,0.8441533980777364,0.6741542328489424,0.9178052648102504,0.7913522835439946,0.14393406841483364,0.3847045456466876,0.3627558323744133,0.5269303009180807,0.7463986434585542,0.9536512603770099,0.12729836803621614,0.5241606905486095,0.3423997972492612,0.5967197538040993,0.9576093430882876,0.4559920422989871,0.2726779502515008,0.128524878097127,0.9712664637124085,0.28031375543625703,0.5663651661329205,0.09885028610309761,0.9677741546734886,0.3904600571722976,0.14554766999837157,0.32644914120388246,0.433659703230983,0.2945943294288748,0.8949636647264053,0.12505150698478368,0.9086266926239631,0.10672930835041722,0.9765526762709276,0.5623917534595546,0.8020078290543006,0.862302671518084,0.8452176637284115,0.2691885244359312,0.955444941527481,0.4232225531023019,0.2785250674940362,0.7300087706958612,0.3006047990488038,0.33047647959477583,0.6110268175108341,0.6105625670540626,0.9790840495630473,0.8313105010636711
0.15068766089888008,0.8069908012956152,0.2563309484075696,0.098859262812888,0.9065197478195103,0.38316438955607585,0.9263984022900822,0.02175028878869284,0.7597235741182934,0.3455290716804832,0.9777474119342549,0.2770581858181275,0.8972995820194049,0.971155257840431,0.274446684164551,0.8766808025676597,0.33824772047213597,0.12251108417944032,0.15091989394212146,0.15545909689882245,0.13810368874699394,0.8571857201199807,0.9664498453495116,0.409802508665809,0.9464501532557924,0.9655991431850082,0.41057177878258455,0.3781055005098297,0.9637576042704371,0.6378777664922798,0.9865331194696645,0.9414003029070308,0.13960977191580243,0.969914363379645,0.6823688358929174,0.9805546534534552,0.8850349895852021,0.8424409188661547,0.6437584829499543,0.6364109440916333,0.9622342589092368,0.8267063491843502,0.11958785602970361,0.41083492550379996,0.3555235851521915,0.5427517197645904,0.1453548517263098,0.7339639319113194,0.9389340625259235,0.880341330584048,0.9744871431525197,0.9383881162017751,0.4885520374892701,0.3451914357614004,0.8304630061152534,0.6602015656553996,0.9273362257046789,0.428328410964394,0.13970343929875123,0.46780629593150674,0.43342333852860215,0.7814566177673079,0.3626624293255238,0.43835955646816305,0.48036510091428086,0.9197150075345929,0.8848564178036715,0.35593180494167626,0.9496663126937323,0.30289217181585926,0.2843411612362829,0.14176328506336305,0.9556885468229755,0.28305862009687194,0.8741245424352331,0.09265399860990266,0.27880822916422526,0.29434839262819507,0.17378877089141886,0.6915932039434802,0.2996427096756744,0.3251752266981886,0.897520931374328,0.13652537636286255,0.8504122752772498,0.1032550855028497,0.9597339368640304,0.25780696420186994,0.48721322733205286,0.7382517727126878,0.6487021876504699,0.9473812474723172,0.8675058657316927,0.2939225679313212,0.2639016477896514,0.8211322806945178,0.8204439822267574,0.9363656806722571,0.3576224657319873,0.7663837695932763,0.9824042280924523,0.8614498024184662
0.07544683515051802,0.4098838413307269,0.4299326554066853,0.5297373081253856,0.3299810969673945,0.5394007374990819,0.867708727432109,0.015405005662854573,0.666115243270424,0.31348020949346855,0.2550367455470776,0.29784918532649574,0.5349846599089304,0.9325590875369155,0.31605341655575364,0.2781149927981312,0.9669029568598502,0.9765049821003934,0.09276537058943334,0.12766452617913682,0.09372468136985937,0.8960551093248034,0.8750444965803778,0.8808784427378776,0.8942881871213642,0.8759029228897987,0.5345660493164636,0.9218431740679276,0.7991446613844686,0.6666315729695257,0.9512742215781148,0.25627250773381416,0.13953838490441783,0.9642050308905297,0.6139247194494508,0.2825599397840284,0.8400162301954678,0.5130837133196013,0.33126748047233623,0.30054354208624295,0.8063088334799217,0.9129455092966754,0.050670601985207876,0.4726177383644527,0.5822938455299238,0.5097916686763949,0.08430540963365825,0.5835004194414355,0.07989572074817268,0.9133673064979556,0.8739049205488916,0.3003858645349858,0.7022085961190823,0.6648049909419366,0.7411857567156794,0.15175462903177328,0.5473601813220633,0.5540365690666033,0.12182268042554796,0.45462429525328235,0.7057470590185166,0.3602532780301155,0.8676415094519069,0.6236143705340608,0.5352795470817961,0.8275093777477168,0.2709175997498087,0.9704784142398014,0.732176995492488,0.9080211535509309,0.9722873049247326,0.35181977593857844,0.9366954151609271,0.8849206728438835,0.33548849985924506,0.14003361738092449,0.8689724484133549,0.8007494144990397,0.978072672106085,0.9313462022169962,0.9695751346612744,0.7919199458983274,0.8515635244495765,0.10504108401414107,0.8662970261484069,0.09279419352190668,0.8725767082241486,0.8311724604838011,0.7727503758182281,0.46808984819128296,0.5760455465176818,0.787636136520722,0.9532688740572933,0.6991046607941125,0.6197669493283057,0.8277615735844023,0.5430445337975395,0.7536055464963614,0.29805941487523785,0.2867445118614741,0.8139363303243542,0.11166937977553464
0.0993103788874096,0.264732917891124,0.3443147421457233,0.4489374591881057,0.5053665326773791,0.3993437777971677,0.9206068415058746,0.014179315344218867,0.7017918012119276,0.3429321642124343,0.9818469882036527,0.41086884166599763,0.2627321391458339,0.9087448884953073,0.2919299104028117,0.968990546002964,0.9877176130319312,0.135005397090434,0.14192611403897162,0.114284212792341,0.11269987423943903,0.829203563489452,0.9869122466718715,0.7977914897848399,0.8851764250735941,0.9853606361766198,0.4654914679867205,0.9637850465531024,0.9028665805087547,0.5555046944256709,0.9782182007935392,0.5918042287349595,0.13583222795621036,0.9766816692624712,0.3282002616554271,0.48615300342984663,0.30185521930898074,0.311453273092309,0.5162832319426292,0.467159506022272,0.9136628994275127,0.9255609226245008,0.49084789929623607,0.8446550254596016,0.3911107734045162,0.6750745247286044,0.13197175320555124,0.29968770218308,0.8471639336047709,0.9857534617405198,0.9612227891398557,0.31536169995303465,0.7901325260446898,0.5791771326749329,0.5586551834827498,0.4585736205989649,0.2914836897753859,0.671520017290011,0.11895897153632232,0.3472874891964484,0.8666143368464184,0.9600634847488819,0.8763842793383502,0.31284054004881234,0.644428381649343,0.9244984906372699,0.5811306245111233,0.9493520133991386,0.7923402357089949,0.3391728605062653,0.9724428980718314,0.1191295167935722,0.9385057465699097,0.8879013277428269,0.5126870941995073,0.972432129839766,0.9042354610366079,0.8688942107339239,0.22917671487827268,0.9601741354937585,0.8925538559853489,0.9495618803793336,0.8965195947102953,0.1385393461132103,0.9301084477337507,0.08258050548883245,0.874344011819035,0.8927114131972593,0.27479974351829684,0.3858560177714277,0.6716126860913503,0.28901954740165015,0.9566935467031101,0.4734793960622909,0.42390252772372466,0.7872106612258549,0.30304319686656594,0.3740853216693871,0.292605967300088,0.40632770059898243,0.963740680055513,0.7952120899131273
0.2029125547233393,0.33726096646692094,0.3147202775834925,0.5158419689137297,0.3691004017205825,0.5118823091451428,0.9403136610353682,0.011204324828605434,0.7424155928118247,0.8688470544406915,0.980263793844763,0.2737368319564561,0.34939914688432683,0.9152281718251216,0.33020357353934526,0.88919722545095,0.9908533969985858,0.22456645254623542,0.21186638068050057,0.1612343915056281,0.2146855442327716,0.8553995247689223,0.6677542602532057,0.8004901830036859,0.9058295198569734,0.9841896426580865,0.9846366860869924,0.9574759586514165,0.9556154840974167,0.6214450141279612,0.986027724890206,0.4553321375874259,0.18255016691357442,0.9712508585081024,0.2718679179669719,0.7768327180855279,0.33833879971341185,0.41079031664304877,0.37367178437802123,0.2905909594125923,0.9259848845223301,0.9375477763376067,0.6322615321699258,0.8403232129085553,0.32673967870325415,0.583270572402077,0.20839777217992475,0.7398436650967887,0.6128295468210092,0.9882310495911062,0.35526681947792105,0.2944387407260896,0.50518558154575,0.5749397935574598,0.8323423412132628,0.5339341090516451,0.6628950718848987,0.2826260384528479,0.25987242402273625,0.4768572602710944,0.47786981341017026,0.9484459934833761,0.9053421613637748,0.44090907816571545,0.5337655347688273,0.9315982619053417,0.47327037954834256,0.9664480888469834,0.7885940557703051,0.9615151974766757,0.9841958381780856,0.1951649762521825,0.9632725523162621,0.9766586287151204,0.5124683896451029,0.1751063405030566,0.9729098716345229,0.8272493324595357,0.30099428693813557,0.9547564445117838,0.9066000198058517,0.9422654913457464,0.8903074433105032,0.2106028609120132,0.8834505569897656,0.16690562527015693,0.9389275959528015,0.8828109608093244,0.9571715309564685,0.9127686669376781,0.8142390485455733,0.5021734161136486,0.9565296430804818,0.7870142195063272,0.3313638473233384,0.7199481478288254,0.953355526848754,0.33083768736511343,0.328204414589932,0.7955660385655833,0.9675990917038757,0.8040565684309269
0.19384110877332555,0.7915823541210742,0.31031050611787236,0.49009150970389675,0.35285647689726907,0.39335136624643663,0.9357583397277925,0.010912829036521349,0.7962205640336849,0.9004550009503962,0.9774534078606509,0.29458079613209714,0.4890087393341761,0.9721457091477492,0.37342605784725996,0.9736029701066998,0.9921693469851215,0.21670712943143455,0.20191752178868752,0.16480043297679112,0.2059215190791094,0.9235023055225281,0.38253223216923493,0.4543566548785476,0.8835607871233345,0.984642746508768,0.9017846804039437,0.9293392398800466,0.9776387046233731,0.34069495357072527,0.9878701115848585,0.5937230144712243,0.188064152535476,0.9474649099779829,0.2747303182469032,0.2776765733139091,0.8748476876749441,0.905302493953105,0.4317095675155978,0.24960725366156394,0.9365730319398926,0.9389572833163085,0.21230825134984785,0.322994712561703,0.3080109002299977,0.6371315259593493,0.8189193486267167,0.2779637553491937,0.4264386628025191,0.9878787126491314,0.9644947493739802,0.43381539590412965,0.3837435936836314,0.8684712632467697,0.8107995656470566,0.49681956708681635,0.29051278262547076,0.5635722520851695,0.24021602568019798,0.34364755220007354,0.28503921779189645,0.9626392208583725,0.8757918552352234,0.520547880916668,0.15588900189969374,0.937780156403001,0.32260637551721244,0.8899301455136699,0.786409545470735,0.9339474423210775,0.9860462321397984,0.19342959732499784,0.957154334453175,0.9789297943684092,0.749097534416341,0.17302044363655875,0.9833484300472702,0.7711271176746926,0.287295652336724,0.9521299697737465,0.9720988353400255,0.9555740485700356,0.9152297900004235,0.20178026705201665,0.8862309327330388,0.1892393251252882,0.9764418750100243,0.9406274631987669,0.9458519658551366,0.9296145618552656,0.8062183452981785,0.49064921949303747,0.9610045413457593,0.6064725696117557,0.26418824996679424,0.5198335657459975,0.907503291992435,0.3309868322739955,0.3689327079700364,0.28034411736983195,0.9642285048790127,0.1412177751935389
0.19826539781439773,0.7760319169372337,0.2774747692216719,0.3157128419969656,0.3592752501768253,0.423095610514278,0.9288756255896988,0.01605597291687241,0.9405051058957085,0.8826868325348681,0.895473266848281,0.27272947565114614,0.3159718426653079,0.9220210004916121,0.4686206211318721,0.5701050030851175,0.9879735129734802,0.1749034907143473,0.2505794198093983,0.20006296608545543,0.22442647052029477,0.9289726969419759,0.9740643074347926,0.6031732518491515,0.8750756314014293,0.9828557436029381,0.9864124055473604,0.892590197960989,0.9801502533110867,0.44603549764293593,0.9451177252448604,0.477681169393527,0.243108121552138,0.903736408556385,0.27880666560918405,0.29785366136790214,0.748855865120818,0.4106788871199507,0.2792914905861649,0.7182679553965731,0.9184398107880993,0.9212373488904874,0.5132041690187954,0.3624552886535197,0.3736933625010732,0.8607423599758434,0.22961202373120504,0.30324454425015557,0.6258476206797762,0.9892685340832472,0.686150866369361,0.27674023679177784,0.36587275889960785,0.34201032262351394,0.8748896396393294,0.4807899742571048,0.7009667364479335,0.6555814336610069,0.20132711397860503,0.7147621557905418,0.36198229009441835,0.9532880715036661,0.809712453135251,0.337240540765344,0.5208400116171549,0.9298483931908741,0.9686518199225671,0.8944404378876388,0.34915937509327116,0.962035254786425,0.9861060758049965,0.24423765274200496,0.9593237746064905,0.9775717696519348,0.8011214103966577,0.21717762253974462,0.9047836390529982,0.7430957783810191,0.9825333802640939,0.946609651303319,0.8904363355508567,0.9526647424408958,0.37089382598111126,0.18312784262927237,0.9080784333761364,0.21631453537738007,0.9714339570464078,0.9447184147866127,0.290226593746733,0.8990271391197793,0.8186698891855824,0.9630998694385394,0.948214656131361,0.5542027387035708,0.4866527188638641,0.5870633585067253,0.5399407747079443,0.7965071913348921,0.4235850912772652,0.9452373994512827,0.8951135376788942,0.1528842133973174
0.19212575921148736,0.6607680520233671,0.37215901620497843,0.2807478375808266,0.4247994422655208,0.3645053947592437,0.8757273976595797,0.014440082330208997,0.9459719668054593,0.9266646701564728,0.9794547190392766,0.2729272599451981,0.34923844639506246,0.921811903968651,0.2698411059673793,0.9553106074121069,0.9135090775728595,0.21569209465334843,0.2463802866253812,0.20904739917956597,0.21472037667178676,0.8823879900555187,0.30693370411208465,0.7053344198609189,0.8936095610584719,0.9816374164080344,0.984990839481874,0.938674264724868,0.9793861897672784,0.671296813360098,0.8837120775416081,0.6205587502212713,0.22251002303589892,0.902294178779028,0.39876373750713834,0.5912258879271466,0.5755043316863271,0.3927809604098321,0.4151534097214713,0.6694611758355469,0.9133508488965156,0.9323765500529084,0.4983148040409533,0.69199265119513,0.41967836538627673,0.6383793869002953,0.7896119719955058,0.29955643021794015,0.2795007685176765,0.9888503125322684,0.9163154202810971,0.32313931727868866,0.7007335746712564,0.5369469732517029,0.8603042886645829,0.654430598761655,0.2884470839928484,0.4287002300696403,0.2183107445261298,0.5846917507760329,0.39866441368971184,0.9045515548682096,0.8885922671267291,0.28963586335728586,0.5339004460603356,0.9133633598984184,0.595384414177004,0.8904525183691906,0.7470720161296128,0.9767447966295402,0.9663417223011024,0.2224578812988518,0.9678262008478588,0.9742445047346124,0.7528965408178486,0.2631514660760035,0.9511395916484383,0.790964493818089,0.9835123488066203,0.9554890178346559,0.983915785749121,0.9382665449588625,0.930727473216789,0.19208399602402665,0.8806094302679996,0.16078288472938626,0.9357189047307523,0.9519291045386004,0.6178193168135416,0.882017999694182,0.8407510405192807,0.49044681780077853,0.9497009764120555,0.2809003396261276,0.4430523619223849,0.5464482097270803,0.3155541314644954,0.27338375213642496,0.6123055074321374,0.8909929670009319,0.9687545366237919,0.1844796091551014
0.17796605574276267,0.28562131570176824,0.3163405803534793,0.6391507893622105,0.7961325790729605,0.4695408927135738,0.920082281230824,0.008869916476641803,0.8961140220606316,0.9446876098239401,0.9732887429501192,0.2727177359976328,0.4081502516827513,0.9834474034207981,0.3356917424294518,0.8548610558941875,0.9665401858942664,0.2740511523489722,0.2435893866815201,0.21108788610205392,0.22858124470893043,0.9547468486950272,0.5665037805355968,0.3044633941159837,0.9053533205046523,0.9773158170277519,0.8984758862555939,0.8954466555741533,0.9827060350343237,0.32527368487531927,0.9805728653763089,0.4772557196848656,0.21149940751498042,0.9769955422018238,0.46622321157249536,0.26766067850935144,0.8802274846596633,0.6699011673598235,0.41515980596548163,0.3399000945714308,0.8256698881963714,0.9256750677256123,0.21460743582175174,0.6803171689751801,0.4489897311438324,0.5487969540631363,0.6642805686860878,0.26913393488625936,0.6240134876321626,0.9804223579660792,0.30892735159787,0.2845249652040956,0.3274775395103754,0.36530929989656596,0.40201883983788267,0.5616654143447651,0.3739240382952555,0.5934308694500919,0.21499123767101788,0.49445718473555234,0.3184720205679005,0.8897612778464834,0.2911235228753209,0.31132307863933933,0.5376114051233566,0.9351153973459098,0.5654011461978729,0.8911891404750907,0.7565868252877405,0.9587464506296329,0.9889170368459306,0.41020664747813224,0.9614837416553484,0.97304890257326,0.33668329015236836,0.25480091228300644,0.9545486582712435,0.5005887380934491,0.3669110166784314,0.9321226376322566,0.9615772734943049,0.9488737901463683,0.8590495287887158,0.18053804163036258,0.8805182657667443,0.18945939614036128,0.9614037646788235,0.9053753575038238,0.8381271199920386,0.9133916467151935,0.6374685171335792,0.9543598614682414,0.9417804436386542,0.3512432116482932,0.35828362270929315,0.7750194774864182,0.9638416900461603,0.3309141123651436,0.3691689889764578,0.9544286688870489,0.9614934689593718,0.16459644738895493
0.23542445647398688,0.2854247162881691,0.4732214323955843,0.6740317481823221,0.3942578002380917,0.3785559022719005,0.9113879360411644,0.004356426062961523,0.8878869501360834,0.899048357776914,0.9752263386841848,0.30208953485974394,0.3065352878904495,0.9851520092354792,0.49976246808920277,0.8797439366308792,0.9158260057513121,0.29479061367698983,0.26906310175180465,0.17857979725676365,0.23198779580387124,0.8957701905516636,0.654286404607776,0.4246467490730661,0.8740417659586053,0.9119495825925791,0.9495634809087535,0.9017620462945298,0.9717724872078648,0.6093521389144899,0.9754603377445982,0.2910496434813739,0.09264012322736219,0.9498585303618097,0.3442799922905908,0.37709050402352406,0.389591944812727,0.3064693707890284,0.43140243308826165,0.46856933669469747,0.9660683404718411,0.9429381491365352,0.7102501894102023,0.3949374123918892,0.43485313840558487,0.6066413831422648,0.18436392322224282,0.5030294484458028,0.5171863976941741,0.9735454461308128,0.3418036156317385,0.3309273964470877,0.5661807326434974,0.8090109171722849,0.8372934382678009,0.2080002515969946,0.7883143613920952,0.6643207194382663,0.2548473752535359,0.5886993869270916,0.4216015340691787,0.9046487298509663,0.9134326385333326,0.5602053473376792,0.5317539480836496,0.9390481032421535,0.43043002936956326,0.8937133914941292,0.626686781818914,0.9267964300814853,0.9906119284293106,0.3215606512121234,0.9850790536901115,0.9535366188315981,0.2954615678362306,0.2622500299891008,0.9218765030635936,0.6538491146797403,0.29360003612194013,0.9422263312262358,0.9592260290823016,0.9328277795807535,0.8279606466286272,0.14708656923750152,0.7904814098202688,0.19081273616787872,0.9705808632750382,0.9310070181583028,0.8885326318191598,0.8830267508484205,0.835371330756224,0.9795588290983439,0.8776412807282422,0.48658221745808783,0.29472210655289427,0.645318372602421,0.49513924441795765,0.5632167937529029,0.36928657083177424,0.30957893289260074,0.9709823460978508,0.15234438465411834
0.22990369017132145,0.7033673817378221,0.5479995339883197,0.30829612939896334,0.2805008342751795,0.40858061373137033,0.87617313298781,0.01285714929748161,0.9584683395915662,0.9219000069391815,0.9811857482576185,0.4100444581712413,0.27509989980139193,0.9862164577618648,0.29199768658804687,0.9641710771533094,0.9883890477178066,0.2556655936790914,0.26645452819434906,0.19768962853533817,0.22509455663054234,0.8413115699416667,0.7714253694658149,0.5238987831876901,0.8693308665060803,0.9800052385789335,0.971925831770222,0.9085171050390979,0.9815606284282401,0.7159000457079748,0.8842044609404898,0.9627956400656363,0.2071930802955217,0.9742123129171387,0.28315770239757204,0.30940067940933536,0.878554425692437,0.3668177012965728,0.516608110293611,0.24963152042013786,0.926374642357629,0.9371543652934566,0.4774869582274887,0.658532778247588,0.3268792140440388,0.8783096680985346,0.2675960086648493,0.8013555593662827,0.669133553755455,0.9870769472870617,0.9642755464235756,0.30082719544885295,0.6680151627131731,0.4572598443540897,0.2896127570027618,0.568758731178675,0.30074705223188336,0.3718097199521243,0.2536452047899972,0.3668206905341374,0.4671699649917334,0.9081954109668903,0.9017115722534652,0.8007332595518561,0.21276105406405404,0.9268862590946533,0.3189094216538624,0.973935331176062,0.7349892895911739,0.977200874671771,0.9873422167171262,0.26383966920432894,0.9421435414026873,0.9748442565197001,0.7497775295014625,0.2906247329120822,0.9450898330177789,0.8854046041089048,0.33311854918084977,0.957747349626708,0.974699618086228,0.9585158720727943,0.9237976340353344,0.14120431142283107,0.9114791043564007,0.1687521757150252,0.9381731712254543,0.9574058332030494,0.2933637200476098,0.9268864522868802,0.8407338355737372,0.7762069285631562,0.8816773047569249,0.32961057977522545,0.3524620021687964,0.3073434589680808,0.34965279432831137,0.29807730908677066,0.5880234943924659,0.8860512966533906,0.89353306363612,0.17998282953369169
0.20918583345092293,0.2682181206703003,0.306192297289008,0.5717852487218937,0.28752374033444916,0.3997759821500255,0.9444157189595053,0.018590160955324033,0.9353645186705665,0.9062601610202952,0.9878495532303907,0.3399884928619887,0.3258545359014097,0.9811177974451034,0.27006534312056957,0.8269442569030009,0.9580258249952971,0.16346238546736103,0.19420550134762385,0.21825697340401592,0.17131270792407616,0.9285949930915784,0.7656506959228291,0.6154574173880981,0.8498789950701628,0.9084957545425623,0.9809351343384057,0.9375093548241376,0.9753936672003836,0.47465931216965374,0.9620754016323587,0.3918845241799079,0.2160566941762154,0.8948806817969217,0.5117204955618847,0.26871845464299926,0.8586480682102597,0.4521565426457698,0.329883212278356,0.2572497318398728,0.8079886144530445,0.8897600880987815,0.2022111782761255,0.31048152354219416,0.5490241096907106,0.43567674444835286,0.13435507214410022,0.5562039035511519,0.43604236875749464,0.9770624445384447,0.9275687629103857,0.760785478545437,0.6655466206437554,0.40247589531552697,0.8096450968085226,0.16306376409742837,0.3734778481837321,0.2799275391543019,0.2031023505398051,0.4529755316932984,0.31892230823759804,0.9068478781671766,0.7634094797314345,0.2930519087370269,0.17525208103370113,0.8689574572307762,0.6920685673587371,0.892358774069971,0.5932194122318171,0.9004416701416058,0.9933452851860641,0.22691213704881205,0.9680817081267776,0.9748677169269524,0.591103084845311,0.10332137661132107,0.8584905141051897,0.9150532920151601,0.1467992873102782,0.9404369940419944,0.9520248926148003,0.9130961653852222,0.824827113757559,0.18444517470201335,0.8082529605312199,0.20507804205844632,0.9192234308984804,0.938765809690453,0.951704711089594,0.9613147107566902,0.8337948198014016,0.9635950439482125,0.8828598479903959,0.40690347816360395,0.31346078291666873,0.7521584761573786,0.9401652544867367,0.3728817889434017,0.4967867296172,0.8836394493198573,0.9671515876167548,0.15557872310672197
0.1754957159706995,0.6321670748781827,0.41359171309304166,0.6420618962259932,0.9753646087082029,0.4244746412183461,0.9517070183765955,0.011133781459723378,0.9387557465662187,0.9410843910631161,0.9869658233472626,0.468629600734527,0.7631604243514192,0.9068742825123366,0.7826955504148855,0.7945166865566026,0.9840892000360835,0.11792701606067632,0.16020018334851363,0.22209990131536952,0.17531101858422582,0.9426985787756045,0.25497664786376695,0.8728196325215956,0.8781453994046701,0.9466866847975296,0.9786814780404476,0.910464862624469,0.960818399838106,0.4708231953318382,0.8756462547674517,0.9699410125908583,0.241738466541264,0.901400533285308,0.29579366725275225,0.5020825600158699,0.8965832397998281,0.30783534497538734,0.5189760699761061,0.418451913760979,0.925294545906451,0.9405386621868627,0.1267518417910244,0.3000721850955291,0.31027670093658655,0.3491608109583335,0.10918710638748623,0.2925992360613249,0.410089336788241,0.9866492946798336,0.3025632330220584,0.3850406010150426,0.7869964460041948,0.784761671999126,0.753783154251798,0.13566878262541954,0.4179518184510584,0.6299032562648347,0.16433251811113986,0.3424799903064966,0.5295456610464869,0.9492690859587583,0.8463715469285475,0.414491448413263,0.1669975567308369,0.8313831999952744,0.2847618830781829,0.9740625260706008,0.5937771628468576,0.9444001295562375,0.988824118329378,0.37006508981989156,0.9319845794549857,0.9797826237625641,0.33131395601446584,0.08787386329536423,0.942923013521682,0.32178439978717804,0.9885468008026661,0.9304834654367983,0.977587404055408,0.9616462569379953,0.720238936823522,0.24020868030166265,0.6554552348823693,0.24978811282759764,0.9320343635080405,0.917485930743894,0.8950410787646791,0.915311132996552,0.7981734026451593,0.44668836125974926,0.9565127162468748,0.340174654292332,0.6754149319209611,0.2868955507101238,0.9715254584567008,0.7883393540914236,0.2750900874484764,0.9240688773144424,0.974104968020248,0.1407885117235322
0.25558085122977187,0.5024950105551295,0.40173307426172283,0.5776545566445992,0.369067876528082,0.3710901358833098,0.9405235541370902,0.007554115427219085,0.9552211716368093,0.9222189026569719,0.9814822356644922,0.25125369739471587,0.3319227825357086,0.9868725849954938,0.4057743498275959,0.9591936623125397,0.988051634074989,0.30921613343040294,0.2784958165484731,0.21228791390115923,0.2296610982522717,0.8406006681393613,0.717693762779432,0.3131537633556606,0.8882919933737714,0.9828076324617205,0.9845403433952878,0.8621673074508065,0.9809302501320414,0.4125048656917461,0.9848509425086858,0.9654046568568171,0.23089692789419666,0.9737143503524809,0.49518296666119027,0.31658946393997645,0.33492212379923514,0.34932956929707704,0.30544465300836326,0.42825594636359177,0.9230549902312731,0.941749839418224,0.5643397281393058,0.47749551543555846,0.31580281503622865,0.8627204608191509,0.26754639220970167,0.2690587193677075,0.29343125827794797,0.8893840405228964,0.9656635382252332,0.37483868925334207,0.4289729099290539,0.7487086144830801,0.2876229200514024,0.5111428618782756,0.29481508267302065,0.32229162456791244,0.23514071141051815,0.424830768929772,0.38586332137776097,0.9471822575768878,0.9133574367750734,0.8068930264918678,0.21379387466557917,0.9274784625867148,0.9600116936970089,0.9724825377576105,0.6097646577533781,0.9694914664734466,0.9899825518410205,0.27778404282978,0.9431679942754958,0.8928204226014932,0.8068898121881124,0.2962687969215085,0.8942706767610281,0.8686177485795308,0.304654103567778,0.9612320581650395,0.9116259148217335,0.9601867468851908,0.9174109662530905,0.1929175006079535,0.8837184520434606,0.20607711113561983,0.9405036565744436,0.9622588248658489,0.9892553214964139,0.8988597487924922,0.5884006763535,0.37963643882226017,0.9580987145259634,0.2662096248032173,0.26406551579244314,0.3663379958331124,0.9666835584209917,0.2981915474475763,0.7314884522754377,0.9367491598151055,0.9731599428651555,0.21408252602148906
