2170,1389,760,1176,2252,173,1084,480,865,1099,2019,2164,1554,362,2393,1337,1783,129,1731,1918,99,1578,1304,1121,1748,912,2229,1211,1994,1607,703,232,380,1662,919,1128,2090,1166,631,1287,1685,1926,883,411,59,470,932,421,1451,2392,2102,2223,389,270,601,775,282,927,148,1604,1640,2275,324,488,1048,558,218,2028,34
0.15871202662530468,-0.04689244927461277,0.0636383445879751,0.15469485509548014,-0.015396862144132533,0.21788721628462826,-0.0034109792849615337,0.22600124947553515,0.17828781531147184,0.02053389920589279,0.04949906194871829,0.05526319228591375,-0.03979121206130614,0.16966481113692347,0.2478522984100407,0.026539086530432847,0.0761678030071091,0.03286976515367181,0.25215495978494246,0.19068000151415923,0.012235424359610045,0.01646601072522686,0.1322620993940199,0.2717398567571208,0.20063518029143476,0.2441093639154478,-0.04060215949533009,0.2256470534893519,0.25707906164989996,0.030986153620109584,0.07921465237440752,0.10819823368639679,0.1653345206383158,0.06959337886085065,0.07592282824762105,0.1529283713506138,0.11776982760018094,0.1746546722102493,0.2628125382896527,0.12494159199361243,0.2767030847789031,0.0669169757385928,-0.08034449256269667,-0.029947148068993974,0.08821159638317584,0.13399492555059417,0.09646953083623247,0.09031058376582611,0.003591867784584023,0.1950232097752781,0.1456316394454863,0.015550849784203787,-0.09964667772048764,0.21005332464651064,0.0801881400842927,0.1037984551923702,-0.01407559137036569,0.0404964536465755,0.017089075337547208,0.22221761105192797,0.1548756346945837,0.11875370109667042,0.06643975833449774,0.11397739653071057,0.19503792052996968,0.32005825735288235,0.22845611267655228,0.10753391172303894,0.14832435089978485
0.20006419489269353,-0.09124986119472936,0.2565927844206002,0.18571677635283537,-0.013385368751772916,0.14919837947969078,0.10523888674311639,0.2068829071875827,0.19458149215840612,0.00040062725205614145,0.0628038186096539,-0.03363072552982422,0.02291916640762252,0.10827635819506852,0.03600677507867666,-0.04259970356832662,0.09841247836910011,-0.0010611214641666538,0.026520541677052714,0.18599266134912493,-0.002294767231882445,-0.004105359448390943,0.09766641465808906,0.16944667694688714,0.11762941631605345,0.16854490729096464,-0.15322099454530835,0.17643036824583463,0.1257206532382579,7.521413787969018e-05,0.11439964834473453,0.128364968734574,0.14382879317538955,0.03658983805570243,-0.050882267255530106,0.04806258370560464,-0.001814002915597688,0.15875574150496946,0.07332078754471211,0.17943177818451175,0.1653668864194024,0.15752135625629515,-0.09725388789165439,-0.1469259652892675,0.09658421740560864,0.1114808896031848,0.09815896634313986,0.17299046957254705,0.1327150506687139,0.11981188979781734,0.07549762314585905,0.1111563687535896,-0.09624108530048622,0.18010662011465028,0.14226585073710024,0.04971052966519854,-0.06659590925683966,0.07511008059035769,0.001534356714600437,0.16287077859982857,0.03411610340940229,0.1946098293735768,0.054602188550406466,0.0795796488933762,0.13167884557399395,0.15234949304328416,0.03572539800585407,0.15093254624448987,0.09225501892494391
0.16348346374660638,-0.03063391304711368,0.11207839842666845,0.16039207638198272,0.034764865903843624,0.17092085672980334,-0.0085111257992174,0.2350779079128686,0.21116596797489798,0.0026802025902940433,0.061292454883015844,-0.018899625910755162,-0.08901840707117817,0.20366980168488735,0.27948308475127237,0.05909361707482768,0.009598812145927664,0.02872753836170732,0.2551379622918018,0.1980890104845018,0.0667067917288556,0.014355571174442932,0.0965137725400973,0.2653331814753878,0.2486018510539439,0.2160579859975004,-0.10240680466879552,0.22866551389202555,0.2403921049138466,0.1155052074599573,0.09293345369743919,0.11525779093692887,0.15898166227262997,0.0013621422255817737,0.06850868778811123,0.1505478513852922,0.08244736290896201,0.1373574020726596,0.3552010618334386,0.1643275358626199,0.1378855482638488,0.049120405973610205,-0.04666202529304263,0.07591743233777792,0.08959200754685188,0.17404140684624914,0.12610935544385088,0.10458070346407175,0.005681189940005261,0.16639232112544658,0.18062042255479469,0.2058806228542432,-0.11220267966498995,0.26116054536851735,0.18733779434400027,0.10997311085920954,-0.08559836326784799,0.07916903849364867,0.026287698132317797,0.2591973697317413,0.11860749998998983,0.11530279488317309,0.09228138643178456,0.12073992781009688,0.22549899683501182,0.3250108615701971,0.215329325799182,0.13788899954296585,0.10567334664584921
0.154425101886749,-0.07819664148156284,0.1796281493741233,0.17841270490807767,-0.02382195406141836,0.07665342793780823,0.1027515980825147,0.21312332068982623,0.16534506092442114,-0.003540422129760305,0.043758248027508544,-0.04881961401171406,0.0035353925975006124,0.11063738201040194,-0.008081299965380363,-0.04163978693383515,0.08274529402173675,0.008872013589605314,0.06515478452640343,0.19880767690034906,-0.007222417916700066,-0.0036975692203551104,0.09027561727849762,0.20638275822252786,0.0768425190379435,0.12531395249138472,-0.1614260194122126,0.09252263836733879,0.12640480238928745,-0.0070567388474598175,0.11043121889387886,0.1279914793102701,0.17013706948281926,0.032385632938150714,-0.04743406451682582,0.06047452541011173,0.000623631922726204,0.1413779001709951,0.08027007747297502,0.1612183704409539,0.14697663394828123,0.12071733362950597,-0.15101656304634162,-0.16166937987529925,0.10579232007912684,0.01624656994635434,0.10529930958609084,0.2172226396582091,0.05577534502994195,0.07500747142856853,0.013649964648576833,0.0918302262246196,-0.09239050815939825,0.12620552868663532,0.07364697425789017,0.03672079287674931,-0.07245887127266432,0.09990237588389489,-0.0003371475769805641,0.20351188607452808,0.09303843971199591,0.1634109050407806,0.15344807146324893,0.025060721605542353,0.06416406162891883,0.11604273782786748,0.14707661846435668,0.140265468115945,0.02999986049320231
0.19302610913961424,-0.04561957769447156,0.2585551541764635,0.2002411430753016,0.28076555239723044,0.1488755523464921,0.03380606995346073,0.2122901195792327,0.24215385688484956,0.022220940059024367,0.02193037881932406,0.15957434338692775,-0.03936566073746043,0.18300974408398168,0.26445344681118316,0.0589941278030242,0.10796590220352632,0.021719159141305767,0.2822099305612417,0.20803164360759963,0.035879489863436045,0.10254433111519642,0.21701596724712957,0.2426061565958355,0.2326519595157451,0.2440488313883757,0.06224974321816302,0.22957511116355372,0.21297418430307632,0.047674046469446764,0.09110291252643693,0.1398722379336046,0.15696511314128267,0.1368271024719019,0.19242511880198732,0.1354040192184724,0.03155607028429955,0.14343619303456814,0.29071289051676025,0.10799137262755547,0.2668666228014681,0.24722357154931635,0.047175529144892106,0.09166545474029775,0.11468323348741036,0.19326647882236514,0.11890263612493174,0.20557549901380867,0.042060505601538206,0.17726333144660006,0.24067577003975552,0.013477760325421776,-0.04521737735499858,0.24630472091115607,0.16367243938758474,0.08681398178087815,0.05863988749423801,0.13038094919844234,0.023653258032276598,0.23200702131202147,0.11009940903397368,0.20688319255433357,0.08850074832797881,0.13534689811942263,0.1958079951061691,0.2971557324170545,0.1747582882525372,0.1335326144510486,0.1966298393409935
0.1699726904396398,-0.09531241313265686,0.2456224709579379,0.18411832033785652,0.023385822649457266,0.046974454362205056,0.045725423120692534,0.22169014848303903,0.22049809579255275,-0.0013583795377547065,0.07792488918533315,0.006823515429068051,0.014640609656531559,0.1678997873794125,0.13675540870259245,-0.04678441840222643,0.029079949480468055,0.019412102640778604,0.2128361477243176,0.20483235344172618,-0.04131983159511126,-0.0009853098002930748,0.10947846024132514,0.2071373664182329,0.09380111125867625,0.2060520617502247,-0.11910376486160952,0.2208358882101362,0.16483462894034648,-0.0008202089315467128,0.11116662709330212,0.16084375472001058,0.13995923214994396,0.035342008283172945,0.15503649334418548,0.015832952730924697,-0.0007583386910686855,0.13659328728514872,0.13328476014812757,0.11282332307930912,0.1860958420781301,0.1833665598832343,-0.11071601459911652,-0.10847632581672971,0.09657249988645066,0.11136987455401266,0.06393587344354695,0.11414282982808575,0.0692217895929238,0.13048588756272342,0.13905527538054302,0.020809609310655296,-0.10354046856059484,0.1605898882824454,0.17229138595862048,0.09303525750197376,-0.07643338510444193,0.01609947047353025,0.0005133614143047999,0.20615152704708878,0.10846301011850942,0.17419225383633027,0.1397553409685439,0.09470800800939459,0.15686117836932204,0.1957756728819678,0.1552765683165613,0.18527638851505637,0.03222283804309966
0.12784046981670968,-0.02581903176149762,0.1117311611114008,0.18405260889815148,-0.08476373468246401,0.11885839282532958,0.0398270191484416,0.21749036227115706,0.2412118742384685,0.004642450711353317,0.04766048343252013,0.18074974195974222,0.0006919344963140742,0.21568835977092624,0.1993430763094208,0.08346538368356628,0.08134653537298325,0.010342639505250332,0.2817147724176119,0.18003859339539965,0.058708064467386994,0.007792561021546847,0.210173861576817,0.2541967951873821,0.1608279928889079,0.25124556918307195,-0.0407531804067463,0.1979139444649171,0.23000302229531824,0.12707380913463903,0.10732762899613815,0.14366045679543907,0.18861932170138954,0.03007169936101915,0.23161489302683397,0.15255556411543866,0.1559154069577011,0.1598178589595565,0.25133987032618094,0.1193393063540701,0.2051530839393947,0.20479810857371125,0.06797723700978105,-0.05963343902480412,0.07478732582672387,0.15301846512546138,0.11215868861257167,0.0810511702881119,0.0780810735612605,0.17014292669350858,0.12827830420747638,0.007376655236734543,0.03599255175855454,0.19055798610598404,0.13161724801822305,0.067384100829825,0.012123826184179301,0.10589432012418634,0.007275384872287951,0.21739967636351917,0.15017236143458612,0.14884996730512923,0.07397126926843826,0.13767486268956775,0.18181145115290562,0.30313711846130104,0.21673414703213312,0.13526001218931036,0.11205875470446693
0.19381116534491596,-0.12441322521308312,0.15999519170271082,0.1731296433556454,0.12318149042346602,0.03794334882557129,0.09118575157236888,0.21522470602244465,0.1003031861429598,5.439570994046638e-05,0.05589311251528872,0.06955114487387899,0.054134690332827404,0.10289185121979025,0.1774355108037407,0.03623552685041342,0.05635181282143971,0.0036014073056283716,0.1531016074124659,0.19861720113442874,-0.09042054456983237,0.0012611067463354033,0.11028024345943864,0.161294502751631,0.11719497290447953,0.14587098062655784,-0.09996718787673503,0.1980943457803,0.11168313222276115,-0.007526250209134375,0.1323725683215708,0.13171961826778114,0.04661008899516907,0.056492232773893244,0.05199597099665526,0.06752686246601908,0.023790062234879786,0.10464016713756326,0.07575285967699355,0.2233885626522621,0.207700309550334,-0.009330910647312205,-0.09431455971244174,-0.0798848018531847,0.12296614526808046,0.09205144713657212,0.07855288105562641,0.1896031098802147,0.1006314488832802,0.09756142648097897,0.12571488493011926,0.030839514761424956,-0.1067993128157759,0.07470849537490139,0.1777219557816535,0.03791628754411248,-0.09756393701192882,0.05450836980752483,-0.0012859264918036412,0.20075564915451632,0.19195449850111412,0.14627683084603657,0.21019468229752342,0.08061428150959915,0.018154106064903117,0.16531808641319345,0.19632635001473225,0.15024068253013262,0.09394568966996515
0.18320298093542256,-0.021424638011999817,0.22279506524301598,0.1740380233702937,0.08093135390473301,0.09181977703156248,0.08039630350168608,0.22023986379817992,0.16995853593675528,0.00788543542856647,0.07801174627582115,0.20454130532542714,0.0031545315586340604,0.16247231312548532,0.2860009581375301,0.07089194207174976,0.0672621139083436,0.010283587525348912,0.2791425263557007,0.23115932725679914,0.015760490449987716,0.10544796388170687,0.1573205034417942,0.23802499937701518,0.19925896503260349,0.19770104014336834,0.07200226559645251,0.2363396047419539,0.2399228245949648,0.12208870262413787,0.20683117426796863,0.14224548668493806,0.1771750159717594,0.2502338213285807,0.19754749297687643,0.1951032361382563,0.01465240613408645,0.16743656414115116,0.2957733346050233,0.18854413385738764,0.17267618352735872,0.13421458804017852,-0.004736775978014158,0.011729729954488646,0.10369180968919016,0.15677115885003812,0.17364304118524454,0.1487851301136654,0.04639742321353726,0.1794430924977309,0.2156960822086294,0.23248633869246016,-0.04524241871479051,0.2345491755919544,0.14627191086598648,0.20427471940857345,0.007074417768949496,0.10828709983427758,0.010100363633208783,0.21710583657687746,0.18468889768977806,0.15848858547526168,0.12037596739225917,0.18156496462315364,0.15382344332049222,0.27342834134372307,0.20918743436240117,0.1688899578924524,0.18363249654627078
0.18697782725638304,-0.04123129791069858,0.1738954330112206,0.17036310808448304,0.25313669856908577,0.11755808216340304,0.059789448453568164,0.22598655904758333,0.1734039486481688,0.0013130375850569022,0.08579760598619827,0.05786089745871053,0.001727021918588468,0.1916407741783227,0.27941261178692983,-0.05676633611878483,0.1624928581933041,0.01717002908240759,0.2962728233297213,0.20281202240983795,0.008149941592452355,0.023564345083480917,0.04292272501138728,0.2205613620928453,0.18758518625656714,0.21577977917207797,-0.03128743517396137,0.22109922316992453,0.19415872153405678,0.20005474704028717,0.12353620138667178,0.14201002488816117,0.15505442004817396,0.15484085269617479,0.004550697348872037,0.18439291996818227,0.01001308542440367,0.175041639596906,0.21341810550752016,0.15661213620084438,0.18246281059693717,0.1836987654558747,-0.057052243911497026,-0.030523061926212864,0.16853059410282115,0.11454513750067606,0.13333431640631332,0.1572237201975796,0.07409637818562828,0.16791811893136438,0.2614010387548054,0.011879891075741217,-0.0591898796805859,0.2000608831142456,0.24417696053691776,0.09305443251072659,-0.05294030364913991,0.1261970518341528,0.003083656638392471,0.21401328328953778,0.12796834199994356,0.11202344711507614,0.09995115094805554,0.14521843880735275,0.17090925132133375,0.2637197252143073,0.1928390387564251,0.19795215304952668,0.1339615507032953
-0.12168290607817249,-0.002593429028741636,0.18495567958309433,0.07808155265892129,0.2129414991200574,-0.04760818496230957,-0.11735721844538027,-0.048398750331329454,0.10277280900546955,0.01591155814681954,-0.0031458902935488594,-0.05389661064344231,0.013194754697751549,0.007838344159182564,0.11913876929786338,-0.044865768752419495,-0.029137283642193382,-0.0406199610496162,0.13805936332250618,-0.03254132206326937,0.0067131929697214375,-0.01157519214842143,0.04690660025353636,0.07331139678499327,0.003452723572513371,-0.010423601376330418,0.035538253124789136,-0.09780931520326633,-0.032324887746723964,0.08147296793790973,-0.1800155616526555,0.06439019120886619,0.02421997648122919,0.16680219082077166,0.08729708855419187,-0.04789959843497962,-0.012778364175657283,0.0059633617959185,-0.0782377267385807,-0.04523336953604898,-0.04027229545960769,0.209091377341654,-0.04888912864713897,0.1487961275454944,-0.05467732816406647,0.05868501013164491,-0.14960480685270236,-0.02970737398382091,0.10842958988573982,0.05080630868634123,0.04780810642739384,0.10051408360380787,-0.013949645936101695,-0.02472601345108381,0.035701634994194716,-0.2680665986516003,0.08389845387646358,0.16543466775124027,0.0038563367246522108,0.11301428026352973,-0.06372134797939619,0.04062977689416361,-0.03407138447608752,-0.09447321382654579,0.0013722610693575226,-0.024031461521991048,0.058747322442623054,0.04412596468748756,-0.061447132686252445
0.06664414605830375,0.09194639520385144,0.13239688520809964,0.20011520786605005,0.2959923112260728,0.05486579012682494,0.2201386944869082,0.21065773941619642,0.17797393938724831,0.01460292132123168,0.09089089833650801,0.07853109950794215,0.10945510920852793,0.22062435972137248,0.3274666951452505,0.0805416737391417,0.09810371983966178,0.2783157512283774,0.28837621144532516,0.23354443426724256,0.017372168313121522,0.01604670381876603,0.18894343839301792,0.2429674006377174,0.26106686963669007,0.22802847180646665,0.1297191425317872,0.3258599078988374,0.1504600529603763,0.1737117475164427,0.18435399761107688,0.20063065038358968,0.1545187667720255,0.22172165960682758,0.17330615259990795,0.2605516997664638,0.02976233312115468,0.27573049970986135,0.2283607028420629,0.10167405247362439,0.2370799632506315,0.20441880075891444,0.0886209369233996,0.18990517802729806,0.15117164759281515,0.14802387687176197,0.1225349175164167,0.263347464805863,0.09060533110647431,0.17878589966235364,0.29479117505999863,0.17500154697085157,0.1342700992630165,0.31105447744515563,0.15788248952401496,0.1489375296834259,0.06898684269822149,0.14211586476564791,0.014951394692367656,0.1997606731045121,0.26285703474069055,0.17614957991725416,0.06824651354218125,0.17972133341395374,0.2213060711317496,0.210125651414466,0.10478885392794951,0.23852730933395064,0.08453189672407604
0.10657190144789655,-0.03728697819337726,0.22794282198401467,0.17412941355931874,0.248354105426913,0.1741125053806022,0.08435444462222957,0.22475222478581575,0.12644768121592775,0.0078861806747237,0.05430451530640623,-0.03363292931756694,0.06531460079564864,0.15796435702233858,0.28943095339199704,0.14131852895574584,0.07139975415243921,0.012278868804110735,0.2822077059613396,0.2304348969146887,0.006692713417495258,0.0027689318119948603,0.11466174383921514,0.22605289000743706,0.16663804538727756,0.2088091959456197,0.053434920213953546,0.1842906065508251,0.1332609822839357,0.12405901336146533,0.07366327434937699,0.1559416489942725,0.19665849339405989,0.10364159242689894,0.08920730562896502,0.12354049642502944,0.08601645757763546,0.2667452852976241,0.22052904095834075,0.1527154672801118,0.15534042461207725,0.16760971651633688,-0.005650394342212937,0.014178337254817545,0.10718375077188344,0.13233297267490352,0.14179822455214003,0.187532593626099,0.11915354876542364,0.053459660856238704,0.21187390465429617,0.06188557838118421,-0.02589835352678112,0.21311534376028426,0.14896182743089825,0.02046116030878776,-0.05844706794005676,0.18928453339399767,0.00840163250998218,0.2087987526773331,0.22566010180311113,0.21998510450101239,0.10795982841245909,0.11482263399323113,0.059108235424940106,0.17471486455060609,0.16106691408218463,0.1890606087275297,0.07767456633966698
0.05357479238018509,0.2048503336967179,0.12679040275989675,0.05251711666689934,0.3063189741603285,0.04722800572286115,0.15718280202063456,0.12918926987808052,0.15901558015657247,0.020980539096516863,0.1305077345369156,0.3087576906242649,0.13175146482100863,0.24685174819785774,0.32339134014749366,0.11378364543420645,0.08291575672645993,0.21437496235804385,0.2933004555601594,-0.05230424649171174,0.03648411958540652,0.1505440965656779,0.18243799582847547,0.22537868657481266,0.26994190914588057,0.1124652392949292,0.22467329115748438,0.198392209087869,0.10097427614296423,0.08080557710400485,-0.11732876960491817,0.10575994433716689,0.06966959802212866,0.23584386915706013,0.32978316768518373,0.2244866289814893,0.038654896017669554,0.1756786595364066,-0.15865897362770537,-0.058316513249253424,0.07748205506837884,0.23106092663455388,0.259406093498098,0.30590405144222715,0.1249013005170665,0.17911746388898808,0.3122064327972317,0.19861021765522038,-0.05292686748750865,0.24736161347790528,0.3115003535003669,0.12923891211163394,0.26745106642438476,0.11940977490026773,0.13745348435125418,0.23447309501717695,0.23019187894788393,0.2085216834919122,0.035930780167870616,0.10534575297440273,0.2925057210243352,0.24053618212520675,0.099208843750344,0.21181314438329324,0.159717201288204,0.26932890314723784,-0.17005218209673698,0.10442775121821321,0.2175050141167379
0.19293594304763143,0.009838571840635472,0.1531677979604706,0.17154695360047234,0.02065454769904592,0.0373124931340216,0.07535636277011,0.2428717965348693,0.2253193722782959,0.007942563278700741,0.0773427179826255,0.21185607790210872,0.1407095482154391,0.1839000927239607,0.2814794358697431,0.18845562906678598,0.10646065999411616,0.016235944313227908,0.32944591256938394,0.18237710595283227,0.0021913241159005523,0.16349704919042488,0.15092891870211336,0.23993736753394507,0.21327576776086168,0.2782578377664734,0.08433036653205604,0.23233400045221578,0.21202580319566203,0.12418254061825226,0.230641687603475,0.15790043791504005,0.17411887480374197,0.09544702846474942,0.275625254690002,0.15430837114207224,0.01878685859977602,0.27135084053854175,0.24449554227984552,0.07737910715918227,0.33835659170245913,0.203826602558635,0.03859156320226418,0.21543477606350372,0.12994310173844348,0.13848455249014374,0.25308911316564375,0.21610919818989613,-0.04192506082137273,0.19528825279138046,0.2767796320896998,0.10770409221690305,0.16584248780263333,0.27679137753707544,0.25183503951629554,0.12688349887367587,0.10790679574498396,0.16437302288217018,0.015533591320889186,0.2796931339520525,0.25001278006636357,0.13436701842127716,0.16737926074641077,0.15531216113315066,0.18981239097911323,0.2429864827330243,0.2521132442251799,0.1076469588197661,0.01186714218015471
-0.10104176123759538,0.1469292295141339,0.06290650217451982,-0.19640502310858857,0.06025404428769308,0.049050483919320806,-0.13552859530346792,-0.08713215385314808,0.13896373256798686,0.008464823244924388,-0.09747898540664955,0.21677823711637456,0.1535568604264819,0.20297039983793136,0.3394646149263799,0.3097933938216369,-0.10615751276617115,0.030878060646882335,0.3312566589438917,0.11034456183359452,0.010914885751654925,0.1692617686773924,0.09471414047104328,0.27721842998730634,0.22747968342764835,-0.08282123064559195,0.18889706050055866,0.09543607361650883,0.1495849626020953,0.20926326705093723,-0.19881660737301246,-0.03426231160828423,0.21635838543395164,0.21718291085594663,0.23606292635128848,0.2140409059932222,0.028568529421928262,0.3522120185300711,-0.2067606777922702,-0.161900558890559,0.19288432252527235,0.1492779161364802,0.3022231628677576,0.3481873897717003,-0.0625887226251172,0.06573014300975792,0.28962234645149576,0.23117723780720145,-0.11180543353500308,-0.03405323301403166,0.18261386290239728,0.058541730781673997,0.17064670688371897,0.23606328600337423,0.1793167429869506,0.2633814301381236,0.18974974147299886,0.14437670723668616,0.017172841720084014,-0.028770338379376235,0.27938868455943877,0.1654136861810324,0.08867094182069216,0.16238244143758726,0.1457890054781703,0.03495314000995711,0.22657562390276914,-0.06419341268643743,0.12590848859209341
0.1869550698194332,0.016785425635097044,0.2117724213635839,0.19956637473538866,0.14017856576528792,0.08732575650287712,0.11014186924572934,0.2583266727421986,0.24366746252650695,0.007483687175715462,0.031244163091738615,0.2603595909189741,0.09194275409603336,0.2663910335458673,0.30987443155192373,0.14344401718814537,0.1264166377119849,0.00997126208909718,0.3090011923977559,0.24439975468459088,0.019166552245298677,0.20430900798232698,0.2569980733405843,0.23164252629106416,0.23999403316690493,0.2545200115142198,0.1086774390398938,0.25920998339922646,0.20274890828393516,0.29500716033432806,0.19274819608988195,0.17514195139307645,0.20822201222458603,0.33227537343230124,0.20625513589772665,0.18993099751353346,0.19193962318190036,0.2412033380941473,0.24241650589745595,0.09323192743882253,0.27856466532423246,0.2149268899700348,0.09845784019119679,0.16183643819575544,0.1511237639813102,0.12774284654834725,0.26774923942227935,0.2013097877804335,0.07905757592690582,0.19621550884653685,0.26817592804674434,0.19368127305580018,-0.07736689415436263,0.2452203516782072,0.24389951622004435,0.19800514464267072,0.09705423907393157,0.23230536139707614,0.009965255171366491,0.30782194150841424,0.1945502019931967,0.27383429202478277,0.11970267854247331,0.1833977934317276,0.19238093057736821,0.29168854365699787,0.21649870446235706,0.1663660587423373,0.16868016858826432
0.1437098764361573,0.013277248371478492,0.19342334942161338,0.19821911965732086,0.21760457559767243,0.09414653148510882,0.11527378529892919,0.18112607045926107,0.16367149025589428,0.003423919777823084,0.05165473060822825,0.06987499492158734,0.17650187296937417,0.14118012649451822,0.3678240298323886,0.07114352830407211,0.11496235627099238,0.008746179650468559,0.2579806802548685,0.21348112932377858,0.004159644863593081,0.20881714041890154,0.1133923375961968,0.24303862631946732,0.2568324702005413,0.2710493821535778,0.09886026640518918,0.2594515296391239,0.15582887313974564,0.23804426136055293,0.12052161553652056,0.10351576007964453,0.2055135163677531,0.2093191855302877,0.14632268115678115,0.19706096868823214,0.013466800744408675,0.15673534502786107,0.19999690561710465,0.07480076883493399,0.2961104001724169,0.24447033024822065,0.11397907689175604,0.128410365164343,0.09625877829515908,0.10195223187628116,0.15549649901040483,0.17261804031190098,0.029192963977099612,0.1374671712768717,0.2822860578295607,0.19972346349551984,0.09700979740675127,0.23756914182577069,0.1891943823427346,0.08159674690486787,0.008284898893182012,-0.04940167506013632,0.00564968955595206,0.1601602240020858,0.22008009815839663,0.15150744475341615,0.22165020957314582,0.09114851012454434,0.14689415541589682,0.16620146325694518,0.25931075849551544,0.1981420432409612,0.051054823972644034
-0.17282091476292105,0.021956791780946578,-0.3224656520428435,-0.03407080983775455,-0.3033088203139312,-0.06818582232556668,-0.07975481762660319,-0.11843451243517157,-0.10032818047403129,-0.005575067658698846,-0.23189493093630653,-0.23662879040473775,-0.03987394353885404,-0.280576623961587,-0.03779838170844964,-0.07378117726978772,-0.05865684373640989,-0.010132750026666845,0.08020888227260442,-0.057727448812285656,-0.12402174576977325,0.004707947614233144,-0.2269519429376542,-0.008243402077510068,-0.23740558482375404,-0.03974740578909951,-0.24028041465061897,-0.1635391010513546,0.005306806782136026,-0.029155589375231977,-0.07737909322853072,-0.18060668349163536,-0.010527635888031406,-0.041216255575848224,-0.06804495729716628,-0.11154611477855483,0.002295007426544961,-0.016854507568385805,-0.15585527290743012,0.02189480585310593,-0.043973954209272456,0.034832349305125396,-0.11668015135533348,-0.05906619055492008,-0.061035153946383966,-0.11321562767411901,-0.23213156918861053,0.02246460807238887,-0.081906581248136,-0.3004543119974376,-0.0752252126646255,-0.1539477259671568,-0.16887758762294508,-0.25803069952191326,-0.14604149658939392,-0.11818613671643603,-0.03705392813569585,0.07711341644214224,-0.0010153920176008174,-0.08890060486940504,-0.14393180865706365,-0.408788091755276,-0.03975283927281245,-0.1886290242307485,-0.06736576775156711,-0.1357337763890325,0.09287297049179472,-0.1364569364709534,-0.04181431002095612
-0.06803166307970221,0.019743055315704774,0.3280195920862847,0.22287065760540942,0.3106088668251365,0.08026152893016067,0.19122976888561302,0.06913527663482484,0.20897325141648987,0.0052552576595517285,-0.02591096157859434,0.0791107027748324,0.11404368281488106,0.12902690945989467,0.302755390244744,0.11180600015393566,0.09262644605670912,0.004187623889800193,0.27948411749125385,0.24397493942827103,0.014499394744074363,0.06741424857499076,0.16792477912187478,0.2540277744633452,0.1633378902008378,0.24471498965978902,0.10051253533312861,0.2685631359863026,0.09372526110454173,0.121294785294552,-0.003158722900069728,0.236160897392802,0.22401018387930063,0.20416433835451167,0.2606087207483341,0.09128791648072251,0.011254330123165936,0.16980562694235266,0.24658883742106555,0.03190449536820362,0.2816454737858935,0.27474800418861167,0.12783371419938072,0.06325644427178871,0.11598553420734724,0.1526436721494626,0.06143887098964207,0.18252393206121373,0.07095361544075246,0.09266818615101868,0.15187496451689347,0.2580434593539205,0.06271420929832228,0.3419379587094694,0.2299932512269843,0.0799438790541547,0.09227216761848568,0.061064429598637546,0.006765426246137607,0.2206079630254492,0.22934608848567922,0.2619701159664946,0.17111993829817382,0.04978796475982772,0.2433897052156177,0.22554587501633153,0.06850594155149994,0.21644946222033376,0.18431063558382976
0.20256381183311636,0.004519279851371388,0.14482759371549894,0.21079806277321744,-0.11092447363903558,0.07392650381523147,0.02232571580345897,0.13165394944514208,0.22368371762445463,-0.0024173508108603545,-0.0014229151936173043,-0.040435289753840344,-0.023848921285472592,0.1654536401040019,0.08994963383665751,0.012336865218102731,-0.020272031944916107,-0.0510158475747267,0.16481996145648473,0.2371079453459456,-0.023749507470902657,-0.03485477619281849,0.05932305614996132,0.24999538212492478,0.06555969378274266,0.24196771319205418,-0.02780988872935255,0.13672209941384927,0.19236064748804113,0.015974924995726537,0.12747730893653417,0.12093358064446649,0.10841942392038931,0.046818973397966986,0.03936075839606766,-0.051095162750294035,0.0010331280578119125,0.05362775971664459,0.014149870924852865,0.018876501560284316,0.18561085591431828,0.10734318191574319,-0.16196280022929668,-0.07939966521925686,0.08279882340162663,0.05290527309678535,-0.057400911196191895,0.03220025266995654,0.021506788196494354,0.02764010707828113,0.046549528982881276,0.031407541708323675,-0.1231027543926747,0.2508456056751028,0.02541924910904099,0.05930424644242233,-0.04667476800637062,-0.012668219676467214,-0.0018590688871415579,0.19715858820998272,0.13283852415258185,0.05306937401496693,0.1416027316678048,-0.01776261871299063,0.08738823510445073,0.1425726621111038,0.1848059422304526,0.18920609264870836,0.004554354827078999
-0.22633363935268708,0.08815273001022728,0.3368345268532048,0.2519307405344351,0.515857109519113,0.166960857362071,0.18948709167685374,-0.004793421351663947,0.031809734636070765,-0.003156996055590519,0.023057389688612352,-0.12686174322205743,0.05251419331886825,0.013135674252738804,0.2905248943128657,-0.1602788248123078,-0.05987042337450791,-0.030406004646069244,0.10097081138848868,-0.045417747245352094,0.030993147332031203,0.004023900408139701,-0.043675074587330186,0.20454619240723718,0.13840351719941835,-0.014706755011797598,0.1312190742371179,0.25061745584095213,-0.1034819457346522,0.16821158050417503,-0.08479893537012613,0.028457303502271138,0.09867532833975919,0.14820439272297165,-0.10835492955692627,0.12990440433917635,0.002216156437608273,0.04652595831059287,0.2014251226274217,0.18099603708434278,0.08182895606061749,0.20390207078315475,0.019035364093924534,0.11967315332525896,-0.14356599511935106,0.1296105064571438,0.026142430867039813,0.05276064402111113,0.12283616534275521,0.2681075763794635,0.011891888710769606,0.26804655192116894,0.09571970696224882,0.18773710493879436,0.23544480148703859,-0.1414876962999165,0.061994642052322066,0.23577972385184906,-0.0005695496511172512,0.07346020956617143,0.1065068290328884,0.25569170084324616,-0.06254858706984169,0.017069162639727825,0.039306841758608574,0.11384276952319361,-0.13945970323356055,0.12975180957169263,0.20396065855458348
-0.04438866546870958,0.13332343219028156,0.2587223615938852,0.2435559625466001,0.08494212560039613,0.11968556385500449,0.14831844887089185,0.18417377351576342,0.07984848006354159,-0.0020636654587712208,-0.049402861388331415,-0.10978215878021388,0.006975759279934322,0.040155748459601494,0.35221332588289667,-0.07906851983623449,0.11039210354765025,-0.0027888879702279027,0.131014304856953,0.06922972504853778,-0.0037186163586032596,-0.09420679394071094,0.029287071755670555,0.2738615498531986,0.05046112251787384,0.1127161056805611,0.10628729418615795,0.23444370287383967,0.028228446536050687,0.008877796263687322,0.1412303813405777,0.18294528254954726,0.11096139694941808,0.06792211390494125,0.00908991541710749,0.0794944488906156,-0.0019026505224632227,0.22551737972502192,-0.014504225119712978,0.07892720312536138,0.028258401339854383,0.32979122668757527,-0.11839558339358514,-0.06289990963818783,-0.002165385648523568,0.07274260182972858,0.0004929441075578264,-0.05207552960717668,0.05494302577329648,0.037102416460160256,0.14519387054823857,0.20282628442648382,-0.018548819340929452,0.334403985115771,0.18526312445602203,-0.059141979227105027,0.05538731229910711,0.05413992140198085,-0.004424512583791916,0.1649147299230034,0.152596557228806,0.13974857054343137,-0.06529127388822427,0.033148610055171134,0.15148671292967195,0.0732717597042258,0.01911024134008857,0.2162496439127306,0.12487730941470333
0.13403409467067015,0.14156325694839308,0.3296232653591919,0.15559546412277472,0.3340987440603593,0.08503781175239741,0.0963070618411742,0.18713321353220344,0.2321969966630857,0.01436407567955037,0.13526244626087947,0.10068906244714781,0.25866810449172295,0.23951060024662624,0.36906533208079884,0.16389689713803018,0.16305175396144528,0.010118086816204392,0.2698429253151172,0.17396732251892366,0.014244957247228176,0.19757418795218198,0.25146844191929535,0.30406515518593075,0.31380520651179294,0.2817653094313475,-0.04022425570334771,0.28700950943966697,0.11479499228734301,0.16784089656643383,0.21268366986553133,0.23418012783585518,0.16118389839280425,0.45378197572846096,0.2935091389284203,0.226893569040987,0.19819547523477204,0.2787497546895604,0.2631341482665954,0.2897555888020929,0.2581222697992747,0.3425448606766693,0.18099267826990847,0.2216388190459298,0.12243710998597103,0.1372382516825529,0.19353210687418154,0.19816194671942255,0.16979225151486707,0.2840993804842613,0.2570225907580257,0.30709863302620083,0.0905523393220537,0.33639396118929654,0.2919005606410939,0.2388418541082398,0.25145189790137673,0.01998783640416628,0.01278136808458195,0.21773754593495312,0.23969928585765898,0.2802762316305033,0.14055093827903126,0.14456111889616188,0.3040571926657661,0.27879502037555276,0.06752358652243932,0.15384152265082035,0.23955177671500716
0.14972713073061225,0.011405347918439897,0.14605153489106792,0.1593186733414089,-0.051394430638310604,-0.006855732227608527,0.025143540816498618,0.14973329221358125,0.2444660962790264,-0.0011992579222179839,0.06948707294610638,0.057282688396360616,0.08119209030904105,0.09996217820495257,0.2955796976736935,0.0872591963916338,0.17844746284500507,0.002297876034103084,0.19645291971017137,0.20095416554736906,-0.000898370743403703,0.12103514422440478,0.038468082357730964,0.22706254475359652,0.2240105149495375,0.21088162354182258,-0.03813481096298278,0.1620065568648216,0.19056574634811288,0.03938772854011446,0.23688751526503365,0.11211874078749462,0.175168624374799,0.25202396523233356,0.03254351533737228,0.10939948670240927,0.005989342745363836,0.24154976130398503,0.22925604790554643,0.009171055297562007,0.1411379374152654,0.08953530128234116,-0.039141764440980394,-0.0957698133879231,0.0726811100081245,0.03170091930656776,0.0466310152833075,0.24557116515560573,-0.007141158000246344,0.12014301227933379,0.15410293685912016,0.004710212828682495,-0.08157696383174294,0.15609582378518316,0.17849981633572728,0.09672486974264194,-0.05817868697446991,0.01281707721188151,0.0049115411247735484,0.12399562812353906,0.13150702186975707,0.054835407412244346,0.2153391470918406,0.04756831477162815,0.1791117908717704,0.09199608775907393,0.22716782123325763,0.1379640833028138,0.011743531703773269
0.17100686098168144,0.09204218671549977,0.11615389473512698,0.18251343615882962,-0.16335656716058516,0.060025703327557314,0.17484925170091983,0.2111638368517271,0.11474569997630676,0.002731525820943585,-0.02399420272972914,0.09525652049228518,0.04522786005286682,0.15261435677215346,0.20137293311280458,0.12692229759998136,0.1493372104908728,0.0048478485952631765,0.1809595500700928,0.17570180323785542,0.00649951812724666,0.2492847973895484,0.0502907850344566,0.18486710246495922,0.2877027815762705,0.22606528127366654,-0.1202161600405415,0.2676609574698269,0.14332293971954213,0.0005723485225002139,0.09694846230263417,0.06179385029052714,0.15006237722523197,0.19672515068988983,0.092971443606675,0.24862660132327064,0.013944037796525427,0.23522914993844515,0.2700238627044368,0.11553471818182044,0.19515782156204928,0.3162579036124777,0.13553935725400787,0.013961374513999947,0.1267148021539863,0.08220501776234773,0.17089764110268982,0.29832610796239106,0.05516933476040327,0.1977767061941725,0.11406543564856833,0.17848092468528268,0.06180892753486157,0.22741011491524982,0.2217474792503975,0.05336516303151589,0.04482544943174755,0.09169190888113701,0.0047151588126443985,0.3455442684201452,0.16426592039017174,0.1410141650975481,0.2287044610316882,0.1777528277039858,0.2633080413969053,0.19024934744843874,0.14543380448235138,0.3025350102149144,0.041325320026589174
0.1683048595890205,-0.07225479206254032,0.12833281918069073,0.08337995113539017,-0.018411770364742987,0.0783408112529473,0.049523831730437964,0.13012657391436705,0.20349866297285507,0.0002945882784050118,0.12024416087235698,0.1041151457609182,0.030449057948360565,0.18242703914489303,0.27445699560046216,-0.01518301550288602,0.12422390227838669,0.020478929914249065,0.22444586529030583,0.19953003910177528,0.025411293857888054,0.20780255313849916,0.11966914825465451,0.10143794502725212,0.2153702013123298,0.22931896314852684,-0.0384162192204725,0.20360129117988893,0.19043737012555742,0.0014221398615050244,0.20599848150081068,0.1719517197306612,0.1414987831462218,0.18318762208133357,0.1887269207682143,0.17660152174231392,0.007276945332852754,0.09911803993527143,0.22587069705341367,0.16619306966336692,0.20473293554711725,0.04596077645863831,0.04750041383558317,0.03385410605867785,0.14333365392348318,0.046907950164659554,0.235690450476908,0.2569554394085623,0.057844014861899565,0.15801464617566427,0.16230823026096636,0.03591846228844674,0.008409040266250238,0.15104299791273168,0.1700451714125859,0.15095193591970146,-0.11825791502115478,0.05308108819602509,0.0034672469317167933,0.14688933673324933,0.1578842099102763,0.1255798929184921,0.15277567923192262,0.17780871917618377,0.27662474110234614,0.2108434826791146,0.21131178082270893,0.0892162399755096,0.03514376018171419
0.05848663710715648,0.09957253519707926,0.4639552549299955,0.1873373361175076,0.3906765839346785,0.24075732320649118,0.09183911498536511,0.06388503819608823,0.2222640901821322,0.0025966423767011275,0.10737085119846629,-0.006145708405957345,0.08250440867267933,0.09205297265694702,0.2771202524990122,-0.006338318703551196,0.12211292722679802,-0.0013374239628238015,0.10977551323423071,0.011570374001446181,0.010887874585779802,0.08785074218024695,0.1469891534820951,0.20307447199944964,0.09516913600832659,0.20934148540024997,0.12137846724923115,0.17214555681787186,-0.049758216596185185,0.005435131474222623,0.12931889586637732,0.2467524940651571,0.13446746561980202,0.10764588131873735,0.09845190231655637,0.12295338521230992,0.0018534799032636122,0.1078021537954243,0.22823270506445031,0.10814996721085504,0.13998675853520692,0.32058344906346803,0.028332179812743306,-0.035467646028158814,0.09439494685342621,0.16055871098814223,0.0978629600783389,0.1651856018485512,0.2491801798199818,0.07909954565008569,0.22486277941015442,0.28104640784744006,-0.08574519179144235,0.23432215886945784,0.2019716767289453,-0.07507308449377424,-0.07193661826848259,-0.0495448103764573,0.004708373230232648,0.12256641991183702,0.0385189856414341,0.2077818698982301,0.01352768101944802,0.21645262642893973,0.1806254657123074,0.25540083703870353,0.010172280408411529,0.16049127760550386,0.17331245297778045
0.14667662126987646,0.10979418763513583,0.37543776964968345,0.21661992172182346,-0.005579961365984926,0.2062337927044397,0.21002910957461768,0.12260454846471872,0.10127791278166495,0.0039545746815982065,0.05668053471101149,-0.05103003550104338,0.11759667207569503,0.07060222637311482,0.3195792574238892,-0.02146592226394598,0.043472144731797474,-0.030400341717610795,0.09766849867631777,0.005812311635860596,0.004171642893610341,0.0749494546002352,0.08928034133248328,0.21557668144402914,0.18178871492991214,0.17096554949797,-0.017604523008638014,0.20798940791844328,0.03425246825605912,0.0031372712255818094,0.24112172944043198,0.1400912837381562,0.13608776313039472,0.08263290686981059,0.21893196769215867,0.22073796167450452,0.0026590960671952187,0.154897965570575,0.19958057903794124,0.1310089499060881,0.2603481063169601,0.3712763438116459,-0.00780425662825484,-0.040437703294001835,0.09000883771930564,0.018983918778094758,0.03860082132323125,0.1658645365643526,0.23818759612578136,0.21153161493481676,0.19707844899541205,0.09732561892252121,-0.0030291568620740574,0.18946739127243872,0.24304216453747302,-0.049046500908769525,-0.09444922041686717,0.187985550597315,0.0009599456405107764,0.17592796748760525,0.11019718209994586,0.17321834917939213,0.15043753410459682,0.10366167980771429,0.23250386740356538,0.2302293755437055,0.1605728753226275,0.26085944784362186,0.15839959061710654
-0.005084037916819578,-0.10234107857181321,0.13236347748309368,0.09199098991239874,0.17609526579794682,-0.04543010377867918,-0.04599956051954047,0.18462833582833824,0.23973921227431377,-0.0007316732868844153,-0.00036038631821818886,0.12550459973152234,-0.06464914840430105,-0.014895647341015181,0.15491299176721537,-0.06183963902498189,0.09337250281808591,-0.0032072102462929577,-0.0747944524831585,0.17422124158034005,-0.012115830693196317,0.012820361906065869,0.05456225824018416,0.04237184964334806,-0.08212058808068863,0.09151795180968683,-0.1028189004772353,0.1519876342690545,0.12323713672967151,-0.0016968427621302216,0.027172917124518803,0.09359035495883632,-0.03843607563758339,0.05751621302827127,0.006921865583722061,0.08091116733074796,-0.001981280563612891,0.042349839029703865,0.18883809799669568,0.08260778452710557,0.020604979527987993,-0.05692651894125946,-0.12780496255500615,-0.14508583580218312,0.12996023356376815,0.07236047044828631,0.09272480729151476,0.14315399030073936,0.05318813539703368,0.005453812822492455,0.04138653351961326,0.039030350350058585,-0.13020861285108623,0.09668359080543208,0.1325396445822295,0.007524281100923546,-0.19789128786093257,-0.06310649748509994,-0.0014935519052604864,0.12807640433287737,-0.05148020196224305,0.10516351130037578,-0.0487141581498894,0.014393224304011515,0.12042432285782462,0.012765661760602513,0.05017081318138368,0.14033638437451548,0.000913665781049187
0.13087603670620948,-0.00807708348918921,0.1923001349060085,0.16718279755011894,0.01914918297005756,0.21040985968545436,0.25556577361205646,0.20391775084691002,0.23507287327320828,0.00036358504445899224,0.09942271574286922,-0.053037014511293654,0.2248452303911708,0.21498705809782173,-0.06351311720456311,-0.013336599095294574,0.0852248837959604,0.004750122153350494,0.023734953766500567,0.1264504658245325,0.012480103912985843,0.05556593478656007,0.029093131672514067,0.0986334008122888,0.23545427952052908,0.04102460131735442,0.001488572518053013,0.20695684196012443,0.1604145476404204,0.0007570638939225286,0.20320563125454766,-0.00030378974698256104,0.22591835614073852,-0.008068290434361355,-0.08139631501295266,0.21049681851563495,0.0018072031743575365,0.12792780752326277,0.16154693320090555,0.07127674593498348,0.13937791401321167,-0.004710167955147207,-0.015233890941459403,-0.08664169373884648,0.050171331586836745,0.16543453020306545,0.17341312377350143,0.05530883177103701,0.05944709652501568,0.10084686877247416,0.026789215473126852,0.03941212503348377,0.11099393729427752,0.16999590048884347,0.11986389427151847,0.0628167672422484,0.017839678271526955,0.11182812875220266,0.0031559710239998243,-0.016592350396441736,0.2267642489274569,0.12336871291980805,0.21756352742029256,0.11842925525401088,0.019312300647133455,0.14901106800163436,0.09360713972937162,0.18258038698811882,0.01642204211495771
-0.11915047621523629,-0.1640298415190802,-0.06794719849927505,-0.13175275010016232,-0.09068235163288897,-0.10003654939341321,-0.19048599666715088,-0.021028109051218415,-0.025729269391743085,-0.0077709363343700785,-0.18953111428344785,-0.22257162938070982,-0.175170408238665,-0.2276304361447456,0.12061560807795078,-0.2663842715511542,-0.21686004632587697,-0.020657114600429568,-0.1449974609669245,-0.23101327357116333,-0.1159112283848732,-0.04274239505818962,-0.12588940990652317,-0.11438837131047712,-0.1707942471753509,-0.10662896972407881,-0.17530221326154666,-0.06932495257550116,-0.11700522974446831,-0.08703838264867873,-0.11740199049854233,-0.18150219454508726,-0.16531377791905355,-0.2230065052014989,-0.10970308106046682,-0.17015631625270952,-0.006370903770755784,-0.11642925247999761,0.06133641205246045,-0.10365032000427937,-0.01392378043771266,-0.106678335263884,-0.16715270781996347,-0.2867347883799724,-0.0928608504722166,-0.07852717891899935,-0.08819837883164441,-0.04999607380135527,-0.14751434165760616,-0.0401078026973618,-0.13316827181656551,-0.21797928201683758,-0.17658474483921913,-0.08972710232296997,0.15785054379056804,-0.1749233508575427,-0.3094413141188403,-0.21254008397429863,,0.06071297040237173,-0.15644219224600237,-0.21706381412044057,-0.15476613481201396,-0.0964036480324881,-0.054705375084782557,-0.1856190403658093,-0.19756994135046407,-0.04945776715433337,-0.0646792275941988
-0.15922514528968537,-0.10066143615785027,0.226122583234954,-0.1555513481013669,0.11762661342797925,-0.03973091951074906,-0.24168732966940132,-0.1615930648202795,-0.17263226171956933,-0.013224409043250103,0.05513231183144379,-0.19325016890537594,-0.26599599742677066,-0.22788998414175518,-0.018565837875729782,-0.3101047512834353,-0.1254579049121931,-0.020480021162191723,-0.2752467638587842,-0.24899046623935422,-0.19701384158169838,-0.14993463968083562,-0.1390810941870426,-0.11260710825499187,-0.15636484064166087,-0.21444178150313117,-0.2588402531687459,-0.15670711751315106,-0.14882657805992303,-0.0057969355344383924,-0.17455000749737176,-0.14945696760012953,-0.2510538304642611,-0.32345957068385667,-0.18162076383929718,-0.058967986165186115,-0.010425864508648283,-0.2391982263052705,0.12727550540681704,-0.052635098122577204,-0.02889411007433917,-0.16201483644396653,-0.1787805779369457,-0.21675794481817603,-0.24791711542502506,-0.009302087176655786,-0.030811870714526776,-0.1054232161100466,-0.12987923858237582,-0.031704514333919416,-0.13187175347142116,-0.1797827046104883,-0.2594102259227392,-0.2430873620891944,-0.147956721532092,-0.19023346698344692,-0.2563147220137491,-0.16703085040124108,,0.10070379493071967,-0.16464378101904034,0.013977925905334433,-0.19453927478375005,-0.05505785767298435,-0.11691996046965478,-0.11542130751414797,-0.19896196903574923,0.03358575853064809,-0.01021465168268222
0.2480352160224099,0.059368235061262514,0.4071190515125017,-0.009127521479750265,0.49159954156975,0.09342961056483541,0.21401105594864703,0.039837467442068564,0.17620808919708766,-0.007180876637641986,0.1567616977744117,0.2945955507314692,0.2769782008805036,0.15676699531324428,0.371107326043906,0.13432030741851309,0.102095127605451,0.006367002775601862,0.2411408119548394,0.12604900631676927,0.0032439953590300517,0.01305673203814104,0.32342812813992455,0.1430095111337918,0.20979834050315768,0.19965972844961621,0.00238662262648614,0.21297400098038294,0.04290825634153596,0.16235565180690395,0.23827055734852412,0.17849950586181487,0.18427629533501194,0.40115110255227565,0.3306321509188162,0.23133665819452331,0.011503481990335206,0.2760554084762132,0.24167603741600935,0.21443047025313375,0.43520184165904774,0.3060015705036238,0.12164759392715054,0.2564820310090014,0.16149110262572797,0.13685619580511882,0.008699637456995847,0.22975355240353407,0.2454576515976979,0.16410939145993653,0.1522587367467034,0.13703424999000058,0.1257665339621194,-0.032188007548714655,0.2705547220700589,0.16917094775433023,-0.018379339788577257,0.13696395272013262,0.004109578215755175,0.22785885825297947,0.08952643685065954,0.016786976366157697,0.113793527351586,0.18236565564062818,0.19276888646629808,0.2963856773101021,0.18483856311492283,0.12698468030576965,0.0036902484498969592
0.21452648382481043,-0.10718949709269908,0.001389317777973241,0.0007077305439691475,0.1919580838400391,-0.037271170255445914,0.04423744777990036,-0.00904607866311921,0.19724178335726023,,0.1048471555174958,0.05657525021108507,-0.04835209054657977,0.06533590686877623,0.08402816113970868,,0.05392893691935726,0.07417461049331033,0.21284025130838682,0.07151646465341792,-0.04219414274775971,0.10442610583259172,0.2132230684600279,0.021178809278261473,,0.15219566312551713,-0.06007122154829767,-0.01442095822625383,0.08213673765572653,0.009902050280438468,,0.09248698368041064,0.029737063893905465,0.20475741642126805,0.1352102764155063,0.1536106390607038,0.009711386699073093,0.10465299128109554,0.20308055213888568,0.06440780246287071,0.15153182442131372,0.1136673931130403,-0.03564832161104317,-0.04503245689391921,0.04073869677332615,0.16734989109621046,0.012120139947373714,0.18848707831609732,-0.03724628548391126,0.09303553562130289,0.031160533554439318,-0.06650916124617438,-0.08122825528195836,0.020670853617220587,0.23143356222918057,0.11082147209611276,-0.09504669496010835,-0.01867059872591724,,0.22594392161873372,-0.01498951134956117,-0.16704229899759654,0.020382916934243118,0.16695823559293937,0.1749915388743716,0.31485957749742133,0.1921886490050184,0.0825752806697132,-0.006132007516395908
-0.04260799268671818,-0.028394333354658678,0.19282994497869738,-0.07735686366109557,0.4600226900408041,-0.022985988509488138,0.0043496264801381294,-0.11762897633299305,-0.11415680120125248,4.313464186199516e-05,-0.14336185421136088,-0.009212192653540565,0.10386884058237907,-0.07489428227741865,0.41838418577387215,-0.23155772472822425,-0.11839246104395008,-0.001830198256269742,-0.09010062510420651,-0.14759032828041047,-0.0021481041974816756,-0.005258509632051467,-0.043755800353028305,0.0034337291194193676,-0.1037661062101787,-0.09394213046515638,-0.165579151213843,0.13677541355963288,-0.17197270129089637,0.04427128526606988,-0.08279898591716993,-0.025013637688237285,-0.019045085249169928,0.048723857328826184,0.10206475263076087,-0.028911473286736433,-0.0025907232647332584,0.10322985179614104,-0.09324464581311592,0.0241909642089497,0.13009215460901538,0.017343848940380584,-0.10337426125531121,-0.019509552201457656,-0.13124008647730934,0.07758615470067043,-0.06962584213906121,-0.022387042661082844,0.12996382251801852,-0.07494314313791638,0.07486376696540976,0.04665467205434361,-0.014834377807137504,0.04198120776618798,0.2048903790934145,-0.08754407191772635,-0.15396426683158415,-0.08765328269493348,-0.0038271394139417006,-0.04568101278940389,-0.03966591155484333,0.15611984436611698,-0.16938100162546338,-0.05012602423021229,-0.0684854402411325,-0.007688257064329113,-0.04751626849249516,0.08547981221345043,-0.0026442464231012587
0.14663038576101534,0.04727949335591012,0.4083654593486849,0.11930670456699931,0.5998664246902302,0.13972672097161878,0.268274120832075,0.15928705406886692,0.003656819140544427,-0.0004949391582439471,-0.02869249244583968,0.18007346134337426,0.279021452803363,0.08473916304801246,0.47099423144478764,0.03505288414786578,-0.01913989274730917,,,-0.026932738677707655,-0.015645846589777454,0.040108804263338044,0.10817933380636738,0.20403957254577906,0.09091573338624617,,0.07293905491077693,0.35992758422290105,0.024087684081634222,0.009286821472135689,0.14718835208350745,0.1435774292144086,0.04773749538443702,0.32985919047774526,0.33320826317240426,0.08173696287001611,,0.3067423978133162,0.03227762602979508,0.09600703250316255,0.26994723281325755,0.20748272719372457,0.00404091565141486,0.042210309531219146,0.06521894746054772,0.05948885054740118,-0.05315137632561962,,0.22536252760837192,0.08512507025206345,0.2551525975070673,0.2744841731535257,0.0499479384690487,0.3390326072132569,0.1919026870759005,-0.03290296151971083,0.034228391213065375,0.17666008771358155,0.0029381225484230136,0.10717978366159496,,0.1959981885868067,,,,0.10742360017418663,,0.17509107698200976,0.06963839878438653
0.041487940274121435,-0.09762811517435142,0.11902672399482148,0.07221953894020333,0.1121996027852692,-0.011574887459344315,0.02860115420050068,-0.0880387881953696,-0.0023347454444913912,-0.00767735516650652,-0.10127941097616737,-0.07548294684497511,0.04269812772924168,0.13987220543205797,0.2594776388971787,-0.06216609837521106,0.007926364576454204,-0.014039527105681156,0.07790613893520287,-0.03930102910305313,-0.04005004028250859,-0.004053734934133013,0.050026955318925384,0.13417606889213374,-0.04335232389753614,,-0.08948456008481108,0.036463039255376445,-0.028727883661317,-0.001149970416762227,-0.0037498903864936475,0.09603898258234903,-0.003972085389711064,0.07289611595228249,0.052234430182590524,0.1353600857207572,-0.0004463923339398771,,0.045816307411585565,-0.03412557442309,0.19077435952678745,0.20664545423499095,-0.14170041181689358,-0.17174545616809953,0.05494730024578835,0.059595499474034135,-0.18861626624510497,0.004919034348101131,0.10274687796136077,0.07327356115178989,0.02237493886405021,-0.020256721645246962,-0.14078470258545345,0.0886888495451346,0.21968767748535944,-0.08774920796169096,-0.0837550013043165,-0.12735358319456533,-0.0006485756637750648,0.11523617775523427,0.054736653726761064,-0.14515267067835888,-0.07860189369476664,-0.05564962292386281,0.08823956864675823,0.09630025846714395,,0.18701190193583606,-0.08553959212650789
-0.030782309767995432,0.13312807551081554,0.3164681232067921,0.08359868538161554,0.3168604039542472,0.2863089681221324,0.18614628452254578,-0.03666258964722002,0.012667657843690132,0.0022769175947822805,-0.003644876299423929,-0.004854733556681437,0.2301127091420975,0.02449260813405011,0.3555703992001037,-0.0871128202968155,-0.08162878597353485,-0.007437684483987855,0.06183912118211191,-0.012359155096373881,0.0019063973462301498,-0.03721731791075175,-0.06446806442536007,0.11443733172694014,0.03151378824187341,0.035335067159701396,0.128451084283573,0.14655366268235534,-0.06387421130946812,0.0045268459762656185,0.005920284139563748,0.1347489601535677,0.0377585508078753,0.00548969536943637,-0.03791163493370602,0.0630592561231189,-0.0029692771160988963,0.1743637294490286,0.04381017744846522,0.22514393391762438,0.07177836873084434,0.16684007525390523,0.07362276305174807,-0.09870103358599991,-0.03088238086184682,-0.030955832518257204,0.05473392209631294,-0.01396928860381675,-0.004176711962697563,0.017738095621933715,0.07102082237254985,0.152992981616376,0.013312489834398323,0.2108377410860333,0.08728917810282637,-0.0717785933763256,-0.022837325277004803,0.25854734287259584,-0.005029020233177936,0.019167621629783256,0.032863417058653865,0.19870986629209988,-0.044005884485734954,0.016921012599855272,0.00968175537308073,0.0960397308692378,-0.04405243342123415,0.183320701983159,0.0012633821383958163
0.11057355342854092,-0.20192349251441888,0.0012967345204983381,0.014323880432835114,0.30949625488121746,-0.07821455575302091,0.08449355601789241,0.07052338241406692,-0.07477432221618369,0.001841253880038867,-0.19428303442985367,0.035460915104662795,0.14753001513752087,0.010528483109419739,0.21077197471153616,-0.05067435598761311,-0.10867551707067667,0.12590356558072105,0.069203682933259,-0.04046157179158699,-0.0044726436029324385,0.019544101427527043,-0.13214352325860373,0.035034614079004135,-0.013478752268885934,0.0034628906847402,-0.13529361482922916,0.03982419286302063,0.04785819748902575,0.0024186861161445018,-0.05355930066296237,-0.04378206258420273,-0.07849510629957888,0.22615975950975567,-0.01776637389903481,-0.04352216490538822,0.05283703088651877,0.11602986710590374,-0.15231780966867223,-0.0637056163731591,-0.052700453089794985,-0.022197743398574873,-0.029226689360233354,-0.13060778970561046,-0.06508210497746268,-0.09814995339767055,-0.03126205909814172,0.15630109083889013,0.030057698404468258,-0.1446234818970228,0.00527278738451313,0.015617906740990187,-0.08187228462421961,0.09528050389037919,0.10488478248420455,0.027474588774116283,-0.11078384579233276,-0.09936100071202918,0.016519949210450767,-0.16154281123729916,0.05329489788927804,0.09476434742971482,-0.05565898303502494,-0.0936368449682586,-0.08594394611069248,-0.0006596413472219286,0.026685749747208307,0.14204562921762193,-0.08616393030417237
0.18148738314175136,-0.08066288171682282,0.06141354921380273,0.10827169796781862,0.12603142093345068,0.08992198547093637,0.01611954598397175,-0.06306077830073005,-0.07762056047225928,-0.00480305288236459,-0.036554898766856934,-0.042590026588054275,0.08957120227389923,0.08509191429587681,0.12766950715137074,-0.09907998970172298,-0.004146849302693156,0.021700766365420513,0.011639051155578508,-0.054978258390380425,-0.049584683186537054,-0.00024019238578697525,-0.09993504308773582,0.11043987999063704,-0.07265222144797112,0.05859434812201654,-0.15263661448301827,-0.02238407920209987,-0.032797452997161934,-0.011793293387788416,-0.07302172937832174,-0.016970226993779397,-0.005568039203312632,-0.04119187107728227,-0.0512548034176478,-0.0053037269331810315,,0.13897706738859572,-0.07537298041503426,0.13152659635839525,0.027997553994256203,0.02835290741319725,-0.13163264364581473,-0.20355420462855345,-0.021979160736586616,-0.045593333253860745,-0.02609950276004595,0.09731087017056625,0.041201044201584915,-0.037975829769415395,-0.07471895169383655,-0.02075235973946263,-0.14564391335525043,0.028794033726112785,0.12659793792122,0.025346827100157048,-0.12679651722329915,-0.10067296471546075,-0.005818461626480609,-0.002041438347972563,0.20603470046440409,0.186907601530191,0.02182049874494129,-0.04106106750466181,0.005640399657853603,0.019303165539277554,,0.217386172388785,-0.06190042476009853
-0.09270570782846527,-0.07252269373782971,0.20972012091018816,0.04688684349746531,0.2543582352921781,0.06003512932666211,0.036519035313230384,-0.05157085117426846,-0.11946939250483213,0.0025814633514940773,-0.20969412665958184,-0.06747097823388108,0.03474470848844952,-0.0165276938464935,0.27588703338794834,-0.145028031038555,-0.1558311233980553,-0.00318568904945324,-0.06410772841196985,-0.1552698697781577,-0.00409331735541872,-0.006434056977195042,-0.15743295620343817,0.0017070795111747792,-0.08986124501737466,-0.10267328680074403,-0.06066419146072602,0.0423973640767124,-0.13611861262867483,-0.0015665969011057655,-0.161546164671392,-0.09262208890569383,-0.05190211931133387,0.07071789163338889,0.08188283439313251,0.18034808432534327,-0.0015502670188361227,-0.023861125195519264,-0.18590356121500998,-0.08340563613200043,-0.024891706878357293,-0.018898180700838273,-0.10999300280471702,-0.12642476773352268,-0.18315763740821925,-0.004627541590991814,-0.13338609684021077,-0.06588509447914313,0.0428747633949358,-0.17263636362142554,0.010814795372782036,-2.8483075471815312e-05,-0.17170055420193325,0.060402065725877696,0.14409722076355752,-0.12000625166673674,-0.16387202761231268,-0.09736324937380073,-0.005011781996106022,-0.1549210356115581,-0.018519523251157542,0.09900509003819269,-0.15293462799706792,-0.11429947939389518,-0.14806533692114213,-0.1107613321108917,-0.08276008280793364,0.1484064400997586,-0.07074489443271584
0.17956291235574148,-0.006310136389093121,0.2781333279554266,0.15544600138989909,0.21690589386903014,0.13767076225474784,0.28977757748934324,0.15030808869763185,0.18566674301388833,0.013034544051019928,0.09437185359404658,0.19733477819649256,0.2977232361042123,0.19879261640193605,0.38305889532091286,0.07547355225248982,0.1316227481458972,0.2815097543924868,0.30002956883278475,0.18754073184039508,0.09090679942029997,0.19382327978523292,0.2136983510008726,0.20646103823063897,0.2755696153844235,0.26913844495508077,-0.049132231131657884,0.29797431291021387,0.1614080588823407,0.014586584786725034,0.23577941723102439,0.22083268611790247,0.15354280683568083,0.26585241737795196,0.3302185019489239,0.33743948391277767,0.02625873495554763,0.29547932201499194,0.21680146633868394,0.21135350526084892,0.231237048843915,0.23589490249816755,0.006927627487896405,0.08256288551356736,0.2077560528713432,0.12946051195629002,0.11375329782638788,0.25027814040179786,0.20755492687742233,0.22038448163768118,0.30169796685074124,0.29689916353558465,0.022122626054594377,0.2492407768375112,0.175484083690279,0.1304722885291307,0.02504196540298682,0.23409580355517431,0.02781027687016484,0.1845379842095102,0.21690047185257472,0.22783692970979377,0.1873916587805367,0.18493386038391513,0.2523619252204706,0.21888818293938575,0.288565354799466,0.20329875963748897,0.13318033543953234
0.14052822640886928,-0.052204300242515975,0.27702659310736616,0.06871332812924533,0.3976818063869798,0.12218801622222333,0.11437178176708716,-0.1217913950882859,0.039560479863164466,-0.0014517192806030813,0.036264393578776644,0.006395173092571617,0.13553455626980793,0.0775865315795655,0.0892226930075489,-0.10055874090623951,-0.013163209052012882,-0.01664183109406552,-0.05831610695409129,-0.07382281301452463,-0.10621394350316014,-0.021190295717365238,0.07572897671290715,0.06773315847662961,0.03141652503704345,0.09540679839446596,-0.12316995709014249,0.052388420249217534,-0.07401495361839038,-0.000723921363278693,0.07451946827326589,0.14581286448560413,0.0733577310931322,0.05628065788801446,0.18347942191821381,0.04339343458542606,-0.0027035611725751314,0.07623558124593681,-0.021733050396422572,0.2450187961283421,0.15683981577209047,0.18471139546640264,-0.19138724466222962,-0.17163827491217662,-0.01340385654242996,0.05725440119746166,-0.021376232856734886,-0.11337217136307101,0.10634470798261408,-0.03230009796874326,0.14407900448849376,0.0933504987656638,-0.11899937861769273,0.15241861636007467,0.25166078504293493,-0.030127148816022447,-0.13915128817915223,0.07436873752143482,-0.0029406033000864544,0.0009518097524665094,0.10156206765624541,0.14220620653860586,0.021509000197974675,-0.08842589090196802,-0.010144808772656999,-0.029317640706068713,-0.09659882077451663,0.19064531408574054,0.07156972166177784
