1319,68,1178,67,843,1112,1344,241,344,740,1252,180,1114,342,804,49,1232,74,822,1099,141,355,117,293,859,447,1353,362,329,838,133,930,99,668,33,407,126,777,1090,188,134,1357,514,192,269,942,698,1211,796,36,273,381,441,1201,401,1031,1108,600,30,437,245,1043,383,113,1047,1026,1278,183,274,852,727,1109,617,1145,857,1226,1079,1223,1253,988,406,376,987,87,764,941,1209,969,976,842,503,171,611,100,209,692,711,388,570,1023,297,327,1183,66,699
0.08370550980699609,-0.027870628678678202,0.33306592999562756,0.14883468086733107,0.1599669496361603,0.30026856737492397,0.2522965795186002,0.0684585003315593,0.21308369492354523,0.22935129904260612,0.2424952613401132,0.3207123148984358,0.3558645112347449,0.31338624790803754,0.11643041868522051,0.2721420483291253,-0.03378037737661939,0.19022818455372648,0.22444884884318433,0.38992222955199474,0.31497733637571124,0.21499064484567143,0.09952147106526604,0.10193253126802347,0.42492005456913373,0.37142184396518596,0.29605049585466714,0.2786487291077996,-0.08653883247565063,0.22814182545433,0.16794883798955484,0.32879922690246405,0.14860768990727527,0.20813783760138863,0.21720425466551935,0.31316941303957163,0.03767012418446111,0.16232317272482402,-0.04669962659072797,0.11721097556760697,0.008387441045602842,0.2362632189347128,0.06877071826062953,0.14928686225547513,0.05244998366776381,0.16786593212473544,0.18797571821218148,0.1673214232216528,0.15378873156339495,0.03291243246410815,0.08369696037515892,0.22191874133675432,0.3438502781244829,0.0418302828929225,0.07809476169546237,-0.03445405718325083,0.1269396823971822,0.18088400879314412,0.17375362849111767,0.2101606817935837,0.20363652883816835,0.3048857312832704,-0.03042308055208129,0.16906959927838255,0.19008361902083867,0.2951037262413649,0.08728863177212329,0.20315436618531174,0.11575019860015451,0.03316015006034228,0.20896871216382998,0.19604364400144703,-0.10383873697055332,0.10460424806740455,0.2045889818616603,0.2026990816646899,-0.028291124203739183,0.23534897905517085,-0.007223519728440339,0.3228271772468365,0.13730296377852555,0.0667606864664364,0.07326018299562488,0.02063126438959347,0.26827527878802027,0.11127608399738963,0.40546604411904064,0.1055182581667879,0.17725429563062506,0.012829029583208642,0.1386442536044579,0.14795804743365018,0.2135725638656025,-0.03291348932229931,0.12482580526291091,0.18139784712271376,0.0973042694916381,0.24861243413084375,-0.13693044868651272,0.08530531920399824,0.012629157296417467,0.04561495043023506,0.035857339835047776,-0.04271233006773784,0.17827462049810486
-0.04124511422381231,0.03530138515332132,0.0637287470771247,0.08874879430518312,0.07466079645053736,-0.014347064088293431,0.057932104598211305,0.02851565538743302,0.06895692784825738,0.057469249669005955,0.0021324141564817854,0.1368614216775722,-0.01905019945813686,0.17745501939653918,0.08641451135365363,0.2536931859727435,-0.1253538300777466,0.08834644024156063,0.1526284561114598,-0.01997288295526762,0.3272621847861672,0.12895259379715593,0.07007324242486118,0.28177142547318673,0.07004209144230125,-0.009367979078717843,0.21975300338165438,0.0723718029874685,-0.10677030119459452,0.023600087261242252,0.10372865584322509,0.07393901115149265,0.31401940801224987,0.06546242069933722,0.10839789083582503,0.09996085069253259,0.0752909685776116,0.16985795835439452,-0.14428010966912472,0.12740330960002605,0.1702914070679754,0.14322326965411902,-0.12465158491534883,0.36809790738955966,0.13252321663415906,0.20438098362657184,0.18117947187880828,0.07254034150386052,0.1433217022954082,0.08468287276892356,0.09862006697611325,0.16410697049281295,-0.08990830125379559,0.04522282241302413,0.13164199241269633,-0.07681607562765856,0.08450137747883493,0.02814330206956655,0.16647992575030968,0.07452897130289089,0.004223392204969017,0.23280344886863477,-0.038670177924698027,0.02307353381793241,0.1641841859581371,0.04027703355017503,0.16441688303529095,0.1446926813911223,0.032502975080197255,-0.008830936793421985,0.176586797782333,0.10549248391999501,-0.09463450236616397,-0.019670285370642922,0.17622368857720802,0.028951476186479655,-0.07368428318471941,0.10492635281841665,-0.03057067698041663,0.03601240794261816,0.21238105042003189,0.010376044794154,0.11209119532113504,0.17611506472719518,0.0706803614388834,-0.11149549570440624,-0.03597646108328866,-0.0795275356579047,0.02850061268991583,-0.004674208171849375,-0.024782810461905485,0.06574391315398527,0.13750296010851748,-0.08126847504459588,0.03291328132038055,0.05952129233765517,0.03500922507849652,0.06252917899884324,-0.20942608468452587,-0.08923341746556615,0.1269424681515379,0.1364697381139351,0.08852523466596009,0.18593150819057389,-0.024398237039480717
0.10374350790164692,0.2131076614486478,0.4492593884669229,0.1510165483812317,0.19440421790166604,0.3004267422234576,0.3542174498089489,0.20397134016123258,0.20575009138198286,0.2150895518347415,0.2725495876533016,0.3333246311216822,0.37624468791736787,0.3254944701344941,0.17365059654182569,0.3307354165981909,-0.056572170416651926,0.20649322032104184,0.2748392591587464,0.31284955582390106,0.3111350516603006,0.2328710742863452,0.1432205801016794,0.16144586577128095,0.4427268378716755,0.42904976621484603,0.48811232400397414,0.3527801280219529,-0.014330161052202766,0.30630768458206364,0.2455808471637242,0.241094420075994,0.3057163529455489,0.21904596516584668,0.16511238129687156,0.26894782845264065,0.12716704304129475,0.11164769608594834,-0.06264252823974936,0.16170171613281487,0.13379352509020864,0.17685700160922074,0.09459303966688702,0.12063228772876324,0.060169306293760945,0.2782115617824199,0.19425173067436224,0.24200662751800006,0.17469087998580218,0.024765994867981644,0.08149124514921326,0.22990659757496582,0.31032830196980343,0.012993715020672078,0.09370755239286689,-0.0421655632036962,0.1408567364177742,0.30831969608350057,0.17454060506992983,0.21272026445998504,0.21569246415298318,0.37089730868548804,-0.005414805774177979,0.153235219377933,0.5165933584459108,0.33012309346263485,0.17762743912516865,0.20661174405688107,0.17332499507405497,0.03508132916787056,0.2680555285009672,0.18166071989832236,-0.04171333716585026,0.10599658265810777,0.2036719321768342,0.20391614379709305,-0.0628659158702491,0.19256537596633932,-0.01826419916902635,0.3890460189205601,0.11404223870464351,0.12324960900299121,0.05140305278714748,0.052247937752392434,0.2393863294810538,0.21348665684227602,0.42522015348283776,0.1080416915706811,0.05140102017933758,0.02772286279787571,0.21858274253956197,0.12543425970508207,0.25263608895047496,-0.003184094240534728,0.1624583963086283,0.10935153811556965,0.22608099593165878,0.3981868510167253,-0.08705703356902902,0.24608576099563567,-0.0037899292739247996,0.07837798465015922,0.08006704879669806,0.014027860640813882,0.1272256036167428
-0.03700449013305805,0.08303097125084391,0.0037519465961157266,0.11905973214771004,0.1134002182971109,0.0355348653082141,0.054409326078454126,0.07260867499579131,0.06571188281363467,0.1775702841401359,0.007007790920652488,0.13661008542842926,0.0004966493567612766,0.22006803873782077,0.06279435563796681,0.17465058129964015,-0.14536378811103182,0.07432201880817188,0.14357447653592537,0.030983258380990353,0.2652221989084129,0.17323472722300737,0.0007262444009408343,0.3004419427549062,0.07223186764837505,-0.013825241483350662,0.165224281333034,0.08220521898461049,-0.12314482148058309,0.15910356262949862,0.07680672978412031,0.038203723580263825,0.3263834165664496,0.020063840916720723,0.11021040576422785,0.1009073554396104,0.06267428408442438,0.16953671169088533,-0.1597029010339162,0.10189877218213689,0.16998762560181202,0.043711820528976694,-0.12311506485292124,0.2604608372977948,0.13827809980027492,0.11416796314478782,0.17700273853022155,0.0607427856272002,0.1955498526578439,0.01849247474009859,0.1056889618899142,0.10756875303831613,0.11704492992383107,-0.004995208887783912,0.09911224608681046,-0.1325605971104357,0.031020781385401403,0.03878301033413482,0.15080898346617985,0.19022185663862792,0.05964811613782183,0.1948652271436842,-0.049886088399612144,0.008275037585401317,0.11637231421563468,0.09387169261657465,0.054740586343933494,0.18777463038736272,-0.013286083304043463,-0.004700365529303094,0.19889233621043886,0.03150612891269688,-0.08651373547298358,-0.03459696778089237,0.16964053410976637,0.1261905268651774,-0.01512062766698031,0.11659497645384145,-0.02651976148785966,0.024150226920639013,0.21110416053562897,0.017391814934174406,0.11602008524767601,0.07479732861109832,0.20280268135125212,-0.094168766185366,-0.012379581403328727,-0.03378460822104047,0.03487471516851146,-0.0060913495190638,0.02964950844597282,0.05193622732596391,0.18592529650919795,-0.08551578688202528,0.03545957856506473,0.05899097449745464,0.044466684582423546,0.09686601031367993,-0.20867683521160368,-0.08704632250883483,0.06967249892072179,0.10519993214818119,0.16764601295277318,0.28396880560945387,-0.033050059554083557
0.12539992727985524,0.12298506682200128,0.37990991037522887,0.192233116519741,0.16116928882334802,0.18659794669351018,0.23995157620513388,-0.06489691969522438,0.09577547015549531,0.21438373073155312,0.07500320476069654,0.3596381549158836,0.2512506193361219,0.24266855647579266,0.06461908343454753,0.2906836799761279,-0.018888993998072933,0.20408244318941945,0.2328285174564053,0.3068680313497685,0.3261800863409919,0.24056960861806012,0.12728477036045527,0.11185539325277735,0.42509384553139595,0.33847954468434566,0.3713397736972405,0.23161569055250716,-0.06432216522023854,0.3356093004251748,0.19542549915817697,0.21763314878930054,0.41862956405587554,0.20758990089819637,0.27057995671999524,0.20993465312854484,0.0882187210844991,0.10657840499781555,-0.042966325408848975,0.1493946700279378,0.07977824893985172,0.2696320277042161,0.001266172011656012,0.19420343320083325,0.12033604846728359,0.184941724903604,0.16035156726798877,0.16584760440057433,0.1709996319810715,0.044169687879799024,0.07058273750863808,0.20871839589062297,0.30012979168024845,-0.06063178789792095,0.05905708521595145,0.026201980593410005,0.21245835293797374,0.1493482507712119,0.10803935201081283,0.20727846785169685,0.11664353532391444,0.3304055344164706,0.06328226517984831,0.16291875103124948,0.24140071758507328,0.24696740931342953,0.14810111979760396,0.20273757040924695,0.16717494213270798,0.10073790713100728,0.21139821326567473,0.15973787103413623,0.013829357340164892,0.16953082417018975,0.18420427487146274,0.22459554826505457,0.07633975180738257,0.18210819362176733,0.16532687673146326,0.2614976049311287,0.13179781150667733,0.0491101215600517,0.08678988938626636,0.09680727008419028,0.21782021302153567,0.17403033301112483,0.38715919415113625,0.15881519711888104,0.21832660640547924,0.05349235479227933,0.1522051910841778,0.24073875234717718,0.2268207204542337,-0.020235777100154378,0.06344567673753035,0.19057999944794923,0.22868987395178053,0.2790266922968501,-0.0788621419621832,0.09007123562898003,0.03233515542232544,0.10199279708367875,0.04810305088960813,0.012262717478769003,0.10861207873994544
0.06442125087244614,0.13716571229138344,0.06975454229310955,0.07183881680691073,0.14001899440270454,0.09071999112900248,0.10448493435148476,0.0008655650183809084,0.08251306258378713,0.19496739109207487,0.017365106775793202,0.22167195627554268,0.07571131203235738,0.33814756951286523,-0.0994003108629313,0.2542407524110111,-0.09189807384847605,0.049243187056818044,0.1860155958270018,0.09416583698907781,0.2609902269818926,0.17496874184297487,0.0032671396240258415,0.2388590933555223,0.22635214460365868,-0.039964879888803116,0.21464937865572403,0.16673599030740882,-0.09189202120088732,0.16694804468788496,0.13679817996698546,0.08617740187894332,0.27946384373602,0.07091296419868873,0.1283039076137741,0.2235651463733421,-0.00628373007673501,0.1605086686064872,-0.15805709798358294,0.28269800591189,0.09167963791091202,0.14732870013378685,-0.1410046788260335,0.22119282220463013,0.0940662922913889,0.18690236980016753,-0.1678684230224689,0.10751617358990401,0.12469281599854841,0.136981090489135,0.07323769214386115,0.14363182995408136,-0.10016739197597813,-0.0028577294597400163,0.1097280012449154,-0.08083813440912119,0.06382673842535294,0.21893703252414357,0.11994013692751954,0.20247375858581196,0.12299589209965446,0.21426172674388425,-0.030911327976398756,0.07755343378615008,0.07172721931890322,-0.01369846661629454,0.1419118072129823,0.1938563836316625,-0.009455523957598981,0.0067272999876023835,0.1105447098401316,0.16054265064911433,-0.10992862205419936,0.09828652168012876,0.19450821795697903,0.11437978765822876,-0.04409595191872155,0.13994893333320327,-0.04134639319585838,0.009432942313348862,0.24025381061586887,0.11757661389401616,0.08894362332121665,0.04271811813773292,0.15760625919590182,-0.12020655124860996,0.07194170695862495,-0.04176726281508077,0.04649502551530697,-0.007700304690382694,-0.0994055233542044,0.10393809599748166,0.19685183138841728,-0.05773723667569431,0.02273554524309012,0.15737866162370323,0.18865130126257507,0.00047468517166277885,-0.20907706177260674,-0.10460109238105086,0.03401480646361905,0.10673259628869647,0.04288897353237119,0.04329690043013544,-0.03812349978949468
0.14271339774565917,0.05449149308759806,0.23373576452682002,0.08836931852402052,0.1666588356119077,0.19275371566575106,0.17462537837585293,-0.05353421906848712,0.1711265444184336,0.18161096210781644,0.18572692335088292,0.16174970214444828,0.25108685597783964,0.22181324874402664,0.07517586304058538,0.26632567749815794,-0.016663242156250688,0.11570617167309166,0.28550962617276215,0.3170269703834952,0.3021840090970698,0.1979080614958592,0.08290964361170222,0.16465924903315474,0.3587650776864797,0.22166367229049405,0.38887078659663704,0.20152137530337638,-0.043537731011502434,0.22442676290679603,0.2709433298982368,0.2505051459260467,0.18127165818519536,0.23435116419718838,0.19515052438162686,0.22123433888740113,0.08594419295884849,0.11390827214312077,-0.020712245732591967,0.22340981954942424,0.13952892234364422,0.19015354230427275,0.06806844775477187,0.2564271371973062,0.06045000672913191,0.19837311570669885,-0.03517136516307028,0.18582291554261027,0.14445170647436611,0.006228686523099452,0.07116394342978014,0.1655902440194812,0.30030246187457926,-0.017961117570922645,0.11862985820361639,-0.014978473628873779,0.08099686302510806,0.16089967108909056,0.1506740555375347,0.20198684369069544,0.14675477004236906,0.28027775673484334,-0.10722307918378064,0.2149903419219534,0.22653422694309713,0.24738537421906362,0.2410349811914811,0.2156119620340677,0.06590297777602076,0.009460789903191005,0.11292773844983645,0.2048105808194037,0.018320355072063838,0.11425422478185032,0.1925876749753605,0.17318035691679246,-0.07725288874114593,0.14872260176951718,-0.02951868528750419,0.21695174516202215,0.12075298854105813,0.03084664402507339,-0.03449854694592204,0.02358755334109187,0.18627747219429258,0.00047318344038042924,0.32034243836589693,0.09381855686713478,0.20887441285950575,0.008172872804732034,0.10849046603031942,0.11239749126303539,0.21633273136033243,0.019168665729237748,0.07171718130306536,0.16753606981472519,0.23102645891544343,0.13236437882606614,-0.12190201873028883,-0.033972574808312124,-0.02499354838779966,0.09753439589189664,0.07751204521079035,-0.0816946334414649,0.035522272729869825
0.058073933519575155,0.11394050847588466,0.14210302592161425,0.11881883086729263,0.0867815346316272,0.13106963294963395,0.014927457463597683,0.012960490439116241,0.09632626885944909,0.19190703188459335,0.0925420081049825,0.1816291997431305,0.09131859770738861,0.13062042402481794,0.11764054022241913,0.16487374977074729,-0.11789455809926122,0.09323947375966159,0.12443382739789138,0.059838099853030007,0.2909767466143679,0.1945327891956326,0.14228141671351519,-0.01173202687444103,0.053740053137335944,0.11517902289645503,0.19217372430104457,0.08318632579486482,-0.08179742641216721,0.20078127562020673,0.06519336375238258,0.030393455879466506,0.3481419845306087,0.050671838878766466,0.1504292066966776,0.07121400084153189,-0.08115875713785813,0.2070748547423579,-0.053424085577831334,0.21326529690686105,0.1714426287302668,0.17727502742811507,-0.11795986914940709,0.2265482594538434,0.15625632117530158,0.24217228635286744,0.10691178227421724,0.1580349778445335,0.18991822381669185,0.02367007064767928,0.1484308206139927,0.14603964201604297,0.06901200100287509,-0.027995966927616998,0.05838945712021552,-0.0642379244441044,0.13569934697338898,0.05271305866435518,0.2049238374782575,0.07989788769935077,0.0639436170321159,0.17700145791708313,-0.07224751629505187,0.10158053780539619,0.07585025266069388,0.09462160107843152,0.033265737146185734,0.08224780495327316,0.0806241180573954,0.06040842663344891,0.1725223228001197,0.060286514095571835,0.016202751245010225,0.02523126904861169,0.18104998120436036,0.0989677442859049,-0.061752508239990386,0.14335785487603606,0.032454906996234115,-0.023623833732720367,0.17887591636770694,0.08105877875173556,0.12567782588313273,0.11982003236333642,0.10330353301130825,-0.0733031692276201,0.22331861788602847,-0.06692575194108771,0.10485453689283013,0.007326272655297808,0.09474190127474398,0.09501151987518855,0.06130113868812967,-0.07679890520245436,0.20709687263060664,0.15703230903553203,0.1214727792959702,0.08529473815069222,-0.13530756241666733,-0.052497447025307314,0.04829837018354838,0.10160286555306224,0.10743187244290084,0.054753880835287615,0.04902218532540385
0.12186268548334425,0.1581781264863524,0.33931491555901094,0.2096979460088327,0.16042137620402896,0.19922257951021324,0.18225195705766106,-0.10377740156857314,0.22226307845710647,0.2087944223713071,0.2316690368583029,0.30286947015049087,0.28110034924554106,0.2636311389114264,0.17705837787936138,0.36605669014781356,-0.10273554701745535,0.2512302111084538,0.28536802931993277,0.3043260363245597,0.28919646537452426,0.17020871220915187,0.15644022666902213,0.07707458125987952,0.35284257018452414,0.37287007634442565,0.3317827122808413,0.27345930232459614,0.02551504741867335,0.3652897696868149,0.2537552272906061,0.1646252466758996,0.17246192656316042,0.21386427817603604,0.292366631683166,0.2496928569188104,0.07166408958434499,0.16569528237044437,0.0735980463484047,0.23096031561674926,0.17368957563311904,0.20739664879862113,0.11613361446858861,0.16914402169808532,0.1956063374379543,0.2028560842274579,0.15351844610731621,0.20797870638707058,0.13691793828001028,0.0033178416172910193,0.10294906961328172,0.18223157147658506,0.34640967541260725,-0.09160338797710921,0.1148391275866464,0.02376343588380241,0.17830523973461204,0.2675680028908283,0.14365549010387274,0.18204486769916084,0.18339374283320442,0.32737809508024596,0.0452721612340176,0.23188263078224525,0.2555175981408502,0.2691616212267802,0.08013896888275751,0.24054581338716113,0.13129543826138906,0.018609696300181673,0.19294889934372655,0.1880073646217355,0.03612381130471936,0.13734842433981984,0.18525365088543774,0.2472075314484915,-0.033943372429687604,0.1979468617342286,0.2305626534744653,0.2684154110093086,0.10694357849305704,0.29525432070166585,0.07758066388466317,0.09103333510411492,0.2688667457614232,0.09366795195693864,0.3982921633642354,0.10885142648486094,0.2533774848878939,0.03390358182778265,0.20512942113031388,0.1876284424406736,0.21812646575821554,0.01319613211519806,-0.13782718390705945,0.25805821295036246,0.18487722853724148,0.3350522941198242,-0.03618600322604662,-0.05441007276943617,-0.031178865593196357,0.11744596395376129,0.09084430763367554,-0.06937481333542506,0.1477090974615885
0.15747946731734574,0.22220254837323625,0.25186805653060235,0.17676828675846443,0.17917661940323892,0.21201720023427698,0.2061653095238224,0.0522767044502354,0.1471604973110825,0.2005738916215762,0.06986188211054019,0.2134713312482599,0.23166324973462457,0.3127165399157088,0.10748806935612229,0.2598535813383761,-0.07274966577351448,0.1924487272562432,0.2544481289484218,0.23613215079197974,0.26710057800258197,0.13913246201786042,0.16938394135557486,0.11592408992103254,0.3588052959328042,0.2615184202202361,0.29985638898103084,0.21667729503522556,-0.08196830683347364,0.23317045414067245,0.12641736865729455,0.1361865700743545,0.2953246689467264,0.21046071495937357,0.2529810894848466,0.21287337884349888,0.020750686413583342,0.16728609662895155,-0.0822274868300627,0.21054415261353296,0.15131403790817136,0.1249764498301482,-0.07226335015727724,0.11455603508077598,0.13609275083552147,0.2539790965267553,0.1448967573752569,0.22107465203372326,0.1471335105533117,0.001083875658824692,0.16147429362133103,0.19947334843301057,0.2640349918993042,-0.030233574547896554,0.11675056159533266,-0.015475403711739699,0.2563456601510465,0.042115594133725905,0.12276518010029559,0.17584753176222168,0.16576111457117348,0.22466663026720934,-0.03878749851164508,0.20815775018859084,0.2753423562996473,0.170077060774311,0.1494468486946373,0.1883664224470492,0.18560943501124824,0.01098030522653084,0.1835590590635619,0.17326240984346356,-0.015731484095236337,0.06052109909857022,0.187838479684763,0.17934526911949603,0.214500506299603,0.184747451425555,0.01290649913731795,0.2072535326046994,0.10488761362400334,0.21053469719915707,0.1396368630941671,0.14103483062790942,0.2346911827894023,0.023811117604065648,0.32066982150509943,-0.014299988249124776,0.1395009156454351,0.010612906963565752,0.22128299065187412,0.2942644987947323,0.21686742790106736,0.034610095345876696,0.14406030619813665,0.1635805758487974,0.2433923115125551,0.20991008148404747,-0.03387354419076551,0.025688384435843314,0.03318854703122629,0.11200751704941733,0.10360007349322603,0.03407036197052571,0.15839933641830733
0.06889924588228089,-0.053730119263123655,0.020301392929634045,-0.028721825556097678,-0.16266374597476574,-0.06482705678122155,0.20563797707993786,0.01719352004577715,0.08995691303265532,0.031974779566696955,-0.030431837177634962,-0.0987274421516045,0.010932863676578529,0.11191330353661047,-0.046503977407625616,-0.0755368032154358,-0.06533921625420742,0.04300504551671666,0.0033911023312156625,0.11966660984170734,-0.08608744438140656,0.07687541491607983,0.07174014873465974,-0.016652391984615468,0.18301911924617825,0.043152500159073584,0.10355414045470482,0.07440474546254142,-0.05427453370842382,-0.22558101276784814,-0.13528602109601684,-0.0680641700034298,0.08702916842874421,-0.0916867055326413,-0.14932396338298745,-0.07892372350727642,-0.04461674807723686,-0.08929246753268967,-0.04814009001530381,-0.03610093794623174,0.09568632247032106,-0.016226551087368608,-0.07290661223001539,-0.2225507099692259,-0.1669278448467207,0.0879455483190669,-0.11250627355670029,-0.0309399790025788,-0.059614401600737686,-0.07822300823877221,0.003374930535925549,-0.09509117338508331,-0.1351786881575171,0.05563049600884415,-0.018419567978616377,0.011307216858851077,0.06812953850962969,-0.1405292473214928,0.006058229527411438,0.035649344525970864,0.05968162231618538,-0.03437733183683402,-0.06702830333959198,0.044532364501449415,-0.09684620449667682,-0.08063769072305318,-0.1856609482522554,-0.20293475443481893,0.07076991295086342,-0.009025914436918723,0.07423266719329677,0.018969028508533693,-0.04851859681683484,-0.09436256826994292,-0.06373029835860242,0.14189134443271653,0.25927066358013956,0.14838074293500447,0.1082279424900032,0.1121728305891394,-0.2043950167971835,0.23721545691426024,-0.1680318220226745,-0.01501073227016161,0.048534074192751075,0.30756031812803664,0.042790803904222074,0.15653747059569925,-0.11506066180564137,-0.005886876547038029,0.17255840213114645,-0.042130899861918446,-0.04790125937009938,-0.06785960254806177,0.00876026479696289,-0.1280479629068127,-0.10385905923918393,0.034581562261105855,-0.1072302224393761,0.01462556669179006,-0.04252108348764418,-0.08401160484425006,0.034630586692106606,-0.11885547053001008,-0.09074264647671927
0.22089010288532676,0.4609764852132126,0.274736847589971,0.2650195441913678,0.2241438295185005,0.3227032224312659,0.31275497289408605,0.3661625014849326,0.28474794560913663,0.10435015503468702,0.17578032006172606,0.45888820877451375,0.46448079935600706,0.3557983585159713,0.17524531669692145,0.28110916463477265,-0.09564957022187308,0.2251727752200026,0.4143065513960605,0.38749138761360385,0.4059567319975609,0.26225754169757753,0.2537300706037595,0.42738092508535336,0.41689538301961276,0.3142495709169217,0.4819247014565653,0.3617630697676701,0.053317311994524365,0.2965929573704161,0.24930486654177939,0.11291519272201683,0.28579849193992896,0.1928906025973948,0.337245127737131,0.4142078405649712,0.2782397824624598,0.14037528033746313,0.055164925594794884,0.3388896344661186,0.24274376421081525,0.2477124540960995,0.09412671237765696,0.35565511342076317,0.46346990231791635,0.369304835923595,0.2903322326455123,0.44059441004737143,0.11869106738503016,0.17024721376609722,0.25543195978615346,0.25071845536076187,0.2914082509117312,0.13779138247660494,0.2227320408570416,0.054837853155022924,0.23700530331764127,0.26681126144135353,0.07899148021469767,0.3571630572367779,0.3438701775087441,0.3523147137938286,0.10988976903211825,0.376062318003016,0.45294464796026496,0.2608873977226953,0.09147590982172481,0.3290116769130125,0.36055862687134177,0.02084384133844703,0.4322515892591486,0.18477727178495407,0.22572901575341828,0.28850718242042694,0.1053413418830369,0.11661428748729723,0.30408768773515327,0.35528604187048174,0.11697567070508215,0.2142388429352922,0.23887825684684563,0.18588964915078432,0.16479326719298024,0.20048626955597118,0.36697011866619306,0.19194505560705494,0.37544713204526536,0.17510494800505377,0.35380621933790685,0.23964263941322064,0.31699887882445976,0.10339424144271225,0.27083167272539754,0.2984349551099139,0.3727471044755037,0.2774515267603354,0.24114536653506602,0.22253815973552585,0.1655113455545371,0.07415960161138192,0.20519102311126777,0.27963198638352615,0.20631415896394412,0.25903278329269575,0.11140146336211697
0.1203491934887371,0.3683565377131778,0.19836605601518387,0.22108788320118203,0.24034326861261315,0.2046980003087404,0.3638974361824988,-0.050334634532327345,0.2860680801662866,0.21632607416579788,0.20368131124344244,0.3224288918447244,0.29285027079785,0.1854560600820426,0.107782249773451,0.26576801643454284,-0.05155717476176527,0.227603445378644,0.3006396825656225,0.35462826447059914,0.33798571286251305,0.22089499899916262,0.2781375891771119,0.12123463273241616,0.33425370359164847,0.22016127842385635,0.3212745707377203,0.34294093707733503,0.0010267848505228915,0.18120549263049215,0.15947218667463525,0.16776617472145924,0.3542009716474667,0.2547476068059368,0.27893743419718553,0.2858107679602154,0.10349320921965821,0.16814095881525062,-0.02828798761898313,0.2982519240558604,0.18504460987422017,0.17555746572319958,-0.13318959374946354,0.1814920647489517,0.20592970673094874,0.36403343638963576,0.21418350621047136,0.21098201509237086,0.21476038580343734,0.03644795631971312,0.27404333010295373,0.26637079646673356,0.20380138267331593,0.1364052331374696,0.16490354046350802,0.04572993740633766,0.20050058063949422,0.21370421136778267,0.3075303855422953,0.17444175968268807,0.3652222353235865,0.28029539518178287,-0.006321231026689189,0.25250567705840116,0.2803141957278483,0.208543647823025,0.27533897417004194,0.21233336922153864,0.2838433950363393,0.012732639548397439,0.3953975283488925,0.16565710349874171,0.017032047654191196,0.12314746983414512,0.18990641797668803,0.22789283225864243,-0.013714725196582365,0.3264076854406478,0.050696549932870386,0.13354141382989285,0.11531792656439731,0.26012262549634935,0.12511321981584358,0.18233008319323332,0.3968948801290129,-0.08194081811814968,0.3984091668607315,0.04227293429932994,0.0971034934063601,0.0043762406435316386,0.2423445028556107,0.23317223368425674,0.2219993409445377,-0.0009907142944874487,0.1980926421330417,0.23519518433719297,0.15064261085753528,0.2505346819774311,-0.10016801837430626,-0.09793360371467737,0.0660887438063856,0.2300272709767579,0.27236183839117806,0.10231416233779542,0.13672802295706812
0.20186015767278143,0.24423786202395464,0.24626644255644264,0.23162168528792354,0.21023532745709744,0.1456245737050072,0.2086456958186713,0.25898799496172786,0.256232992133195,-0.18372351203878215,0.1945408807765949,0.3848147699187784,0.37773477979135234,0.4131608306251516,0.09461527860459291,-0.006615185269381519,0.10881313258493114,0.194069634185712,0.3536517897542216,0.2898641032673498,-0.2205834319342422,0.2853618844367522,0.21292233654710366,0.3733190092197661,0.30735432125987633,0.019486924080020618,0.42365146839563883,0.26278824898094844,0.2648756440693356,0.002311262182002457,0.23446563755565067,0.02016478955467212,0.065103746063276,0.22054757480248055,0.306800126167229,0.29710218228490837,0.28932370782879896,-0.17327413360675942,0.2161863951109349,0.20585795309450267,0.09123686607745972,0.08262645715524244,0.18409954595805983,0.3416235713707232,0.217446306083001,0.3078661486482876,0.15771136551553935,0.3168210988754591,-0.18679939142120025,0.14001960013549825,0.16602136625673752,0.2977517400143362,0.29846929306097847,0.12934171528378965,0.20786151911197212,0.12800617693281813,0.21718908250884214,0.19540005567300273,0.20101045706341397,-0.0569557495496207,0.26301464596459784,0.2783257369650547,0.14820326510211335,0.3606385239332231,0.3497079956757486,0.19967018697454067,0.24603457482015603,0.26032046693552346,0.2603053899950284,0.030287355608615354,0.2603540334626513,0.1777406729735896,0.2556802534260819,0.21227841790997468,-0.06493059838504305,0.22857116347801315,0.1428228499491264,0.09182316329996838,0.09781616814702432,0.1953922154074918,0.06063628500613158,0.1558066030480896,-0.05501717169120218,0.12879716629714666,0.3909169840589072,0.22394197343696812,0.3100711392876098,0.22712054358853115,0.24501933946639873,0.037925768092482576,0.2563543700625673,0.26817130490133073,0.2406659162131059,0.2651741832399531,0.20201065413351868,-0.11247727585872459,0.1394942075246458,0.1445492508916581,0.21265609607026772,0.19190950945583038,0.05481828428564274,0.19916930275004466,0.19455941253625086,0.04704323930431256,0.16332005946713027
0.1820178294890834,0.22203135927251264,0.2363040746279905,0.1518025713749558,0.3439866238712286,0.20425631264585686,0.23217273977607086,0.12116787752306821,0.31913338973987976,0.16754830923427,0.13570239972500103,0.12435131150129261,0.539663982663859,0.41841619191865487,0.15105335135532816,0.13835183839712728,0.06280829887685976,0.28505842647204077,0.32843095886540513,0.4275660276053695,0.27257752858680623,0.2608036256365365,0.27273761492398035,0.30662617684671667,0.29659691251352327,0.34186827500150496,0.43537717516690044,0.18836078884107216,0.1166092112309689,0.2594146746750107,0.18991519381724162,0.1905077549955553,0.10539682393834922,0.29421245788626516,0.31063830291865624,0.35158341114276564,0.15643095527176068,0.11786271239449761,0.028749306102023645,0.2771741910621461,0.2011665838066295,0.12559280785723784,0.056214969894619285,0.46004918525407895,0.11637183344371449,0.21768590753198838,0.13595590345001546,0.37045166272022617,0.11099693559132308,0.14665739820284537,0.23959119151050715,0.19030735170069266,0.29731434976205223,0.1108100944984901,0.217473002067502,0.011241508216538283,0.19285437133096553,0.10436604666343836,0.27607277903165967,0.22074441019745292,0.2788315643428639,0.31597320473435647,-0.12122699003339742,0.3615253122215218,0.3653285616583109,0.23848575607006414,0.30464857822422,0.2959861834517129,0.22984692824642988,0.014890681755135624,0.19870612241472582,0.2132984984398387,-0.07210106483236342,0.1392324383088935,0.1392148363172891,0.250454277084738,-0.014741105515841414,0.28307039825123936,0.13804539503319493,0.262757791014937,0.13324526430960795,0.12180075561235083,-0.08433569737317478,0.0334407353338447,0.4394728246045974,0.294504157867194,0.32728478958800306,0.14098712404148644,0.19082997792940953,0.024602256822485947,0.3673909881039974,0.39617023205177115,0.23190873513285948,0.25491028989236814,0.15758138415610015,0.34244215959742735,0.12490108671484623,0.18375149956311132,0.07554387975719358,0.1692727062521777,0.05375541401828942,0.24083928534635332,0.189340715496847,0.042076399237767854,0.15450148531465624
0.29510455365209076,0.38618271480416927,0.17476069932717894,-0.14641461797508923,0.20568454913756837,0.041381756810695156,0.2773938510055088,0.40659810221964393,0.2703404811441037,-0.11479607898671342,0.21593166876413183,0.3188094120934946,0.5513155521655848,0.48091982832907826,0.18541627835275373,-0.03176462179242428,0.14465130433955745,0.37316143316132505,0.43565481175482995,0.48827251312142783,0.17993588080107395,0.20584439881874814,0.34986333568227845,0.32421136174036114,0.2811856082031382,0.41304481789234837,0.31046261596740665,0.3061289822446691,0.2320493607067003,0.3494996489219703,0.06463532000365442,0.22575193046085731,-0.12767977828878965,0.02396847598176244,0.26829841596509807,0.41115428658861763,0.23479973928215153,-0.1992590011957738,0.25381714554624396,0.28423022470414533,-0.07092987905450411,0.1613443527982846,0.15771672370303835,-0.005434721560007462,0.334736423058763,0.4032366791987766,0.19915476176878608,0.4992267125988318,-0.20769470729031464,0.15502740361087194,0.0591692467604485,0.4240668999496449,0.3144186667048617,0.21429229831466812,0.25868145303062695,0.22833693480378225,0.25395925218594667,0.057816847275406466,0.37078469771326017,0.10149114372002675,0.4588562283735131,0.057466531086486604,0.24896006988508515,0.402835326705,0.4403934347602108,0.285142530722924,-0.0261711641414767,0.29586776625889305,0.3956210850040858,0.02480727567791472,0.10588948439510709,0.2494792958020845,0.16534937073572237,0.15555322773800526,-0.15646048663195083,0.23835813737950706,0.06995082657915626,0.15587807311710744,0.15722455962592397,0.24273750493949292,0.11249466882025948,0.3648125658476062,-0.0865670526540178,0.16496561582261043,0.48492594108184167,0.19162553140724367,0.4285055647143252,0.2535969595792123,0.24345608844224165,0.01992755022860279,0.31805596940773545,0.09029022262827312,0.26170102903760384,0.38782501583694834,0.3416904518375733,0.17166907303418147,-0.18179727089666178,-0.19830494469714688,0.28291015712498147,0.20295055365627848,0.1992932753023805,0.34086769733615285,0.10329950560609713,0.08885054867068094,0.24734509475099395
0.22868221286409696,0.15506782285570245,0.291779978498409,0.25902156432409784,0.2890023078503383,0.3376358165819202,0.2654838924149298,0.1336390607304334,0.2941264591982035,0.19240219172600923,0.21980561355044292,0.15923902823812422,0.35652304486220404,0.14037407238974325,0.15944028229976648,0.3495847171132696,-0.07831634008521966,0.24377356865076533,0.29000788763639634,0.24674901438651284,0.34803833946293705,0.2639356979786893,0.22342976634793443,0.19338976357769797,0.34531271824477827,0.24700823002969455,0.3799574335136515,0.29999281480727724,-0.06951751782222931,0.3902429785475427,0.22910248282534476,0.2628413645169925,0.30334221796936345,0.23349581394655894,0.18917740703427366,0.28666133443084374,0.16758016259874284,0.14856948522878205,-0.028671917611369953,0.2688761699582231,0.16237234528004907,0.06823680812496766,0.10725117149457272,0.3723694554406727,0.16325673012482214,0.3222261389868809,0.21854699776748882,0.30451818208074,0.17096320160770098,0.18609719835584124,0.15868682382886812,0.3260768630006506,0.3201925380741934,0.11634614854256844,0.247806466466302,0.0719634662558079,0.21450867542353838,0.24077521029238627,0.3036060347360485,0.20511430372967882,0.2075785548996586,0.2849227273291552,-0.010459078198969792,0.22404705919675125,0.32486435081055515,0.29819337927274997,0.26632173871224757,0.1972970350638709,0.2676675627720045,0.011331349761918767,0.21634263130253895,0.211100563642542,0.0812590641827322,0.2050711216005834,0.16572185742901083,0.3009790545281292,0.07132253786298179,0.3616272853432652,0.1789811706440349,0.25309902896898934,0.15355051397653982,0.15798465582921667,0.10850600698691397,0.14632877173144415,0.24613081813629584,0.17656951333735318,0.3892818837383863,0.14549746510942954,0.2731649731152832,0.15764825386912057,0.2715684754681652,0.36472605438236694,0.24110328493225114,0.1757511581409625,0.08581531628893045,0.25114073133035414,0.18349431079629447,0.35478893805511486,0.12548578050493145,-0.040783431008626775,0.006664876404774053,0.25205517120380433,0.17047907653207534,0.13322650129606173,0.1400572838341153
0.3032508771323313,0.2942195695750348,0.2022163342588002,0.21554902837503484,0.35273338670601184,0.1830581519368814,0.2118386026329317,0.33330640767650943,0.24333081045081226,0.11949269187588865,0.1895965357683513,0.14337285034519234,0.3020296278661434,0.4529617728630383,0.2059059397449633,0.17846955089032218,0.045673902542225454,0.17314681807951998,0.39188711496670553,0.42287908084225634,0.34816611388469515,0.08426970419081686,0.20390876152379317,0.4613704681026824,0.2330302899707156,0.44522176204764013,0.4927009680595491,0.33962236709872967,-0.03595530342365059,0.1907158542195874,0.31789330841823205,0.0840131694908167,0.40132488313835446,0.009931170288933538,0.41450533284855207,0.3761288828387261,0.20017164502429644,0.05267772190038405,0.08981167232095177,0.4339600537715807,0.20683867517311472,0.16942027232682505,0.12267084927563998,0.3869355482454311,0.26694060014572096,0.4212157447149798,0.23722276005622364,0.4120736520393764,0.1551369150114629,0.35744087853612017,0.38137723267878443,0.34650920284174597,0.15816824736860183,0.05789578457038728,0.20843215381854996,0.04763967700727383,0.2230077841213824,0.0994118710326804,0.2774988907132074,0.22531450107629414,0.2802962529229985,0.25515601551902645,0.1439454313443523,0.3518236693890628,0.2936795166534736,0.1375225600658919,0.17378930548729005,0.20750940587494285,0.23519415684163264,0.007086062742693783,0.2325111563289745,0.15527379220796383,0.03793417213432986,0.13824409061647625,0.21200441824759314,0.17564139041204668,0.3210971125412631,0.3720038596691741,-0.0061769128726192205,0.14976369531517772,0.22059361572531763,0.34990038979867766,0.11432298316727017,0.12374009578893382,0.43674879564134006,0.4163146759438887,0.39932619660551033,0.13411160236279504,0.1490261269051775,0.011995190894947343,0.353872621094364,0.12604287028371872,0.2821473756683171,0.2786615863186571,0.06390868978446197,0.20420416534192143,0.2236063148132321,0.25120298433255284,0.08908535591755164,0.07693305024765515,0.30899362268925445,0.2398649730051122,0.19560597405414243,0.38146864361752325,0.14237698028080895
-0.04023234157847019,0.18088230256872423,-0.2381347860411815,-0.07872384028579728,-0.0779199848524542,-0.16449152137340803,-0.11397204253382254,0.04580285644176049,0.1458872766238025,0.016349433179707946,-0.14453363863037363,-0.3888169380016577,-0.11253598999580097,-0.0747107480798277,-0.029086846000041185,-0.12842294031447535,-0.04282657870333226,-0.0235680042500787,0.02133198233701774,0.10946358990867947,-0.10007758644265885,-0.18425553616016965,0.030964441657769827,0.08043139633415212,-0.15702578453061009,-0.06637578276419062,-0.17147091287287558,-0.031477532673201726,-0.00925594554551932,-0.18703443973585335,-0.16081059924066662,-0.03118972773410301,-0.16000252349218014,-0.21783907202365735,-0.1803908865478463,0.024396865978364723,-0.17978681644776856,-0.27652543536486524,0.038752507535603976,0.01562977378999684,-0.16687457572781775,-0.289789564443837,-0.1046638241333628,0.15570539657004115,0.017458512773837465,-0.04349769557909055,-0.06613801481579756,0.14833665647145913,0.01960299883130752,-0.07170911141096885,0.07947259057645435,-0.1021339742795839,-0.045477467003488405,-0.199888655466446,-0.055573747235325245,-0.074693386442906,-0.13001326298748161,-0.28953212499858827,-0.023586371808506448,0.005717591202272991,0.021785500705971253,-0.15483210408718828,-0.1867581258836054,0.20039768708689779,0.21116134669775136,-0.14362378629576525,-0.04580099821515599,-0.08592688800923834,-0.1439754842867676,0.0014758265142310312,-0.007326551658223434,-0.12512889996214765,-0.22682737375615272,-0.07907210477363175,-0.039013407099907846,0.13286477059562532,0.07991067165160735,0.07749531331385974,-0.1848274611154507,-0.19229494760030363,-0.2952127674463822,0.02571037240713767,0.15305141607047695,-0.024189589286032806,0.14011352845511127,0.023054611985866617,-0.3329392239830306,0.05072558824225717,-0.26042180630752054,-0.01938487765849261,0.03711327178940054,-0.3826010107773706,-0.02254848864645868,-0.07234322401857714,-0.14659562509648796,-0.2524912142726666,-0.19269936260582476,-0.11661898522333033,-0.19421010121323182,-0.060249229305300106,-0.26785854545262855,-0.2380163389908581,0.014604841977834222,-0.21106967287038192,-0.09428720502172597
0.36801882833177946,0.4421851967244058,0.11977904313192907,0.1676759220810811,0.3452549456653991,0.24333971283587938,0.4220219412864356,0.5524383199381369,0.3031276668186111,0.008412284205840049,0.09043326948160411,0.1715151215206868,0.27263572751024323,0.3041102509946226,0.25244838577364453,0.13477875062500944,0.3184802821915549,0.1089342425536157,0.3594344491744104,0.3548774314989406,0.5185968828326578,0.11910112211131992,0.182003095663372,0.4738130340278238,0.29323783952905713,0.29311120325207685,0.604137268536066,0.3407196440077643,0.23132875610672168,0.2513492592229431,0.31260173074598446,0.3007388797367738,0.44939576409097837,0.30709035660002026,0.42371411242862017,0.3812259803433176,0.33062868012207397,0.02950690138236485,-0.08016957890455154,0.4074445759219506,0.2838553488591601,0.4492787098703927,-0.02593980742146945,0.3843592690717966,0.2983989786500286,0.409325222417546,0.34779889063627145,0.3132629813995969,0.15337245802426225,-0.006191143248203796,0.10595510812927043,0.262399564156735,0.16817327786500563,0.13726657738094059,0.19717149129139003,0.21541987230477133,0.380083656601023,0.2904013057431195,0.2686676075016768,0.41932960558586424,0.3029221000252496,0.3958462697066046,0.2586288169305586,0.5341573112702872,0.31813193075717633,0.22367814113439707,0.22601499861113247,0.17518421920499902,0.2650810222084824,0.010149545110247377,0.207737780906738,0.15252797216903516,0.20216581790158125,0.08157590328319922,0.19797073190225736,0.24391156438656142,0.3927510005317151,0.25878535136175146,0.27438495527407497,0.25449135140486234,0.36652890853072495,0.1255348032710954,-0.0824170034810336,0.14483688647645723,0.35148647305711156,0.3769777472601933,0.4454147191001826,0.15220631814289692,0.32905535223586563,0.03432640313559179,0.2636298735011994,0.32782887819700307,0.24569779904118974,0.2550798552059709,0.5181592215836788,0.17342436430184258,0.044176882945863145,0.3062277722072674,0.12034987252333695,0.18601253493067998,0.3359368613488962,0.22793264922147863,0.21008651970622033,0.5212186110960825,0.2463199242968687
0.10070743477406971,0.2215876382318213,0.12072978289746533,0.020382406532146367,0.1741536089199235,0.03336932134323217,0.0774433597218754,0.2499686468876528,0.17121756242422026,0.051390148331449684,0.08077749924190966,0.0024527657436741205,0.08207131034144466,0.1879542554688823,0.08916565501865269,0.25731524891517965,-0.14070116839266844,0.14673921678574853,0.2500378492487359,0.12473833015618552,0.35324818663003843,0.07257777241713116,0.17681445484879094,0.4866704594028615,0.19704971891449655,0.06580912670069121,0.3780823872622762,0.23700553449820264,-0.07651262347279142,0.04169546152243538,0.1210195364730942,0.12342292754734774,0.5527306653921108,0.035030803195847234,0.0544001005630754,0.15819559974674852,0.0019215768753620573,0.10230437567505493,-0.19225102481663817,0.31423756350734783,0.189531932094399,0.21736049866252263,-0.15790182959270796,0.32822976600790743,0.23442739768678378,0.4423545379038025,0.07222094745417165,0.23201502974178076,0.21856458435978332,0.02091962212673721,0.17382520584270908,0.12393900582136,-0.013943019903714592,-0.06932486626405977,0.000296860392243941,-0.06450774903790284,0.25465219043433124,0.16026158906867227,0.0870285515578927,0.22303646499260854,0.12647396207361547,0.34351861926644656,0.09910631723383631,0.35337525333336556,0.14379616378691057,0.07132874131725189,0.1940983831063888,0.20820493177279106,0.015830035508583022,0.0007535337350986582,0.2667044071547005,0.013106914329288238,-0.009437138457189709,-0.052741107286083264,0.21534275918879756,0.1919258880339678,0.08840406862925553,0.1883150449388003,0.06526875127462774,0.12315890010604064,0.06022841163125363,0.21209354874256017,0.22788316952707016,0.08229839169609111,0.1806390805721634,-0.008252698151971414,0.1630354828763765,0.005464944538060217,-0.07047901141068084,0.0018884538688772876,0.18769257354456514,0.14531159028646232,0.1572492568147217,-0.061929734948744444,0.1507776657661258,0.030984133720818912,0.12082571433541588,0.23648884353291907,-0.08450265924741664,-0.09412716449751009,0.08683384466764305,-0.07173850133883228,0.18329364970451315,0.1805590199607686,-0.037462466168972516
0.13121579028355598,0.1495139569679353,-0.0601211402967234,-0.1840088640242226,-0.005411216690887446,0.07350585991450999,0.10813632499707848,0.4358149533481761,0.16129099359683705,-0.09632668930944227,-0.11973143080488961,0.28688855880092684,0.09176580357657872,0.2951880149790018,-0.26268932079908686,0.3535393343052043,0.4311847059584081,-0.01889406405290719,0.16882878579128804,0.06679065843763653,0.531714253335394,0.14879580213848048,0.07854316037390195,0.4827313777990398,0.26332770868302274,-0.06399540534539398,0.5599505091410216,0.18814110630322775,0.14355982973104806,-0.03456045446908609,0.22963727362196043,-0.1605346104098805,0.4652682642839464,0.21361098496795952,0.4443405417777843,-0.00272584890367466,0.3377374726585695,0.028171047655442455,-0.11281636725122068,0.3124741087929046,0.21425879997902847,0.3312442790172056,0.22406064790530889,0.3464806142011203,0.18425117580615066,0.48706474153234125,-0.02829224759022046,0.02506511825580372,-0.1736725076131438,0.02923356462882976,0.041353659849575335,0.029785215819411518,0.05787757808825939,0.1599644050869124,0.1539014082873136,0.15521962460070596,0.43935021166322846,0.24186432405863575,0.047192353751699764,-0.15937771742075044,0.07746299695260363,0.3171127823086444,0.14202739626844899,0.3937229161618359,0.023055146323191285,0.026077109918798417,0.28424759547224926,-0.002364664146376213,-0.05063759403212041,0.0036719840811160875,-0.046567353050052,0.008356896649477181,0.10204756812569145,0.16876590050336412,0.19217541157565918,0.1243376075501271,0.5006218519945304,0.0693333201070203,0.22123711551510536,0.15513560078651079,0.5398280436283907,0.21061238488825848,-0.13500827287390543,0.06105264777874164,0.12386341417661961,0.33150968070099873,0.2767506124533926,0.18456442110907245,0.14827117841858142,0.027265618418232697,-0.03573465068439559,0.5340102123216994,0.06867474212953704,0.08864765220402822,0.3118628366237901,-0.029274377517413495,-0.03142821544674099,0.1328596377037716,0.07201409093090046,0.13171578955635296,0.14234594372880482,0.14979065760717353,0.09571278341378546,0.5339268710983848,0.0630993550358131
-0.0835820889075496,0.2646654329871796,0.0437356007492566,0.051708029632682145,-0.04263603238406909,0.08024452868986327,-0.02393255902133946,0.3078897621854331,0.1519457193634398,0.1758958032135444,0.029864532091630893,0.031236470587241806,0.09569702516486228,0.30589250514485233,0.1729637927362535,0.48677971647977636,0.37909668935371466,-0.08816348299380235,0.34490219929205607,-0.01626800590970156,0.3786647954302245,0.08960311990344516,0.04384131155654758,0.7040413964539799,0.22481212856037242,0.07814565964255096,0.7229552072798577,0.30675423316547645,-0.003647333847729908,-0.06808759750168361,0.5688481897879991,0.05334719430931838,0.6635338465773646,0.234534609094129,0.5242717601482061,0.06618390658172847,0.13762519546879137,0.09193234554586081,-0.0950685136615357,0.7219758525651992,0.4170880385655505,0.2708954422508197,-0.015728171866466592,0.5186542418635498,0.3612818767468548,0.7755117901248156,0.22104133650996072,-0.025786460660007372,0.22023378931945545,0.09450940334764787,0.0012321771771839033,0.15376176914607922,-0.10301823966074834,0.04593655486884771,0.06480193760671836,-0.04474680151959593,0.7012329111072838,0.24649747727764196,-0.07970193266417949,0.09481638114345135,0.0160608472629712,0.6635255750902972,0.041042717200859724,0.40756635759018006,-0.03360698930652081,0.01728244602167878,0.2849914946490915,-0.026572783992358098,-0.01655442321889963,-0.0026099478099312345,-0.03720599873608259,0.004243261924646263,-0.034255314704289656,-0.08123448475468546,0.23534483863362188,0.1433990941558429,0.5756362658661486,0.006765815259590569,0.15305424754547411,0.2301027978066745,0.3083822192070208,0.047501359449934624,0.09513896286293543,0.17763323572066406,0.032427808157185586,0.23781784184820348,0.1919191257974103,0.15230935078527333,-0.0717744216351137,-0.005160411112240856,-0.09787602349708717,0.52071957781421,0.22305933073914433,-0.13791902848903134,0.042620611095752985,0.16935523486106266,0.0836695242559144,0.2466977563848209,-0.041718411369617056,-0.05479573976990597,0.09019337906487158,0.03053763273234446,0.10503174503772265,0.3655194313980578,0.1304350418319175
0.1662163362028875,0.2771587546501038,0.19121345110186155,0.15946697194573325,0.2711010610216987,0.26099452984134275,0.2809570007176414,0.38769001583649937,0.19900289529578521,0.11813233576960484,0.14694157156490614,0.26174322620607965,0.26602717649729785,0.3692640158699054,0.2273439762667524,-0.10453304292551069,0.15697910043722707,0.14302016835101555,0.3306199700798437,0.3070172488860371,0.4452874294999254,0.27313753738983576,0.24309740656870818,0.3693148052368891,0.29944478888130877,0.18739288516335234,0.442025812726453,0.2692419651348249,0.21014903072467733,0.3216296521678446,0.1883905998534914,0.24429231825728703,0.22760547964257286,0.27798329232569474,0.41990184578305323,0.3160001308280526,0.2452199051123968,0.01454380257001982,0.025371508834477457,0.3615442738750428,0.16408658260109477,0.2894615006575274,-0.08559249140858773,0.2244106640405079,0.09874952954942387,0.3465266937814909,0.18389441845034996,0.23150891493609377,0.17700647557422527,-0.01590493901950793,0.015042503070028126,0.3020919141375097,0.2906316031248127,0.20739423479751928,0.19738147110360102,0.2300066907937206,0.3415130794826337,0.15039365478767014,0.23850173803243893,0.24668211851145286,0.1611585411595567,0.4496334046281521,0.08027396038412639,0.3508060568653461,0.15219814069300577,0.23736003811348266,0.37860806466742464,0.33659709334925775,0.1962330642498523,0.010829018495201096,0.2061588173010807,0.2048062873897246,0.29466327486952126,0.21707227930561623,0.1875162650437277,0.31312249928199565,0.3758944681609398,0.27690360571245165,0.1563706110031396,0.2857965407235837,0.1896464711365094,0.40153110791745583,0.06910478272617991,0.14885458556627412,0.2642854576318978,0.30545310031982176,0.3685094805529474,0.21088779973561594,0.29914876258444856,0.025390053835358615,0.2734246644817245,0.46768864993085174,0.24278338954574494,0.3126823367746614,0.35441543531843045,0.11347804734134626,0.1373960720944221,0.22173410554710485,0.13155229801259227,0.1905241656119329,0.26429599124470626,0.20004163709827272,0.24103641420771163,0.254202239381464,0.2956328997733756
0.17838721171448524,0.1821792425800026,0.12673118542526243,0.14409993202015312,0.057305818347610685,0.2026366179197175,0.18879486003441487,0.046222843106615806,0.13704451996952027,0.19398092709812856,0.1780756612318401,0.051624152474632166,0.12543750907256498,0.20634283648831245,0.286874553712865,0.2560546440103058,-0.04145962092821191,0.19602570999701777,0.23473957537844467,0.2718575186140207,0.22873136910089042,0.13460916432143905,0.06508467576107312,0.20980314808232328,0.22042432422979777,0.31603675053149705,0.12488419756958007,0.2235715316996617,-0.07186733810837824,0.2936548359210213,0.1119501501603021,0.2566775409259039,0.33038139257503624,0.17654031372958404,0.025541211144508344,0.20200177814883188,-0.11574204541668225,0.10880665408742286,-0.06566814827777298,0.31714548311565643,0.17025747442574207,0.010688141453154899,-0.20320633487257006,0.21937147470273796,0.0354154953966102,0.2739929761476295,0.17726409044955824,0.17896363262791468,0.2142023560488683,0.03428253902048349,0.13400400724231612,0.2256127430549466,0.3186526593867725,-0.13967102462217715,0.20646307396910496,0.15257657615147188,0.1332142598866142,0.2633853822393209,0.1509941037113947,0.23888562542759947,0.19279514104804818,0.31979941996145195,-0.03418852142999631,0.26833572811508155,0.31365930002967646,0.07184611916035862,0.19420746649195728,0.2060733839801078,0.19601994311852353,0.0006364330406337219,0.22711131963606415,0.1728679005428574,-0.06567438357966095,-0.08267818253973255,0.2181568970305818,0.2313533232067538,0.10737808505096405,0.22963903131888214,-0.03443837018780739,0.22601685457560206,-0.012123396661099687,0.23765629089751206,0.08166332062095251,0.1406698182174177,0.22525011237961542,0.035561402152039366,0.15289688913612845,-0.04201371656765025,-0.04551850757704945,0.0005801902475219909,0.2695974894893189,0.46600244810551467,0.2256162899957154,-0.052235643512280924,-0.19061226662110287,0.31675056113508343,0.20386132110502753,0.20458780693100723,-0.05831277730735768,-0.11234247358779724,-0.007033407488055584,-0.012258946270410532,0.15271140711571946,0.16677539945334785,0.0566416631226207
0.2434231220109056,0.27010409298617616,0.19578115060066523,0.18861026001052927,0.19902969154392014,0.2401233522187935,0.23683679823936282,0.3024533025570646,0.1340753830441599,0.22048647954210482,0.13750350306933376,0.19856828670520313,0.18558670767645993,0.3711844351523451,0.2604436363805623,0.3365404820190064,0.08057728117633838,0.23985835562299934,0.25082088921735884,0.2512900651876052,0.5428236072735679,0.1112727821894718,0.22925254398450282,0.43725263778442003,0.19022819051594003,0.21334798703632496,0.4058289204438079,0.22969703890164592,0.10160526895893361,0.23353735010951854,0.07375829475724249,0.17451846322684017,0.41691217695496,0.27140119594099876,0.33987166550269826,0.22499790562225855,0.12754413421974414,0.025854442040696125,0.17949201992884875,0.37720092625500445,0.18442032649245377,0.09660442275859042,0.16398074699107168,0.4178910588687029,0.2588791789426038,0.3535022430351975,0.1973239646168024,0.2095970336598709,0.19854802634868005,0.21860609636837997,0.256267700507705,0.403708301261606,0.24055218795302394,0.06747939624798815,0.2076165818125437,0.005406942500587343,0.30063801729899087,0.3489303347026839,0.2528608734422757,0.22524178792368532,0.20445829328362622,0.32949020265773976,0.13212446336934447,0.24483928824366183,0.19770183744604755,0.1131952795063792,0.1819778083717155,0.21204387047344414,0.11509662335472966,0.006716892729872314,0.29125854747025826,0.18904466760887692,0.11608550209305911,0.05850261605194723,0.2113997413700112,0.1904252623012486,0.2778890131913177,0.21983315789759397,0.11176200328136744,0.32192023245546814,0.14260976085086036,0.17585543421165595,0.1174137392410365,0.22354704504036563,0.1841535103538572,0.2340246189345937,0.16351957534112418,0.20092016693278233,0.15596199540534073,0.03541897759286984,0.24912917174911056,0.2735198338065526,0.23885288138848704,-0.0281837010317214,0.016913677819273738,0.1663410022806431,0.12045355910609123,0.250741978295591,-0.078815164683119,0.08467569676617898,0.1454927351006309,0.19075278439280113,0.18048841999758836,0.3898332595739527,-0.07401543888745142
0.05992117060603527,0.14731221381989804,0.2291575342926701,0.1774164827349997,0.2671467691840624,0.21361500861665697,0.12765469357414463,0.0777203929363933,0.07125283484456697,0.16420726055663296,0.15922984932656378,-0.07336919268950383,0.22166706691761945,0.13443024983729496,0.19939787136314552,0.013437705155253783,-0.08194956504070404,0.19997668248946393,0.1365801943735785,0.18705981809868064,0.25583771425593216,0.23845378673855075,0.12887045713934078,0.1976974702353166,0.2808045481013578,0.2664836730319895,0.08502374113648997,0.16675984367823438,-0.08599017618032426,0.23064735122535782,0.16345117412935292,0.17911389576051706,0.10818965646957954,0.1029728250417711,-0.010146125757416092,0.23998942574661736,-0.08860455442040362,0.1508529534118912,0.10267945201923315,0.11493996878421964,0.05443971803131637,-0.014270415299576868,-0.05910356199497174,0.09569012979500907,0.05110599244457947,0.07897256248620074,0.24039362095821137,0.1950410042168816,0.19100794171528615,0.0985086049017637,0.16089845076885995,0.30991737866761554,0.2321806129896938,0.07354397799470484,0.1851032696993545,-0.008419799869973777,0.013523739114595493,-0.1954901257010182,0.19982177643832014,0.18785536586466403,0.1667657053322371,0.18165988303193858,-0.05733514212629578,-0.08057356514433157,0.10072798743967495,0.19436639325239188,0.16512455510857948,0.19932807435895425,0.2051041580841428,0.0016966205241605678,0.2084155294639967,0.15982889960758917,-0.06613542926520329,0.09325847088482891,0.20162186651381292,0.25819289976381704,0.032341635038858986,0.22620592027804762,-0.05759041898812789,0.2438962719351949,0.07345276266981701,0.09778351585892908,0.17763841731705438,0.08267503364033109,0.2049176597296934,-0.012657992996711241,0.1523324668704769,-0.08846452211044448,0.012236952177948448,0.0052669141160780735,0.2902058029406172,0.12859796085623965,0.23712184546925869,0.09003392531520321,-0.14435598795636378,0.35014064750376694,0.237061230903801,0.23000719515148849,-0.06122319388932516,-0.13878175384391697,0.03046747802998379,0.14206960811107872,0.11608507537296728,0.1679276223969272,0.08089013299564517
-0.1278658548944363,0.1221050440731914,0.27097478682534415,0.09848017848895518,0.1376118587971799,0.1879776230910838,0.205196392018352,0.09757051818601715,0.26646861954799,0.10252297224425024,0.2076982242411733,0.22721093670245956,0.15020618974714292,-0.0012265710666937437,-0.004848522408835204,0.23238751551582126,0.3640527536411186,-0.03590035047490809,0.19120488791847468,0.05204507127523358,0.34954245511484533,0.2826884255340979,0.007876593124643437,0.10940219519724548,0.2099712411474182,0.13534516696094145,0.5306684797324378,-0.013364744325798842,-0.04356570599187287,0.1919114967797755,0.1417844912646458,0.06862401127577875,0.5156052687187672,0.11455981561580399,0.22806939248733538,0.08385468254815179,0.11169429594465362,0.185633730956979,0.08340750096388783,-0.03005421561708854,0.195797175173318,0.22163606247363832,-0.09549042273279647,0.18897626263384906,0.04403716804040824,0.19782833131454913,0.20967697833244484,0.15456674941863172,0.2041861665286451,0.0276719651469479,0.07553422109322515,0.14516648077226926,0.17922168829456517,0.27363367350948,0.1837905865655482,0.14416886484798844,0.20288436217849232,0.08412149033724671,0.06910431426123503,0.1519010995886081,0.04510880746958233,0.25848026090406445,-0.07854147036196871,0.22709376719147856,0.14964672202407445,0.08163575443441404,0.15413780512945335,0.10183627259670294,0.16186341967943327,0.0009555265643786095,0.07865578882706889,0.13569571226364646,0.09708823037744337,0.07677371602843358,0.1858186641539794,0.12111338173071981,0.3374010001448223,0.007103104992529874,0.19418001834130455,0.18244769554575627,0.26184870232816887,0.0032341865672551305,0.13657338507667016,0.18720028910907185,0.10262389377117899,0.21166544810029,0.07489022200344511,0.22057734035664528,0.2399639381584948,0.004247140909591896,0.07663738476940123,0.2964266759389185,0.2248358083438931,0.02181522195715045,0.11468117998492032,0.0218404352706298,0.15594794196247214,0.26453559331576826,-0.12339811478026659,-0.030410642973794297,0.195585498812424,0.13810206043059386,0.14898293061793277,0.22956380495442114,0.03406658405404457
0.020790625031099373,0.09456619491723409,0.007747094674262262,0.17706748464045063,-0.00261438433187489,0.0528736131836645,0.14181573598560399,0.1058430748648826,0.1740581263354301,-0.010251305829699357,0.07404107330995512,0.2251540349303295,0.1781327718719888,0.06248753448376748,0.1790352718240657,0.29755114697903706,-0.028206073873726326,0.08093756185495496,0.2647128278672622,0.09560275024967223,0.3472192734515098,0.26535042270566805,-0.02707778225576754,0.13064538844131152,-0.021459851579572385,0.09889945747556693,0.518813438420219,0.04857067770227611,-0.043686599302983554,0.1639167340455006,0.1352154946211238,0.11111040013350154,0.6073875012268785,0.024978270928710456,0.14223620598259587,-0.023984981369808533,-0.03647345718182859,0.11396609754613238,-0.10314649941950955,0.11324463425561394,0.21648834704647774,0.128137415664681,-0.08947363113681954,0.3169755929234248,0.059489614954932574,0.2960110907040684,0.17838420685238193,0.18628184099581485,0.090771646027343,0.01806194700868783,0.06931539179876801,0.13265319325988836,0.16000793513824116,0.05234338764078759,0.09427249410627248,0.10439099286818837,0.4600325697607977,0.07272214118942757,0.08144088751064864,0.18542823512438492,0.21329162643099325,0.32301569813622566,-0.1270331372058649,0.22089614497821217,0.14984633384430027,0.050176506349115975,0.22740618486169292,0.11507867698283598,0.044763876254566674,0.000281940408259734,0.22217260990903648,0.16385546141331878,0.02356963631404648,-0.04829398544064878,0.20531688493155695,0.12331909988780851,0.37420247725124284,0.1063845132659925,-0.06195119577600895,0.1667014974354713,0.24649840697820555,-0.04923227081858857,0.10639258756554323,0.21449511261776963,0.2247123194638752,0.04913343305199482,-0.0008770494220141347,0.10775403653475811,0.022895841695974157,-0.000865173620925242,0.08453840922071601,0.3660830291813283,0.19861925122073448,-0.11409884207540857,-0.19466838855534083,0.022717068616375246,0.19448731910317585,0.18986407292421684,-0.1493287653844682,-0.14155597404611656,-0.004204531384629274,0.01673913460715589,0.16933460357035246,0.2012342258917008,-0.08314496722304628
-0.14294885060314552,-0.13180871421242463,0.03467357311543082,0.08313502403253747,0.11435408303720826,0.19203836045178665,0.08205970643569792,-0.14904352500038429,0.06274060272005685,0.13101060280036783,0.22439736370257635,-0.19573212254136482,-0.01593626307543298,-0.10136970976849986,0.23643738457899766,0.05224715550892252,-0.06752174166399853,0.09249603909775524,-0.09505838390971544,0.08659457255721141,0.32520194666297453,0.1503730957742909,0.09985934019764152,-0.16091804413246957,0.04062354862487526,0.24726545168189415,-0.08395924799982575,0.17051685616864545,-0.1578515430347787,0.25978437997636045,0.09710047191682088,0.14687887213186468,-0.09173828373769849,0.012880604880868174,0.012484726416832466,0.06728369867971828,-0.16696517741878047,0.2192566107249907,0.001069576669588822,-0.1674842114317818,0.039803149282406615,-0.0771199463343741,-0.12893337186095727,-0.28111164647209325,-0.07897039279880232,0.054116961835250034,0.1514330304175728,0.04575076215745173,0.17249701364227985,0.06155484949050197,0.18901387639889217,-0.042420453312594704,0.01989090289278967,-0.013502651012093692,0.19504301046978084,-0.021597568478244483,-0.12923050115371593,-0.15907902498599638,-0.0006138936852243557,0.1869667414626611,0.18360336859836415,0.15885881808095628,-0.15112115657159547,-0.1332051648365947,-0.00518730537007476,0.0447101585565036,0.08513845245393806,0.1944322945921104,0.17945441075862395,-0.0012307570349899674,0.17743843252492938,0.1265422690716627,-0.03396105621214238,0.0317210968241004,0.17783008257296226,0.13377148822251814,-0.06313812857953041,0.11733000991832161,-0.03689239849940297,0.13259793940932255,0.020786473864112535,0.09768736356572662,0.1612991917463042,0.176250702505923,0.14386677185549332,-0.06839761139789452,0.010905631846528836,-0.02314280097424288,-0.022759091353096072,-0.0021233331741020356,0.13873486522859205,-0.13972670042188481,0.2365573365354002,-0.006500073949728186,-0.14881389537530645,0.07453423874167957,0.18708011231614263,0.24276260036231104,-0.13723994820410607,-0.11771143113980304,0.05695883982162052,0.0004532959561722944,0.18556511052777214,0.03304642396436645,-0.07799278332433207
0.11486360326886655,0.12456937360603687,0.10715478839500557,0.08459120751456188,0.1565657183996109,0.20292525989370894,0.07319447134093277,0.14749631904584615,-0.04538680507777221,0.09324853413000937,-0.05311497671687957,0.08158209054362617,0.07139106876620921,0.25344455562668056,0.17252585718858796,-0.06411332526062036,-0.020901856837588464,0.11928269698516053,0.21084820360424783,-0.0019967483839493875,0.23351975474541198,0.0480265823748835,0.05792806870235197,0.27905566240506363,0.06816251163959819,0.04262792388081118,0.46621431389508755,0.19505495245568738,0.05979243901757539,0.09206916976706493,0.19463043469499983,-0.03425458569654119,0.2761491103596491,0.00027573266641473556,0.0398999148731038,0.06041583713305721,0.16152128961746826,0.07888541885334246,-0.06259407232049968,0.3032934674573247,0.21368444443408602,0.24852091305040627,0.11153091916430494,0.21640723564720113,0.355986851505654,0.20467798354657685,-0.008869935086013907,0.011557483724229637,0.14068875949503182,0.033787660322903264,0.16933331938605808,0.13646788121924522,0.061599929313730394,0.12452566451375559,0.15654924893218092,0.020486965759370635,0.05194893407420113,0.029412045042936586,0.12157444568783175,0.11961567594822647,0.12201624789329896,-0.02131149473741303,0.11791705263559019,0.05102364996953368,0.016462132849372643,0.06756203417550098,0.10813958377008369,0.16342738564277745,-0.012715086543581387,0.005451209513147295,-0.03477614604927005,0.011070146542774181,-0.031161110461014198,0.00939286932833211,0.11917850710835698,-0.0037961872785670656,0.01520903818021122,0.061083216129377865,-0.03912223194835214,0.10733149306415167,0.3817159023428413,-0.05615818983435843,0.06472153435031855,0.0638602807009854,0.1566615006051205,0.02031505894500269,0.033400034403539974,-0.07418930564667664,0.05728507233521256,0.0025791599075263346,0.11611282661158494,-0.07353733845686063,0.07043448687335137,0.03204678443263662,0.21686093117994246,0.26045385201567145,0.16655268110373114,0.07974051325866208,-0.08059441899518878,-0.07742347356637867,0.023640056835473305,0.285998212636381,0.15415819641842185,0.1986518712887268,-0.0818794500705672
-0.041527923900057336,-0.18129703032098995,0.07873729606085748,-0.024121183351424956,0.242921030780049,-0.002664606181973897,0.07799292158523531,-0.29859509754546915,-0.08606842980238663,0.051855200757752025,,-0.048211868840907085,-0.1462320080567056,-0.18138137704575674,0.13184773855821055,0.09098884901340319,-0.09772317480797735,-0.14040441383851604,-0.24062957946064317,,0.03337393125150857,-0.004019473539597267,-0.17807361715120695,-0.0767363456997457,0.04872533980854042,-0.15760771173750515,0.024611976511859427,-0.012219438329113203,-0.13780857732638133,0.17369876723537553,-0.21582406434850152,0.1828271504173537,0.14707488468659255,-0.10680082247072513,-0.24001712805582223,-0.018252771188425686,-0.19937377936069664,-0.21214766437390695,-0.21156972399733334,-0.1862226067504641,0.01978312820854808,-0.09563329815976708,-0.1968642420031044,0.11289711764692578,-0.2287635056535604,0.09965065575151927,-0.051944856536151565,-0.16433130615140198,-0.10242422169970643,-0.12244123157994642,-0.08815437149534779,-0.24529539933608688,-0.06780885883860141,-0.25757885255497603,-0.15654199224039914,-0.15603938194005698,-0.10372932633903369,-0.14764439860462977,-0.07290416451349517,0.035710489959551166,0.1193250355809612,0.028820702668425357,-0.2338400769631692,-0.10576009046786504,-0.1272062689972854,0.026958923935872497,-0.21469577078065719,-0.05470699819216838,-0.11054205595194945,-0.004793457704440636,-0.17281371424240338,0.1273060326921915,-0.20506905398620637,-0.041937158159206164,0.170189889511401,-0.02708029130023031,-0.046873512003354795,-0.11860414074122584,-0.2029409799881621,-0.09223027055972376,-0.2505052822805688,-0.13395808417622485,-0.018746259178583236,-0.03862671355389001,-0.1468579867157205,-0.12525861532432558,-0.1869478751474182,-0.03473661615951219,-0.22739105901379045,-0.0045065101243320594,-0.13914711622253662,-0.013402558706828431,,-0.192802542216251,-0.23372088551898887,-0.19838482976584237,-0.10527741499782073,-0.07139666244402533,-0.13330124146739875,-0.28994566291859036,-0.11261678725044769,-0.18110448474718643,-0.11871954914826646,-0.1514171052864062,-0.21855221508452077
0.1761726037510376,-0.14001974766451475,-0.06517778444665241,-0.025830413939949753,0.18355431592496363,0.14466751918192994,0.0360880570199498,-0.2312571099709487,-0.11937456798902987,0.1312347641767263,0.014815908155035928,0.10994756602344202,-0.04611077727066795,-0.3762861224295235,0.05256332290329361,0.2292520464014527,-0.025504265651972145,-0.08420296128093989,0.14598806210569568,-0.22340060227553066,0.35066083239840884,0.04757231455570813,-0.21321469666146073,-0.12318516744758588,-0.056806414216347925,-0.04874781782422703,0.3015436188170391,-0.205787485780132,-0.12540920728050492,0.19482921240785847,-0.2919787923643977,0.18822239053379555,0.5375011483498595,-0.13394795503914844,0.023562279510452446,-0.23030169676630874,-0.22776999232494854,-0.04954353126261914,-0.26496092307380953,-0.210261486543602,0.04969817873066152,0.13209650358158925,-0.2525400641584328,0.5272415008619014,-0.3466078452938004,-0.3306069125891407,-0.1500139926406385,-0.20279455151906722,-0.11004413376050147,0.049405096460347214,-0.06943772694264419,-0.3232444448807196,-0.11160846453596245,,-0.07863432573715708,-0.15622452978463403,-0.048307636085110364,-0.01834131756322348,-0.12082389847517065,-0.13964678696426788,0.11786463570801284,0.07018641429271212,-0.11423549049959653,-0.2110306188854155,-0.1800072430992145,,-0.13904278390855762,-0.06458913959142455,-0.1119646805998348,-0.0052576827057257535,-0.15846320774083586,0.19231442595886558,-0.13093860738056864,-0.15891725909264595,0.19703749373076182,-0.03957734660077179,-0.019501966965754174,-0.10495318428365592,-0.13617075834268721,0.037546054666372015,0.45667771469458956,-0.151382968055887,0.05145405727127934,0.1443529884143122,,-0.09202649089170761,-0.05822028014500268,0.0729608750573091,-0.18304869785526393,-0.011649907094088077,-0.23117187013343532,0.046435138281823295,,-0.1799208377668678,-0.18436095041295358,-0.15045210492592764,0.03901040115709245,0.04904577522056971,-0.29743373028282655,-0.22754830682077706,0.03494294092655723,-0.17893748411486485,-0.17827430570096386,0.2479588176259374,-0.20909565999961394
0.19193897158594891,-0.010150459974632533,0.09980132211572203,0.22091730060946294,0.2278184490462368,0.1911546168363162,0.3034239845192623,0.09513284501147148,0.11492731048347131,0.18729085431142728,0.14018254856060425,0.1466430630915992,0.09756626199647857,0.058009611317951064,0.2809221386322157,0.22975816329694462,-0.013738365295632292,0.29587333698104323,0.14922459143374422,0.22657299749662038,0.181723164108983,0.1444243803543461,0.23921553592503927,0.10635379928995908,0.18209645689776097,0.3626545321642485,0.4472661662619675,0.19752336201620047,-0.07209498916559674,0.2959046330414266,-0.03727089436677401,0.23736208129528533,0.1542865516519569,0.026869301304364518,0.2253400389620941,0.22246964932147628,0.09297067319231364,-0.009113120974360601,-0.13185890588793775,0.28358737993645683,0.0775060257584763,-0.09342905149739741,0.01604367315630116,0.11243505535581326,-0.05113701800633875,0.23356911974832706,0.052181872066852986,0.2856908250742879,0.30750659600433883,-0.022850976886708476,0.30546097847756065,0.26853654990585846,0.4534254233139106,0.06662073664222545,0.16846249998017948,0.0327444910773002,0.11422743295693262,0.020584519326351924,0.2950329361378063,0.23085330310902216,0.11897170891465692,0.11479169568690156,0.0679982816244869,0.06712620355966249,0.24244213137881418,0.17696960851700147,0.203559430150789,0.3486337261792195,0.13588999617373637,0.006550786367824224,0.28200610566512224,0.17142151348480447,0.17959573956744282,0.015073594495638061,0.18003994318789338,0.39197871323759725,-0.0016043656148704247,0.33919760355998224,-0.03819676921673734,0.14687548302953368,0.0401718983995616,0.19164028964374918,0.1529360491435329,0.1506053901896161,0.17804904482568956,0.08947404818172089,0.23910174540652748,0.1565678723397387,0.17015149522271514,0.010037024551555323,0.18002961226651576,0.30388486404142384,0.18240961950700973,0.2686460853732395,0.08862733919510873,0.12643437056988582,0.21864235591622577,0.18416451348007015,-0.03416640537122684,-0.017312033733876072,0.4069334698178753,0.02430684830535871,0.1708370280976485,0.08171921787953472,0.19777328786203802
0.17931307013726636,-0.28188919499070103,0.11506129189515409,0.20871039836795624,,0.20332736712657196,0.21771376194855185,-0.3019363061977919,-0.0009593987684823758,0.11412436408053324,0.1025120427818328,-0.19922296933518024,0.10691962846259022,-0.25322199758111746,0.2029290792324453,-0.09615212787215995,-0.1390655342572202,0.15053214853699926,-0.1725994709105437,0.11092879537347967,-0.13166165928504384,0.0658585493722831,0.027826622446658584,0.03800855570473591,0.10975151481658033,0.25080814667818774,-0.09611811069584887,-0.054556835749884645,-0.18834379102048235,0.2677706655181483,-0.21911985403967416,0.2661227030678896,-0.17987961466756436,0.004345324628199811,-0.06279400863103116,-0.0090312357863991,-0.21779976706201265,-0.02745465769617452,-0.15394620530240072,0.024635615668832312,0.03447740099094033,-0.1400386436196451,-0.2038723751328452,-0.1223901305416296,-0.29383503492021157,-0.3284392749744268,0.016699888819125236,0.08171915580919677,0.2538106009479985,0.050367394206434865,0.1903297242905345,0.18391426980100029,0.2811557624387654,-0.06302861328202472,0.06507369443830262,-0.0645169562162672,-0.1704127809670102,-0.1485970557158633,0.0963827824279356,0.13866244768156696,-0.006906056010133501,-0.057903827451493375,-0.19366329391074508,-0.13173306410106803,0.13123415619429668,,-0.18456250122210668,0.2388754644449956,0.11120274196188469,0.09278577436619502,0.14990906025028056,0.044231936450439,0.02584655008506743,-0.022117872957101912,0.1794661110698448,0.24537820195552634,-0.14791319373562883,0.21810470092977188,-0.08116412237420152,0.18859124018156267,-0.017339169101313782,-0.04596950558086099,0.07456699475405394,0.04653681554234375,0.09716890793510108,-0.09021230755571738,0.10846475126864082,-0.1642688796925598,0.022645691909380945,0.005787992518934285,0.07421580075815891,0.033239612238287045,0.19640106578284186,0.048058362946745314,-0.2655182455283198,-0.09445390821510201,0.20674999426469193,0.021923381000192217,-0.15121979834872554,-0.21295420960182093,0.01623573632771323,-0.14537860874329592,0.00468982772905935,-0.2433612128001573,-0.09347109356104213
-0.16747318393715183,0.11784598480338995,-0.11676730219909093,-0.11401228234125395,0.18258575949429864,0.06708610090123794,-0.2016341101894385,0.009056263546464743,0.09727249917700448,0.1857419031954682,-0.18175352983209295,0.07558326553796199,-0.08427547692927309,0.17672339118726427,-0.1906279247541719,0.2314499863128305,-0.0826737260848765,-0.10113735329613491,0.03968223289195487,-0.09214554705557632,0.17993324530883345,-0.01691305958107223,-0.043536854021342,0.07839158047688007,0.16077939403047556,-0.055455547289053254,0.28569610065867956,0.07980395120002691,-0.03521830207155968,0.11291062985985405,-0.006536913070967402,-0.04613885115121466,-0.004929737497597281,-0.015453416649399768,-0.057051246815725765,-0.06460761206056533,-0.03216484274202331,-0.1265636778070289,-0.19459604362475602,0.07328818191566278,0.17172429178840537,0.1817493871667976,-0.26028076031288105,0.2393975573154681,0.017673695455410848,0.19265282295483227,-0.10280837179103398,-0.11818314076834446,-0.1434701029842777,-0.0020019962048734657,-0.10531891210132802,-0.029255549441236147,-0.1583351173360838,-0.16218556604551693,-0.09170427059367829,0.0015864097657373795,0.17971796944592874,-0.006574149164053973,-0.1451100162474416,-0.15983990778637397,-0.1087211727994357,0.15826640812474577,-0.05602927741840586,0.13236229060832333,-0.055865191247242346,-0.135743228460761,-0.012818525499413385,-0.12971542738141528,-0.1153377719964965,-0.0035512695494779967,-0.1368337218695916,-0.11549718885123428,-0.037685537884528615,-0.09476904699214277,0.06110081487588425,0.045946285103876286,0.024580805169828298,-0.16236734239045458,-0.049475804050669245,0.10869066269362818,0.27511647099774,-0.0996491793875296,-0.19197581461678973,-0.03363283221244756,-0.07630091704773416,-0.03981484261568971,0.11292805431577846,0.05270390485441325,-0.16088443538203487,0.0004000071155406339,-0.15189021521933369,0.13632798007246932,-0.11847173148109678,-0.18482979561038415,0.14022371722762164,-0.10267466107299789,0.018723569378252165,-0.020292575793185354,-0.09895355773181995,-0.08281151832695693,-0.026205851646122474,-0.048275431071361105,-0.13393425013293564,0.1987409667654119,-0.02223938825851973
0.13535252874991396,0.3469829113393654,0.22454004572279068,0.15006590218063007,0.14824355736782474,0.19033856960309115,0.2750680861295556,0.36843596650236554,0.2330087456415106,0.1364099868408802,0.0973484959209982,0.3162469919145178,0.2356371150405201,0.3684293473887526,0.08297722999821713,0.440355542804844,-0.10288434193784457,0.1591745128351627,0.3465850678112548,0.2703986098023291,0.5194862443901741,0.10035244933425601,0.14911983607174295,0.6208415897166736,0.34658126428183456,0.1050140947159773,0.3044211412009551,0.4002940733380109,-0.00131028684237824,0.27948542234700974,0.2698475593044062,0.13602300553607144,0.1116743308087999,0.2834038254519294,0.37339384426039735,0.19807555918285102,0.16277474157978722,0.12215198075734408,-0.09706584582330698,0.3521001863881059,0.2029949403697524,0.13784942248373178,-0.02584772870029587,0.35762698239146457,0.39822725676942666,0.35133597651718107,0.19260803956897585,0.19196401890799117,0.16528579098823157,0.023811714038935703,,0.27773741260083606,0.20494939005422777,0.10412284303755726,0.11254546741106046,0.10967275060461121,0.28972535138823324,0.014195074066342735,0.1761990748372998,0.09669691034615992,0.16638856424112897,0.603123517331318,0.16064910753881453,0.33034525888733013,0.13909171338332935,0.2083115223414701,0.5250357460087968,0.11993593203429842,0.23312845087507297,0.08070883020794738,0.18537292465938196,0.18172360625525166,0.07125482605134288,0.04294285518189373,0.19037709332357963,,0.2641315817101638,0.36171140180911027,0.1582590490161617,0.18719344706219088,0.23171230687063404,0.2511202034792114,0.27560691033836937,0.05340272734209227,0.20300592301591247,0.38520147484655515,0.375550880280018,0.19467454668396988,0.10797222740006804,0.3225873707479938,0.162119110300306,0.28931143042783464,0.1309166527908162,0.07899968163571797,0.4462272428474256,0.20376965668153965,0.12224620944068917,0.361872912176471,0.10020426662200184,0.08185718813692351,0.21701547841236812,0.059564111963631,0.2386349212234028,0.2597044686309905,0.2684605763155311
,0.17390622359599114,0.0469363187424251,0.1757584327454694,,0.11457214887429402,0.0630383899493898,0.09147450544830511,0.06306401549122882,0.04878740218547113,,0.30839011081721523,0.07051694248850192,0.15246330967208144,0.13951644713106856,0.29176595164668134,-0.11919571427849647,0.0016049687511080807,0.10877888350493248,0.09983801025878057,0.2243110813489482,0.007129983642001321,0.03484502824351347,0.20351198796083197,0.06857360376900429,0.10346903969921226,0.35667107032765083,0.29661027205635854,-0.06688299270258175,0.22156335859229975,-0.00753697649092026,0.23631137920551076,0.24588963985170229,0.005875875474062354,0.03397396815624888,0.06092936976323481,-0.15174791952691552,-0.02268449653694241,-0.14244929829505268,0.13718319757904612,0.1068091987432553,0.039890794972161255,-0.2856517093472226,0.2890854019361481,0.03323024800925433,0.2516949854037586,-0.02197267666939106,0.010956533865272912,0.15174331990589704,0.039719062778162534,-0.0008469651427494399,0.15780237028357952,0.18777837161881278,-0.17486431113760947,-0.1278475669862837,-0.06651554106344151,0.17552756547904252,0.13884283978013812,-0.038574987420670885,0.06866692487803185,-0.005424796300663322,0.2344959896685824,-0.09928240644984278,0.17571925455000345,0.12071586190375569,-0.09069922473951278,0.011881707918911528,0.059409620380138944,0.18019208497462155,-3.978170332924704e-05,0.11804907721405894,0.17667227870260982,-0.06499148246503872,-0.053729859684554286,0.22626318318415153,0.22472354585336687,0.0005231589634634895,0.19036360942416633,-0.0848261569839528,0.18193763652858222,0.04713450524774758,-0.012614183880931952,0.005004906597425944,-0.08463129357139755,0.07767128117864201,-0.023232446370503763,0.28026483342395114,0.0938827260486841,-0.16074677011474323,-0.0009011493134350077,0.05156203810228886,0.23570734588863934,0.0486351296955944,-0.05978330510406311,0.07611744543098968,0.007065264507189751,0.11028757233092165,0.10933496629170689,-0.13478425872427088,-0.14999487838217532,-0.04907759019672781,-0.11825050856525264,0.04612342872303772,0.15915921648441475,-0.1170660736288618
,0.3118022810750472,0.10863885359270449,-0.01434822017914854,0.2351679560992534,0.0032594045654206418,0.05369348340104574,0.14655312643039228,0.30012178226999836,0.1421303733332697,-0.054638125147220246,0.5975552662420093,0.1006813755566854,0.33795754076492684,-0.10501097529524057,0.6040203594910198,-0.047378399063298396,-0.06998171033301125,0.33158519357196875,-0.07434690992743616,0.5867257942881835,0.1459458521185612,0.023533255813774738,0.6716927654908978,0.3209164261318869,-0.01814393326865627,0.6005671417248479,0.23009971526204437,-0.008997627459852291,0.13996103455948794,0.25147786547966616,-0.0983253608920259,0.619904232889496,0.4263746531671801,0.5284752210507507,0.23780143397652012,0.3144518072426281,0.08166790143550798,0.05950368040696828,0.4918907159917078,0.3261373486273425,0.21812444475117457,0.06801056237131393,0.6589743373422341,0.27550815445178317,0.7520942331874412,0.03495414260405881,9.327480585632759e-05,-0.01614547331101951,0.05155824444603126,-0.07287696490250765,0.08063213548746993,-0.05036360773667156,-0.010635168443634754,0.1993082521025664,0.2694995374259278,0.48667124838341036,0.18578304675422905,-0.03520393620916039,-0.05145830482645932,0.01247063572728017,0.601979352635033,0.29805706431317713,0.3567272518809091,-0.019881526745636122,-0.03455407718722224,0.5807322531104558,-0.1280502277290294,0.06519184689926906,-0.004649200969521452,-0.10365726148588125,0.16738626769017306,0.062133258691773156,0.019353296747497542,0.2410190186371225,0.18151658590074385,0.48476521814547696,0.014980358535468816,0.18484801150372918,0.10325575989103185,0.5734191325355634,0.09960795669686927,0.036222125705976146,0.129936470221636,0.010201594053363298,0.35603286838963244,0.25433377164008,0.1508065464056746,-0.07928418898182239,0.0011618556438697833,-0.05814736254625996,0.47079040527567206,-0.012922999167958697,-0.12065401946792044,0.5284385485249392,0.06502502762833974,0.08857599028934296,0.25836021987035734,0.07612752275335767,0.053462315522371115,0.2688252144403265,0.042157129718239594,0.06102725869051886,0.5881631423779584,0.08778615604453824
-0.1188147360923627,0.19811953973219326,-0.08887860268670712,0.0666413746964781,0.18895483755319328,0.21124060858534568,0.015155612579085617,0.1219767895645469,0.061719059404303965,0.14986594525001248,-0.11883650364124002,0.2479432517915944,0.019112221648430346,0.09865031646771213,0.03652643408881357,0.2550287163811289,-0.21559658287192637,0.011617960371736251,0.09691478763126204,-0.001491546482303873,0.08164571938086186,-0.14938255742029838,0.03792382926387192,0.15436309640982454,0.04842163226728676,-0.06357126632004596,0.19743271967737788,0.08782710477418403,0.027102855069585704,0.16812916947213044,-0.0824313706939363,0.02764337522232759,0.06976233079144535,-0.11175517669322454,-0.04338346221426351,0.030748403275524902,-0.017116264789778457,-0.048826478561542666,-0.12904348132793955,0.11776040751629942,0.006048312058943273,-0.15876412441771753,-0.1748769855357845,0.2627394879485373,0.10524858641231724,0.08906314905523484,0.16685690726346994,0.1068035085655405,0.0099817479810604,-0.022044832703973817,0.10747483023080032,0.06476898178864925,0.06580076915284437,-0.17951184144580012,-0.04063876176594637,-0.05665753648579623,-0.15298430752159986,0.05037533336621589,0.14325242600050436,0.013469775026024096,0.034029669497601854,0.25584487742173445,-0.09975019956753448,-0.005800615692855772,0.02415248033069126,-0.017846232770214805,-0.03699781495901907,-0.007258662799381396,0.015390099664985616,0.017715965635680817,-0.04996349634434833,-0.07229303495505557,-0.1518672658810886,-0.0887193326378218,0.14128052189312124,0.23839585880935119,-0.1283377276217739,0.038001751138485924,-0.17634896885082776,0.025460218861607688,-0.01452210266046654,0.22377155872302246,-0.005593985969737974,0.017209540232633002,0.09568809177646041,-0.15890719030388073,0.010412590644402147,-0.1944249472434524,-0.0916973655528847,-0.004883593112688767,-0.03638133807310823,0.15681361149160689,-0.06913653357824451,-0.0646775852587096,0.18173968248662076,-0.11526610860053947,0.18828095044766432,-0.056183235342066075,-0.035215255396153014,-0.17491316936563264,0.06376612153957988,0.05062321908501453,0.029019884046978174,0.08332606208295397,-0.09137703591960089
-0.09592558406913398,0.19348077240929595,0.031191346389061642,0.1441507712760204,0.18264384123298752,0.1569258954924407,-0.011749393027891531,0.092744741491178,-0.030873027823475757,0.1826825091741133,-0.06509425117262477,0.3427263914343203,0.061318975008453,0.07579968725882054,0.07017023060074042,0.270012346706448,-0.11782935370900277,-0.010842671312565595,0.08304595214925582,-0.024912462472508105,0.2041647319215654,-0.009284768172853095,0.0006728708224820367,0.19737443710279495,0.0536165205085959,-0.119545855643471,0.39690570307476114,0.03947986979808888,0.042556858997891606,0.13532813255145806,-0.045700219626497084,0.10621186363097655,0.46596753481224595,0.08784458637169777,0.05146972410101276,0.06855796090708033,-0.06674188073944724,0.07604033232343767,-0.16288147435573969,0.13778250172898718,0.23899975540248725,-0.002016400052790196,-0.1601557250101162,0.5092726136493214,0.18801017848544505,0.18127868683398193,-0.031122959445539018,0.005537505533433857,0.05365020362505647,-0.013581050274872875,0.032328842078209755,0.07814354324496724,0.04386376163354511,-0.15556265622306545,0.0474133409471542,0.02996987806494274,0.04541283100004636,0.15329304344549013,0.02540815322401706,0.04270641074875767,0.012952299082269943,0.20218285574851932,-0.05786004630683323,0.027915588171762352,-0.002058275042374469,,0.184519406829674,-0.001128775533256719,0.06084714576458522,,0.020541468610832267,,-0.07251485665627379,-0.08029868989092669,0.14391962672633352,0.05229162073783292,-0.06916864822692724,-0.029989799393905885,-0.09563756544556913,0.15626189429290668,0.19721182849262642,-0.0032143812812802756,0.046113207360617574,0.18842519824167805,0.046175053600165876,-0.07728544939115259,-0.005853654586549797,0.01312384821411356,-0.12565198763823074,-0.0031652253167847935,-0.01665240160147673,0.24990633164262452,-0.10727510686375413,-0.008130571748185595,0.26391650136319356,0.06814752428406792,0.08537721529460371,0.07116182918756325,-0.08411478454454062,-0.06474966408081373,0.04219984758023811,0.04191815501486678,0.036253379504640554,0.26521779496471737,-0.10997587013369113
-0.13883650819192195,0.17931349726002666,-0.07002126763631869,-0.09842190250255099,0.14868568567891502,-0.11649618357348178,-0.10353587929274617,-0.011092611426764506,0.10635202128772303,-0.10204097221966008,-0.10696481425787374,0.5167383363935348,-0.03537253908745719,0.06312099335920689,-0.1814607101082171,0.37139228195663915,-0.07609172826588402,-0.18025501120176016,0.0013661520534127647,-0.07416800032635941,0.2895547365954795,-0.14415450632629576,-0.07776387166067449,0.23066874508416946,0.1319078895421191,-0.20788745892900332,0.378253705046793,0.06489596731004911,-0.030902741868496866,-0.20130879491416345,-0.005815216014286321,-0.0936993863715546,0.293073676724134,-0.003876831860238438,0.008898446485488891,-0.08749092938662138,-0.13346119166241877,-0.1086691070877069,-0.11380596001535408,0.25035356506217404,0.1643882496493627,0.10951730408829391,-0.18055570275965427,0.4896846798674006,0.21995954516161131,0.23878191559002102,-0.10389341307083992,0.012923906628876292,-0.15813597431446333,0.08346135019119102,-0.13876305956566584,-0.013831764033860234,-0.15410290814661357,-0.08955650295053398,-0.19477761886005365,0.02047702223745123,0.07895255587500344,0.2386645886715694,-0.131986398016356,-0.26371265822615636,-0.0925894158567088,0.227784593261813,0.09503895773645124,0.27279812915726104,-0.11148137765898838,-0.14208234008119308,0.07914324225375163,-0.16363471817527447,-0.07761138938042128,-0.0065584172520934585,-0.15656416602362636,0.0869005778906767,-0.047774603886073644,-0.09749178450851577,0.14885970274864677,0.023357750279210856,0.06630976568813245,-0.04388103268777124,0.018080758596259062,-0.04707613239652933,-0.008681933407933625,0.02651644972877999,0.0367858765664639,-0.12592282566494023,-0.057502157597162144,0.1056706178539648,0.17081358709592281,0.0959389845653218,-0.12252556510954873,-0.022890549386035918,-0.1618733363571291,0.42083351687009807,-0.13120481895106095,-0.20877106275293353,0.20652371620459192,-0.059618973987964945,0.013595004439504623,0.14679195313959045,-0.06763624479330949,-0.07326405941498573,-0.06722944501786654,-0.09167611790465534,-0.08866286101027379,0.14021269182265908,-0.09016595462196135
-0.03377786976328545,0.4136251921741515,0.13223256367808556,0.22797346453016587,0.21613493916005563,0.30011180697621825,0.3522309652583854,0.3752962226493851,0.2730261464957807,0.21403566107745195,0.3520166191789705,0.5135212644597691,0.26235180007316966,0.35796202742300065,0.2371609237576799,0.3692714282131263,-0.10363354825894007,0.3221712726478825,0.3917297195113111,0.427891762985337,0.34830015662286284,0.21617848556755137,0.250155166804341,0.35657067868489545,0.31057592679444307,0.3151550300673453,0.31085346793266266,0.38101360126288003,0.037936251164163576,0.23011184234612342,0.3529211250765381,0.19006531407568014,0.4393267816781572,0.14617647838558828,0.3503497314990083,0.3790747275788803,0.12287409493483792,0.13035412524471135,-0.04023391985224168,0.49782077289931753,0.2526011571663609,0.17819780937989943,0.083335397740497,0.3502985056330108,0.3974490148050991,0.28090304461010557,0.2307906846960486,0.40134294118599695,0.21752269756491896,0.002325174352674808,0.3326967652443499,0.2638591794597763,0.3087742529771707,,0.22563479958486057,0.10488308966072105,0.2629788359845117,0.231002785644977,0.4036660768090576,0.2596863601207704,0.37477174941652913,0.5246005549944421,0.08357450054441289,0.30960416906857935,0.2920859044431253,,0.529878906338394,0.2386111277434513,0.22644599042774596,0.30214058851077086,0.3088778645770853,0.22826452999639435,0.24629627930148382,0.2362281619537562,0.22305496211112513,0.22747354107653572,0.1626530338194399,0.25248443962183476,0.023921515232374128,0.20549362674795027,0.3131953067653198,0.29020714862304026,0.13243495012399506,0.18204544023301905,0.3035899279185824,0.16657738164727628,0.36390552062492887,-0.017630546690810406,0.17329657114799848,0.014906602383404445,0.3285559349404278,0.3296478918152064,0.2834016528498118,0.26545900761837693,0.3580209922802888,0.16869027282005855,0.1317590358375441,0.1999621883060501,0.05913266611535604,0.19354493852592405,0.23840458413172425,0.23852013602881852,0.3439976075786412,0.1603882152041786,0.12717147804184464
-0.05422468390091334,0.2009409550264583,-0.004429296326891204,0.06904388051712716,0.19463048109824263,-0.015398219645203276,-0.10888239167059735,0.07787432632708206,0.20783629007410617,0.17993688735707947,-0.19563850707954192,0.5345472435670028,-0.0460485617623104,0.18509638788144964,-0.05884606015098358,0.2745062338646163,-0.09221859275777171,-0.14148068168875044,0.12457454544223802,-0.12781641968316815,0.31658696323417634,-0.0469005531730452,-0.03034868549441012,0.3000865035352099,0.013037940890232412,-0.17950784760449298,0.42159545202573656,0.060170564886566864,-0.0458293179938334,0.08500507774845914,0.06023168382530163,0.05364794947563996,0.47693262285992594,0.0012159369460094489,0.17599172414319778,-0.07001368250900936,-0.13208382506335486,0.014693421921859762,-0.23879928964662997,0.2194706811316514,0.20009559955349948,0.21527920257393732,-0.2462558170906867,0.504359323403242,0.28151084925728515,0.2740166089032996,-0.03273003577829055,-0.0870403613528985,-0.0040523248006679655,-0.01865086054456068,-0.06917889859358763,-0.003119747627807998,-0.12480704677018119,,-0.02046550436263839,0.0782250984510422,0.27941764484813486,0.03583070762193148,-0.05439230353225011,-0.08920542788011857,-0.09130039416098358,0.4155213888097422,-0.017004583188061192,0.30265351350992803,-0.13074528335783175,-0.21815309592199403,0.2617572545789033,-0.07283805450200083,-0.036023107300836354,,-0.08939253396200943,,-0.11044858387388587,-0.09172306248063171,0.18757680790143516,0.027477379671517334,0.15809475488182134,0.04558145105250431,-0.04650991324467309,0.14473645430823534,0.3181746985840951,0.006090117994709642,-0.033336204132207156,0.11174262192929517,-0.029683694549944177,-0.0409881239791301,0.11383918411437643,0.04262679860682159,-0.18085028025176428,-0.011245547725251163,-0.14661210439462052,0.4338228710884224,-0.11789318333759254,-0.16909146179519827,0.2855848759932264,0.06819297383674139,0.07621516534013342,0.1282030144652186,-0.20463259055992125,-0.0763255533565015,-0.08631903674624,-0.08120303232335839,-0.06713443091268607,0.39971485045884964,-0.11239192307231956
