,Layer,962,2170,1227,1430,2108,760,1176,2252,683,808,173,1553,2262,1273,1084,480,865,1863,2219,1099,1538,2312,2019,2164,1554,1293,362,2393,805,1337,1783,129,928,1731,1918,2457,99,1578,1304,1121,1748,912,85,2229,1211,1994,1607,1664,2270,703,232,380,1662,919,1128,2090,1166,631,1228,1287,1685,1926,883,2087,1852,411,59,286,470,1142,2279,1624,932,421,1451,2392,2102,2223,1053,389,2327,775,282,2141,927,148,1604,1640,608,2275,1893,391,324,1048,757,152,47,558,218,422,2028,34,Cluster
0,backbone.res2.0.conv1,0.8080024651996993,0.9455862629540331,0.8875644208258384,0.8821703389673935,0.836127335944225,0.7956018946796483,0.8668482625142644,0.18010313189908755,0.8984513680983363,0.8645131263092816,0.7662785116716484,0.7176444618800834,0.889827494486517,0.90376477685554,0.9456095820919745,0.8475967545254346,0.8724216381379877,0.7759600260881501,0.6945055841908103,0.7553229837949372,0.7912439372422387,0.9174569559486273,0.870436670222168,0.9004386649698309,0.9157785903321257,0.8627309470543842,0.9358997027721309,0.8105782519065167,0.9254612597524603,0.8363296233704642,0.8134234093839611,0.9295495042165915,0.836565496856341,0.8626979458122174,0.8721736439999267,0.6115125221591202,0.7005348688985177,0.9627814371829946,0.9458115340850322,0.8148865551231752,0.92627228092097,0.8899184336353484,0.8214775844184549,0.8974106146576765,0.782229219607603,0.8824512365663908,0.682645532238656,0.9138112374510675,0.9092471948771289,0.9067788630692676,0.9393993309395448,0.946646978447646,0.8646468188415058,0.7512760867985551,0.6447321354718336,0.7153515848183787,0.7850915445491137,0.935984938554025,0.771981441774536,0.4434246718442993,0.7575671973929906,0.6771693816015694,0.7741193381579892,0.9742412560393612,0.7927766227008305,0.7377077865471795,0.7923331446091673,0.8688546758685123,0.8668099427636133,0.9212348083668014,0.8966148392572602,0.8671254196976663,0.8908350872250169,0.8148460566971482,0.9702716476494175,0.7692116361838207,0.8587884252883897,0.5836480635755018,0.7360938230606544,0.8953911818132165,0.8411866711507282,0.8664412044154335,0.8816725815621206,0.820199365317381,0.8658539770199524,0.8555162537984512,0.833083265899468,0.7915663048408439,0.8019902671259376,0.7414930042649378,0.8909183527490729,0.978028835627147,0.8284965339616011,0.9390714987554468,0.9189329776752415,0.6618849487097437,0.8732378610362495,0.9475013559276981,0.7823660381241894,0.965053236160461,0.9096497314936587,0.9038170769098454,1
1,backbone.res2.0.conv2,0.8755971725978663,0.9146887395940144,0.8791900473889542,0.8630852218930859,0.8136934175270302,0.8264590544008342,0.8970581663547558,0.20546104246159433,0.8954316195575336,0.8171666844518033,0.8845568658058007,0.759664922646408,0.8032414387284427,0.9147163961760666,0.9448119575901993,0.8384691930224845,0.866350233091658,0.7497276067811797,0.6815839778515871,0.8452406492572301,0.8590281604321225,0.9534569464030832,0.8223147457935124,0.8559624890863168,0.9167732945809827,0.9438256894489113,0.8811393459771397,0.9076363697041487,0.9056916446686913,0.9423081265682298,0.8399673459717732,0.9452546820168355,0.8832705209813838,0.8349533087240029,0.8174107045594404,0.7149261362811529,0.7506643995740451,0.8914005407720498,0.9031559429522956,0.7564545311293183,0.9473080102695939,0.9083588482369414,0.8437045629903913,0.8896697992872789,0.7369683244479747,0.8843805263533122,0.7477025299781744,0.8786328754819233,0.9183472618366373,0.8910392067537377,0.9550817614241569,0.8441426633535605,0.8527744839159008,0.74716267702681,0.7991967910503494,0.8181115792533464,0.8810735994686051,0.9272643694636283,0.80063016894617,0.4765624416417809,0.7919408250185787,0.7909616168195118,0.7985879784316711,0.9599821329825228,0.7736729666393447,0.8109917052304179,0.8725327071883021,0.8001426428659504,0.9030537150075875,0.9077015344145664,0.9588883336939579,0.8894016515504244,0.932336051749468,0.9366603115379911,0.9321691482679351,0.7803191081088773,0.8704467368726343,0.6328939438165799,0.7218697868557626,0.9113922646894118,0.8380943174283187,0.9753120919180086,0.8613843836595694,0.8564584659598529,0.8636815870095914,0.87808682632152,0.837038289113345,0.9231711515807075,0.8233274887054075,0.7915425075846685,0.9030593466188283,0.9673233291682217,0.8139258743682392,0.9146627554987634,0.9652258310593557,0.715167171308589,0.8536455427825437,0.8607902880420346,0.6828478707141173,0.9501050134177178,0.9209209401434165,0.8568628375156452,1
2,backbone.res2.0.conv3,0.8202651278181943,0.9761781635752582,0.7627937372353942,0.8720396305192134,0.8839714464804164,0.8714239720384169,0.7975944569939789,0.21473024589877318,0.9250650240418201,0.8348452651508887,0.9183405083773684,0.6952568146115009,0.8855588272989181,0.8711758838329091,0.920166815302027,0.8731310918026455,0.8940391512241839,0.7428869246645199,0.7731384805898354,0.8161818976665691,0.7403720701147551,0.9693329513157476,0.8153773861868103,0.8821332878241224,0.9170766048751485,0.9498693363510513,0.9437103398570584,0.9161614470967425,0.9213528928775759,0.7915403479280242,0.8866132301287599,0.8141836157540421,0.834891070991259,0.7537352155492573,0.8853042048229489,0.8282554729562247,0.693373668908663,0.7912764380533293,0.8236499664055776,0.798891652039524,0.9003795948073343,0.8367728467718571,0.7895009128284955,0.8911989328994352,0.776986491264503,0.8316770019973757,0.670140099078976,0.7496983313117861,0.8429432994310494,0.8913147340481676,0.9384904056272253,0.8269268206173559,0.8260068144056016,0.8136225276708144,0.8536963609256716,0.8355424020976808,0.9424841598082752,0.9180132928749805,0.7398446748408032,0.461167868260308,0.8284440942885729,0.8639957068467213,0.7393966938294315,0.9559110748025618,0.7431717077221601,0.7497262076379897,0.8011101640451824,0.8396318886392017,0.8052178338375704,0.860996444366889,0.9581410238768323,0.8840587327532832,0.9536226494423993,0.9527380491424811,0.9633650495886115,0.7635935849562294,0.8380662368503253,0.6201455018134285,0.7470757822846703,0.8596695815214038,0.9213428712805747,0.7944622173628441,0.8814860240913033,0.8183449963250743,0.7649595831775001,0.8336557871129935,0.830435958448429,0.8785040359098766,0.7020027228026002,0.7319056351005482,0.8506994514829279,0.8938068523391111,0.8713760781935797,0.8986729837789801,0.933032075593362,0.7388650694937384,0.7547010903924769,0.8360046035803481,0.7515304001089688,0.9898200141684603,0.8146911552212457,0.8549234596804436,1
3,backbone.res2.1.conv1,0.8775938958277214,0.9659782873286868,0.8771834727279018,0.8791576068921958,0.9024405066258455,0.8471010269923255,0.8202249937674441,0.2154614219117944,0.8540429159931119,0.880911609036548,0.9065086690032979,0.7717525260041823,0.880461979172595,0.912855193019593,0.9552886523539342,0.9261804780434587,0.8350883612167082,0.80975345709876,0.7494202714123366,0.7975300724948037,0.8086422131799438,0.9648844143217128,0.7906010051401683,0.8959557303650574,0.9099868287432826,0.819258371030953,0.8913903755336942,0.9070491594986223,0.9053437651495064,0.9273970161035052,0.7451568053538637,0.8833851119911389,0.8083449261977247,0.7452698329548435,0.8995592733598595,0.8149392864064979,0.6987451487442581,0.9729106727092282,0.9289639035421132,0.7504213386320306,0.9247728027245414,0.9138080786127308,0.827851613495401,0.8988140641916117,0.7317222422024775,0.8315161673149366,0.6445119683681064,0.785451974257382,0.89918124692267,0.902711606329055,0.9521742262517691,0.8359505901326094,0.9302824327082011,0.7371283336609947,0.7692686404848132,0.8818590665898065,0.8561720074417378,0.9200015522919395,0.7356315461509179,0.43635374052543513,0.7973600942216884,0.7920707102385247,0.7219068374971576,0.8686886077915789,0.7478453644378964,0.804258175032333,0.7650672604631076,0.7384734458479878,0.8027379802336272,0.9060114237706259,0.9668185147103828,0.8596748819565226,0.8668455518434908,0.9027123374074444,0.9521872000953616,0.7591431095834619,0.876063765909382,0.691700656071922,0.7830848610905438,0.8640600304626485,0.8370055602574697,0.9211974826009979,0.8736832902056021,0.8719483485219877,0.8826755753870216,0.8453856034257364,0.8246475581329845,0.9275845079827825,0.7557573654477658,0.8038724470332739,0.8514480000987008,0.939973614657047,0.8627397878637855,0.9379388534054418,0.7887882948035332,0.7099158875592314,0.8247582198511124,0.8280945622094272,0.6742068183474765,0.8925489487601097,0.7819230290652681,0.8224397244528293,1
4,backbone.res2.1.conv2,0.8657550818452642,0.9915858907707658,0.8482560912903575,0.808462822813933,0.8618253028169682,0.8512758488397045,0.9596454169208395,0.19712580551750095,0.8433495481331729,0.8988800876468852,0.9083180557067332,0.8887756035918762,0.8953323890140983,0.9019095872686912,0.9034767880649462,0.893515160219975,0.9329530993835953,0.8305882833026673,0.6824626048035888,0.8286718339168784,0.801604322384021,0.9543288263883277,0.7683871711469359,0.9093986825303442,0.910587996549454,0.9101630801336557,0.8514029343075398,0.9158058628194164,0.935759456169554,0.7591444772392135,0.8419554037475393,0.879351136915983,0.8055044583336373,0.7354902499889666,0.8321251589541797,0.77622392779787,0.681966985729157,0.8814527228555337,0.9475353721777318,0.7760232005511606,0.955659272503094,0.9369526192323406,0.8155285730163017,0.8927195459602891,0.7606672878057814,0.7906693537823766,0.6810976259012489,0.9344253841258098,0.8485904919978454,0.9105750892176095,0.9735371021848771,0.8988842150526654,0.9310326761411414,0.7229284449423476,0.852695520991992,0.8390842008470835,0.9176728892727034,0.9341241803491663,0.7374009930179973,0.475467511798357,0.6940546523665152,0.841193155068139,0.7321619639038925,0.9829357628536627,0.7411617026825974,0.8054525047814777,0.7960735457155758,0.7151394807009988,0.823055276521384,0.9293345552024939,0.8774602907704108,0.8675545209286918,0.9066639673485581,0.8532714727491572,0.9386217586709089,0.7353515429014552,0.9120270310075766,0.6077977294637994,0.7106406723807714,0.8694096140514246,0.8366152771484644,0.9029336860824252,0.856310191610908,0.8740523091252047,0.8621172892640181,0.848077091386606,0.9157834497587721,0.9618498556602064,0.6783841716684631,0.7707999033338815,0.8510784062472281,0.971874169519319,0.8751767200992958,0.8809044517223089,0.8631405245338235,0.7301296131627694,0.8161376262332656,0.9267002696695772,0.8461098668754369,0.9759899856467953,0.8047351658645261,0.8223281414462194,1
5,backbone.res2.1.conv3,0.752153712440095,0.8215088147670713,0.7116991197291874,0.8512167099075592,0.869747972505918,0.8610729147942426,0.9147494244372935,0.24833157917480564,0.8800506118258028,0.6628068356794858,0.8878818603689487,0.8399243262211235,0.913063479769266,0.9033756945312262,0.9395918070843998,0.8135154143529636,0.848278902976735,0.7122609756504497,0.7996296698982237,0.7953779187832528,0.6907329453588064,0.8769501647419322,0.7365206007862355,0.8869310769095818,0.9125029254484064,0.8350039410688005,0.7754199759823687,0.9251966063951907,0.9182083017552654,0.7731102854794827,0.681321908525182,0.8871232809100956,0.7874572716779417,0.6753827352485035,0.7253015897488768,0.6791680796174493,0.6993850503863979,0.738443418459413,0.939633964717217,0.8162613790882498,0.7697647365008247,0.8618437872964524,0.7498551673393009,0.8656937128084754,0.8328650449916241,0.7860202333644741,0.6459612301045031,0.8979717505950184,0.8233695649892098,0.8865022831210911,0.9240512016477461,0.8030193456653578,0.8940114228035646,0.7925557073698202,0.6284442596305749,0.7617179802961938,0.9544037893761836,0.753938386667489,0.7309424117254438,0.484841671329298,0.8374333675977154,0.748861754296097,0.7466095156423006,0.7961265105650865,0.6984428294501441,0.7101802470996832,0.7913952566507088,0.7991626760047046,0.9199344531739574,0.9152770673987789,0.943382271977399,0.7859634819392762,0.9748063444781807,0.8994510723946234,0.9633759454945505,0.7431004050089094,0.8759478728603192,0.5708117479872665,0.7243928840528934,0.789093983137683,0.8037155535745765,0.931616246695999,0.821623504982884,0.7849082378680015,0.7923487361039263,0.7531921664901339,0.8415518201422468,0.8178142177663954,0.6480878498454282,0.7239142868118597,0.8189047759253898,0.9701131382094436,0.7146241420142737,0.7717827403284879,0.9222865195301992,0.7250110620924745,0.6695695751822794,0.8201644188813302,0.7180830915792593,0.9628484557171013,0.8787892961674186,0.8276923354414464,1
6,backbone.res2.2.conv1,0.8198332938246778,0.9737971838220864,0.8503934861342062,0.8420725278962838,0.8965832834067466,0.7990764721930985,0.905502876801227,0.21288855890863634,0.8241722172605254,0.8681612736140454,0.915063390767359,0.795208197062965,0.7536989670725136,0.9250935496157245,0.7572628712441637,0.8958299467511397,0.8849846687315939,0.8628785625068812,0.7140569055583276,0.7314414684357007,0.7181853096821735,0.9308984941994664,0.7530397082170309,0.9075324569551884,0.910282990389983,0.9348235319365418,0.8146972893633632,0.8995831864042647,0.8494791163018321,0.766051203767309,0.8969916208924024,0.8964695198662157,0.7218279625667139,0.682902061728914,0.7556123600638942,0.8124629161270891,0.671266055709441,0.7587284545197607,0.9536640537124516,0.7639607001892614,0.9535894853940489,0.8238364434452634,0.779275327589808,0.8554693162556852,0.7772776023728016,0.7850973351438851,0.6208184475804738,0.7177216726197697,0.86802926308645,0.743558287401942,0.9338725593340429,0.8189387935991456,0.9059280896632445,0.78336699057718,0.8162771184829312,0.8183977149922034,0.8577337036115608,0.8461158060609729,0.7363283095559868,0.40444162490479907,0.7949295074786906,0.8327276424941509,0.6479008375270334,0.9679407241051432,0.6822505442451403,0.784714568803417,0.8530449851482432,0.8266847114948299,0.788451189476574,0.93585793891098,0.9056380056450442,0.8098555015510028,0.9146382879926253,0.939429519227719,0.935439513312036,0.701740318325584,0.8748465758413622,0.6668680784085171,0.7162054283318792,0.829651950213656,0.8156186360964297,0.9515185356601532,0.8355434396253252,0.7933484477554014,0.9144753872649992,0.8658191519396149,0.889307797439329,0.8941138721200022,0.7094032802341568,0.7503963712072387,0.8576243749664447,0.9796832028516606,0.8012852713999848,0.80464129739184,0.7407425038869354,0.5626973145091163,0.8388667134099377,0.8551938151891716,0.6681410100568206,0.9358609101455885,0.7325665004931038,0.7479711179217223,1
7,backbone.res2.2.conv2,0.6994501592827629,0.9816122695729985,0.8443468924352072,0.6961467956186377,0.6679950715299509,0.8366112788003871,0.9220191321396067,0.18484375950330045,0.814867208534673,0.7052197696761261,0.8510960634224893,0.7790368234254318,0.518026360427803,0.7877737576836692,0.9806336808688962,0.9351757935468988,0.8294422808649344,0.8119499711141671,0.5880316053540899,0.5809682660992951,0.6415988157740997,0.9293107345857513,0.7203564941109644,0.915209398799894,0.8111183338835273,0.907663093662381,0.8275520372780102,0.8676587348292655,0.7557245571909555,0.889227787728542,0.7487714144663449,0.7845715008579119,0.6618940969175104,0.6624784679528236,0.707256705722075,0.7339594923571391,0.6303438091068775,0.8220656162134985,0.6353512754059412,0.6771701089256114,0.7449582125265685,0.793635280855947,0.7044735556631275,0.7634490773781597,0.7045371489822084,0.7572073501873464,0.5547449203823155,0.8592827552443063,0.7902527032123832,0.7813493808136385,0.9118660907012568,0.7213955437207544,0.8475276626904693,0.696213035963679,0.8016015294864386,0.7629026824425275,0.9317383820781708,0.8855611574376753,0.6290583596070881,0.30764821501650186,0.7563352103168031,0.5660502128945666,0.6638595361373691,0.6064444171346491,0.579924418780711,0.7349559485054277,0.8403395790698279,0.604557328016471,0.942940221392953,0.8485624765869673,0.9343156226116384,0.7318979748686419,0.9491249220301996,0.9463246442672886,0.7944277137823453,0.579753099714311,0.8807185953244383,0.6648488286836017,0.5943192027309371,0.8721779758078803,0.8639914219624354,0.6298242191419661,0.7621971727530238,0.6959900425148776,0.9131967500706986,0.7903412619257324,0.812564812895491,0.6638112225769776,0.5922311351057503,0.5816793746643799,0.726076070852926,0.880354085037106,0.6341790846739924,0.8524725421843407,0.6506753832513975,0.43279991743450763,0.8014591649960442,0.7952900763460314,0.7418671337934243,0.9608889380219338,0.6707460811435769,0.656810634507226,1
8,backbone.res2.2.conv3,0.7531389353755705,0.7815336458379348,0.7826169221348841,0.8234756676411911,0.7760458151420591,0.8789030697235801,0.7013695460586756,0.21236833147268266,0.8623327420581742,0.8689253506598359,0.8832660940192344,0.9000398175488157,0.8127437227233241,0.7587156958469251,0.7484251568551853,0.8884090190964274,0.8785566637825308,0.6664424047102719,0.8244513049627215,0.7050905648668766,0.6689325732171622,0.8365490433019785,0.6047236331798861,0.7789474679679106,0.8961837354512107,0.8991030984879187,0.7576043568709876,0.9320948259320587,0.8202900891172867,0.8372805656568608,0.8995488928016748,0.7439289824818185,0.7354595673663699,0.7962727133407168,0.6767031156961127,0.6491679172426236,0.6235911925173478,0.6926935359676053,0.7339781769524192,0.7967820547998411,0.7554264389798371,0.7717032483437074,0.7373920415908816,0.9050215404157624,0.8089198513805117,0.7414840565632456,0.5680732375203643,0.7048413700532993,0.801420818828325,0.8939422019461802,0.8625607622401676,0.7489025550607192,0.8945408610514455,0.8202760133545483,0.7433301782776951,0.7201424520863942,0.7623087620909004,0.7403277917112474,0.7214903613369336,0.4558363732796899,0.6972149287294547,0.6817536604346837,0.8312586551905,0.7422582531398834,0.6414517121364844,0.7590016691689082,0.7562772547216193,0.6668396026296199,0.6550753878234403,0.9237568274697554,0.9522956228600484,0.7759563660623942,0.7802904756743778,0.8554147497789966,0.9517791955788412,0.7416777088922193,0.712404492648121,0.3323473189024505,0.6907665582587206,0.7720415510010138,0.9241361637890658,0.9036505596865366,0.8742436217714551,0.7218035856333403,0.6697191024061601,0.6589223256141068,0.7069902927584101,0.7861091506893859,0.6231300303697463,0.8493551050643742,0.7896457039733066,0.9589067243315819,0.6911858561944826,0.7307380929715797,0.7523981533389745,0.6059729063847921,0.8192534802353139,0.930083165728061,0.7083194961855392,0.750788951646076,0.7777030390934687,0.7718645808757935,1
9,backbone.res3.0.conv1,0.7921854649446856,0.7761900970743439,0.736906881853335,0.8137547839262347,0.8186714037088915,0.8770074167559274,0.8023886262972607,0.16386644893529537,0.9417120504627804,0.9109141329097856,0.9120047575294374,0.8907748092492951,0.7292766623227315,0.8654661148104633,0.7465253028100997,0.8414080873236783,0.6795584671071546,0.7013306401152403,0.7479971055073291,0.6449271805237333,0.7867473619860927,0.7720061858376057,0.6734804052813774,0.704164981888046,0.872206924188458,0.9405103285110357,0.7744629269661105,0.9306891890963771,0.7462531178077949,0.9062559248513026,0.5920527995767856,0.7657149762005051,0.7393082024239784,0.8783279780368174,0.7676833602959885,0.7478880474300621,0.5794270161899353,0.8518369461228977,0.7760702792688553,0.8070443452484056,0.9277298048340694,0.6625416454986587,0.8085921474869993,0.8723085096049082,0.6776378639678038,0.7940431039592402,0.6211569904337253,0.6745075168829954,0.8240006749801224,0.7668421147526766,0.7560720518850123,0.796430713435212,0.6168017278177051,0.7848450411270483,0.6442168064083575,0.6622110560469456,0.951424634844624,0.7840461361262292,0.7321095892482132,0.401622383107092,0.8295886914251852,0.5884676536097082,0.8320373026506596,0.9577009518794386,0.7135579071903639,0.6702625871165723,0.8516713903414798,0.8188871391422109,0.869389781005956,0.9505364720559922,0.9537605929512811,0.8331188465592273,0.779469667944964,0.8614504687841845,0.8864399690706997,0.7735757362112945,0.6575583498078168,0.4325067503133794,0.7712489086545349,0.8426331871268029,0.8679911709271284,0.9057176400607494,0.6656910030547535,0.7647628999245064,0.45315586333713564,0.7208411260948604,0.7892667550565255,0.8888072026477113,0.720490803053257,0.6646917821917151,0.786175939591126,0.821684308303807,0.9243877506928023,0.9256508379487942,0.9034050999813263,0.6102537968286628,0.8998361807914703,0.862278222450028,0.8073497184805309,0.964986217149713,0.7093136364883278,0.7929855364850295,1
10,backbone.res3.0.conv2,0.8149906076054471,0.7274170787858482,0.827059052688179,0.784205692829282,0.6877754168806329,0.7022580637735064,0.8333159383719776,0.19080358682081516,0.9461206776879494,0.6687128383877016,0.9450607589351249,0.7749136787740101,0.8053561996381553,0.7700755995770957,0.6216373972543251,0.836285615151638,0.7056277396977385,0.8135060575389441,0.7058852511406605,0.7483219382749902,0.7826007361280967,0.7846900736482282,0.6097439259281012,0.828774998841341,0.7291615377811439,0.7308325364434015,0.8019456484918017,0.9515726048542648,0.7821085917655441,0.6997312850495552,0.6768728153334438,0.8212912945821877,0.7533332220039314,0.7296198412727923,0.7380314498052648,0.6989779323557627,0.6838669483566179,0.8307281017950345,0.7859803654565459,0.7607133263241853,0.886251049848255,0.7450513984792613,0.8193112751200465,0.8897129848329045,0.8460244293592313,0.775120903774954,0.6067406446128957,0.7738408495033077,0.799069057170176,0.799709512259486,0.8473835539949434,0.9211915868253538,0.6802045788220652,0.7716232923733995,0.6879155986372915,0.7549574172564848,0.7616281657732727,0.8888827009296528,0.6545836700141923,0.44381885118735453,0.8789764597107824,0.5950762587066778,0.7099287920326842,0.9505071233159559,0.7104423142303273,0.7027096410596398,0.7997571840892593,0.8221781479272314,0.8991902574752569,0.9482237171839871,0.9545971527151282,0.7795702524223757,0.7602047593312593,0.8370463889055897,0.8282853211769233,0.7644199654156036,0.6378633377011009,0.5981689809914141,0.6418817613283627,0.8629496544458093,0.7835336049505982,0.9581131541531899,0.7257280284599601,0.7824589551690614,0.6217796274530185,0.7054812208784454,0.7928989886175161,0.7353572674443067,0.7529588103720295,0.7610780317447751,0.7328877785715504,0.9273243243745859,0.8861919227812305,0.9398868474643279,0.7791189900851653,0.5673210882229514,0.8578095474317632,0.9275293538748477,0.6841026813369661,0.7456066993763258,0.8142616743525166,0.8819584970083363,1
11,backbone.res3.0.conv3,0.8615672574493953,0.8015682784216492,0.856279224453192,0.8911515470995469,0.7860954707602102,0.7341864416675314,0.9022492121987084,0.22041612806824454,0.8537485473120895,0.9084868165292332,0.92444049689998,0.6806693584482415,0.6814699531254567,0.9415769542017963,0.7833911552763324,0.9334430197984653,0.8302530561121586,0.758170798581994,0.7807065725718365,0.6871877191806338,0.7204118348260264,0.815677248925861,0.5629968047423751,0.6529422177629993,0.9498227442509019,0.911074253251352,0.9376428029278008,0.9097973760507319,0.757288237380359,0.7905234677406398,0.8889444625342493,0.8492410054124566,0.8208159442525933,0.7825570086198532,0.8873821517623768,0.8406821099730342,0.7755727192188446,0.9172599504307807,0.8376590822029537,0.8269958833479365,0.9347796612175348,0.7946261054688912,0.8401338289874493,0.759923873826216,0.8041257144898339,0.8043090319441464,0.665037050007713,0.712054051702175,0.7880822693321515,0.8773346782451349,0.8314200038093875,0.9817609409275577,0.685845940110286,0.8880254052252748,0.7802556581710972,0.7272036494399429,0.7104422118422739,0.8247760438992896,0.73890996239158,0.5801970737460793,0.8032500526776842,0.8483095612038599,0.8015271427720289,0.76592720348938,0.6672408705144263,0.7620608596222496,0.7917346439460925,0.7777540217548847,0.9372065952809421,0.8233005914708262,0.971465901031564,0.7630431236983696,0.9757256495692636,0.8524572012563607,0.8258096732798794,0.7829818503803997,0.8232127705429731,0.38485329128511336,0.7362459628595177,0.8753149504486502,0.7792705973767144,0.9326831920117197,0.6867717529342162,0.7150223574767846,0.6008363064377683,0.7198648734141195,0.7397189834359114,0.7581213008953999,0.5745021028182123,0.7229951802100046,0.7715652026168409,0.7999497455926238,0.8783579149923452,0.7078853514401582,0.8565676269215707,0.705254639920233,0.9326459688576408,0.8760564980883214,0.7202375867685374,0.8511363420609902,0.7633141215184351,0.8799331652674538,1
12,backbone.res3.1.conv1,0.8539134116806194,0.8480672863828678,0.7282717789363908,0.8610004161455722,0.7252421914048627,0.6308545971904823,0.9077361201908004,0.38212232359970777,0.8263641215498662,0.9161442797135446,0.8594732619050809,0.9252339878610679,0.9059099117627022,0.9318999732366369,0.7868525077100549,0.7877282634572939,0.7025690465231345,0.8238435283021042,0.7892547084130499,0.6397253092628143,0.7997542554857675,0.699803588844271,0.8176678419619429,0.7780080049725357,0.7410664444590103,0.9359464005427051,0.7663189387605939,0.8909751333097837,0.7294065697299873,0.8694530112396963,0.9132628662612879,0.8757755377268537,0.7720583706815398,0.7806661550008672,0.70484795953359,0.8131179555253623,0.7401404750817205,0.8874612178071222,0.9277005243030865,0.6392990538257479,0.685961666508594,0.6646320260500667,0.7407545418721239,0.8139343627332423,0.7831447046603568,0.7224111096066395,0.6877460729029702,0.7400875204196778,0.754673195590697,0.8772619612946311,0.7915645869099561,0.8606588021108996,0.7211390392782779,0.814946527359766,0.8827538666516487,0.8127036309110803,0.7987579001145475,0.943881646532526,0.6788541178721086,0.4608919626235125,0.7215914725114033,0.6581762170244764,0.7168741181590483,0.9125773950405046,0.7344174042643897,0.7589348654531747,0.6969478526904207,0.7313441706097067,0.9565115741494511,0.9065670315876418,0.8982116114702459,0.7261276928280498,0.7274027902050418,0.9235443671911567,0.7276128599993241,0.7138617948255885,0.9269533113660933,0.4935804362253825,0.7766203855370624,0.8762154904028437,0.8811631935345815,0.8513718727087669,0.5761565816707714,0.748146899456943,0.8194923702196654,0.7564447715357874,0.8826872889384799,0.7183383817432788,0.6255861803376687,0.7407753712388455,0.7304283464586164,0.9689553392009189,0.8066023003103148,0.7276606974352743,0.8120013543764691,0.5964861020424512,0.7821952497206294,0.8316996732725302,0.7072384351592633,0.7915063050374309,0.6972839208704328,0.791499322193369,1
13,backbone.res3.1.conv2,0.8105305154340405,0.8271625425937414,0.8387012218127058,0.7274582007647225,0.8030812091741313,0.7385262434527184,0.7594096436303127,0.19091998799503493,0.9038300915483655,0.635766940942286,0.8663055662768998,0.8278455314363342,0.8962103242033728,0.9349301792017093,0.8879969718116927,0.8082816485615553,0.7921225839355123,0.6961847910952751,0.738550642165066,0.7343800250559883,0.6472731045347808,0.6826631993747584,0.7522824070859178,0.6506360826825901,0.8168266201686836,0.927772549077926,0.8743518224730207,0.896501428107778,0.7739390519160331,0.7604828429283433,0.8976520600710512,0.7193731241676375,0.7952673625732454,0.7537493538964756,0.7906048746198635,0.6181087702988833,0.5705700652739318,0.8106318951238958,0.945496119638809,0.5731527559185696,0.8775767889251123,0.6968825773314758,0.7907859541097432,0.8306368422474371,0.7746587826788307,0.7188480341706086,0.7228738445053753,0.6601992034180495,0.8069760141857776,0.730615461928581,0.8399694028363782,0.8532164473359682,0.9454468295125319,0.7842542077378096,0.7591297873282812,0.7440714017143355,0.7414818997669317,0.7986186527531784,0.6109105978526584,0.45821251631349486,0.8244497999998525,0.6610297350933519,0.5434030623429186,0.9176731304040567,0.6540502384843699,0.8034067988378287,0.7190757615848332,0.7266099140186155,0.904528336596001,0.858239798034808,0.9309400270567333,0.8089137169384919,0.7007205718780998,0.8794863806908058,0.7888455315907023,0.6349413102854594,0.836902463652494,0.6458977260440817,0.6966592064421184,0.8857022744467788,0.8822301034581518,0.8182651929983412,0.5846284084552912,0.768626710598512,0.9020102542816595,0.6933294734039565,0.7019551969107976,0.7162368992728906,0.6325742044587241,0.5696033509825712,0.7320669522044749,0.9754122291195686,0.6399830186907036,0.6195760254326702,0.6551708444821318,0.45612440056970055,0.691568198207833,0.9045940798841924,0.5838920760792542,0.8738535825217619,0.7754365549295399,0.8719767356704828,1
14,backbone.res3.1.conv3,0.855408844731658,0.8334995358611531,0.7712816287683761,0.8523061086224355,0.8188778425953265,0.6762641626398013,0.8747042877142505,0.38562480509731245,0.9164404723601332,0.651058647733763,0.9253452672514532,0.9070785960568681,0.8166151348830681,0.9702793487310032,0.9103048544311164,0.7045715948082716,0.642065547898457,0.6366008057872845,0.7738261110777525,0.7793224021707196,0.6289885611781418,0.648760213773009,0.5370245270074484,0.8322621791188672,0.9042671142666078,0.9191585366573641,0.9006713285335928,0.9109918025732511,0.7863105271416614,0.6622819023677418,0.7166905981876652,0.9178593931930665,0.7516719357445958,0.8303175786760919,0.7631301579232745,0.8120006913060243,0.8583753993573626,0.7907356318847228,0.8598801936868342,0.819205195418136,0.9630054147754714,0.7762725417412601,0.818646340656482,0.8455107712525292,0.7072988452956195,0.8300949319013874,0.6326699345919589,0.7565880100462458,0.8092878244428983,0.875739720403982,0.7161788704109511,0.8531982866509857,0.7082120812771683,0.844610493896688,0.8274580788843967,0.7678831007348977,0.7191019042141505,0.9580791255778498,0.7099345725558793,0.6279545505738854,0.6702668299662972,0.7399415667764818,0.7333209108113381,0.9422602369595889,0.689762862544628,0.8054896252777942,0.901464641319393,0.78639555969683,0.8554151637646842,0.9494579245726429,0.8019610569407565,0.808034574674493,0.7744331036396778,0.8121847040551503,0.8287305456641731,0.7588373052882605,0.9339122295929104,0.4268451215385891,0.706977387842485,0.9406621381073277,0.7365135565107855,0.9761821590281843,0.778418977670928,0.754779963172267,0.6644322408196903,0.7514888256151185,0.6287622139722022,0.7505439502713389,0.6115882735919896,0.7135487218441129,0.6900404395019302,0.8312903384251655,0.7861753929044529,0.728081159525804,0.8082449498267872,0.5673728022595144,0.7197279250176667,0.9434567401477219,0.8038865061486382,0.86204431686105,0.9174126444455997,0.7796770363501238,1
15,backbone.res3.2.conv1,0.734260993277659,0.8548002004288734,0.7357516058516177,0.7399443954853733,0.7971839711222669,0.605372191039631,0.8513186277789931,0.19086096463050028,0.6894861921490361,0.7401990692976868,0.897152291440155,0.910243728492481,0.9330991477270418,0.9197584785316975,0.8350928133636848,0.7175926321847782,0.7192002187216193,0.6958380206619764,0.7489651307785384,0.7785151388398664,0.7301548862643898,0.7614678870664038,0.7209570831706612,0.9410115342058963,0.7161346578215833,0.9195001056078287,0.657579004158727,0.8677056265605393,0.8439199506487792,0.8014668252968702,0.9276062654602232,0.751377649321193,0.7299795592594946,0.7227582276761683,0.648382459625377,0.8347846822913499,0.7800437888677905,0.677493028056358,0.9451426035746512,0.7647086185893636,0.6606996903420255,0.7167036776274381,0.7144334261841785,0.8700056709582233,0.6510073246521964,0.811578306593465,0.6135229773284155,0.676547351635413,0.8251584310957741,0.7192247463157665,0.8680790981108853,0.85922407236599,0.9246775843011554,0.8141801237327118,0.6210463019957465,0.8172329358770063,0.9217257519323128,0.6038102832729617,0.6498534972815034,0.5247609585791209,0.6478686937214655,0.8644841598115882,0.7035055147333462,0.6464655090896131,0.5478491511282354,0.8499621433682697,0.6932102858485428,0.5909441342723364,0.8811250491482172,0.9017684483233881,0.7556252871514655,0.7490578326258793,0.7579583360220677,0.8537045505465666,0.8826601326373922,0.77866132479801,0.8104394672493666,0.5386196186382408,0.7299502645746155,0.7136470480118524,0.7843615675462567,0.761761420300297,0.7658127213659135,0.7747732036806929,0.6699986467129012,0.8117369577496805,0.6437560246203374,0.80550272312801,0.6026286130523316,0.6017258769866249,0.6373560945699047,0.819967472726886,0.7504874184793746,0.6515099985332421,0.9457121813669034,0.463890559304625,0.6149091292502689,0.9239541450650823,0.7688759257391222,0.8640972246478431,0.8552355443494007,0.7272528909916027,1
16,backbone.res3.2.conv2,0.7293311076687977,0.8767147147951677,0.8202309268102429,0.8160552495040884,0.7152200902397924,0.7084376370429303,0.6815791406306543,0.3689958051795775,0.8496005599279624,0.6456583231850225,0.8101668896946472,0.7812957331319629,0.8512542506114348,0.8138381911669639,0.8498482335721168,0.8109999010146381,0.7882669344304694,0.774428345283423,0.6337603632967939,0.7481102228880488,0.7771629301953435,0.7538024256508902,0.7622174289479473,0.9197725123538735,0.7703664093537992,0.8005004759493887,0.6890262778914773,0.8870877838018832,0.816886657024308,0.6532023144497229,0.9268742602610901,0.8730205157486,0.7389836529527842,0.8408773494871146,0.7929679929626715,0.8946086553748999,0.7138322500293597,0.6619835683079871,0.9063691259736548,0.7439857796385818,0.9082483962941726,0.6349752913533749,0.8069496414369358,0.8772599008655978,0.7501709598865004,0.7111265487114365,0.687983034309129,0.6245756884069817,0.7182295923739049,0.8141016211201165,0.8527887264635531,0.9479627211138365,0.6740593408015961,0.8920482326360982,0.6234075505138834,0.7645834568093905,0.8794645828533021,0.6731769120639819,0.6823197750257749,0.5433138816399202,0.7379449559215983,0.8848934508686391,0.659926954687949,0.9503194892451857,0.6651730568480263,0.7609298673675629,0.736050900010808,0.6098493005411784,0.8542461321396869,0.9023614337094207,0.6156278388856509,0.8190271808376688,0.7831641934821421,0.8767561319103859,0.8470167212570081,0.6050242588308768,0.8586086904987246,0.6051659210995206,0.66132642960453,0.6698288798608976,0.733357285865091,0.7407985886439523,0.6907158024260359,0.7137024820803698,0.6966760839053365,0.7006936703277958,0.6206701811327506,0.7855345943526532,0.6269771953868742,0.46773943057159434,0.6796053576331385,0.6803659847585275,0.6360512262697053,0.6150337173075024,0.7178097648515605,0.5504685849999883,0.6411406434879905,0.7258243012152412,0.8450458727479181,0.7683266872062952,0.7805674704179748,0.8288827765395623,1
17,backbone.res3.2.conv3,0.8055756071455669,0.9022507239063986,0.8619017363747047,0.8155327443872223,0.7466867678073542,0.7495348610986712,0.761248662904753,0.2260876029935914,0.8851472929396677,0.928277249612386,0.7103115981866754,0.90368036229778,0.9269180324856545,0.9558518431816727,0.9560041320350323,0.7026212851602148,0.800703149599597,0.673433868687917,0.7316625974485957,0.7617579248306924,0.7445103167769754,0.6004971963532698,0.6361879645894852,0.7822976640990215,0.7306472547896345,0.8850145653604714,0.8044847123879801,0.9393721113529598,0.7792040767318774,0.6417182813410313,0.6865793336506685,0.6775988568763462,0.7651172279683245,0.7041360011503031,0.7325528965575391,0.5643921046146686,0.8022572320965993,0.8230736792463362,0.9523368703981049,0.6672125223052205,0.6961418365594464,0.7056422122888387,0.8398813867375879,0.784050360385965,0.7061393408751833,0.7724252621896716,0.6655699308982681,0.8575925532538312,0.7052760573791248,0.8251562425047176,0.8923221647525319,0.9448854381351222,0.716896042339206,0.7188130911504547,0.83966472105595,0.7536372022568407,0.9222118838918849,0.8057276331658026,0.6282805812392974,0.6272477821786947,0.7102575070189369,0.8323227381831485,0.8390345294627239,0.9682762117542983,0.6504432960179426,0.8110248997444431,0.7756512377960935,0.7667380974084299,0.8816419130726199,0.88876516963284,0.8202969073459053,0.7782714909789996,0.9754472647342066,0.8338689719483082,0.869029035242418,0.6016667004428462,0.9276480130503035,0.5599937193713022,0.6419413117846489,0.7381804413583319,0.6253264654081365,0.9562688259555614,0.6046166787124464,0.740527292986731,0.6587371028959614,0.7146243961474379,0.857855958521208,0.7363807248033726,0.65770334321323,0.6665040299679992,0.7564959657951497,0.840619077643458,0.7598798315700319,0.657862846208723,0.6229186504188584,0.7635566353142667,0.6684798351345421,0.910571350712427,0.6154984702926488,0.7491860978444651,0.9145143603378828,0.9071493593547559,1
18,backbone.res3.3.conv1,0.7512891709787409,0.9165675853703384,0.6977458163274788,0.8181506707741255,0.6462215317364244,0.6837810950910803,0.6490534555912767,0.2036996024520164,0.9319142720842026,0.7259424693544246,0.6563889118839423,0.9185352064794023,0.8748667686609992,0.8472970874815459,0.5741759993557559,0.7192291272899596,0.5702171570427136,0.5167568156322705,0.6959148828326545,0.5763717300564608,0.6735523856500782,0.6153224351579721,0.6228991076663746,0.6861671246147232,0.6623059174201259,0.7938545864594092,0.7340903786494012,0.9042351606994973,0.6908303197022235,0.6390774503436315,0.835978630438304,0.7152560231008785,0.725997250366556,0.7203468164508033,0.7220340278690472,0.5976115350271815,0.6990832784521683,0.6830100320101645,0.8347121961545699,0.6352456760130918,0.6384669006801642,0.7400445999763969,0.6099013314693686,0.7814521725543315,0.6821686534359422,0.7049760146377688,0.5869106141666085,0.679327868153961,0.8059628928815111,0.7097727894855352,0.6428111249205056,0.6297252093881579,0.6756538489077494,0.6589296065534834,0.725693635636541,0.7574741363342627,0.9283374657716199,0.7154415724276043,0.6457202699192118,0.5492881238513153,0.7993073262947297,0.488142484870294,0.5979706638549899,0.8743525357254395,0.6294598179435715,0.7503849453847009,0.5372855107576004,0.7016144779020648,0.9251503695642502,0.9304755316689328,0.8317655678069907,0.5842283341362489,0.8499431379590056,0.7606551929561245,0.843772624744629,0.6336513488972401,0.5724491140255343,0.6184737765132975,0.5341039994106452,0.6948003443682762,0.668288144746706,0.9617697240799168,0.5236949800901143,0.7944192057544998,0.6612060681861794,0.7700447276214707,0.7392608941262806,0.6314838754490574,0.7977683635590755,0.840005241047274,0.7913012737282406,0.7900061816569954,0.6045961404164549,0.761324170592133,0.6236923463128968,0.6339831323711658,0.6778361723693035,0.6947153649116429,0.48875818952071665,0.7979907055478795,0.8710087906504148,0.7213460163318844,2
19,backbone.res3.3.conv2,0.5688868453497272,0.8253625239946328,0.8088638339610278,0.6692783979012925,0.8739914454002925,0.5643831195004294,0.6958583835831551,0.1257214369181492,0.9228318311683537,0.594378811265488,0.750568507654707,0.9406656501543198,0.8863970834493975,0.8049584425638671,0.6852869084464877,0.7660149778704978,0.6550297253292735,0.6357438496373915,0.5864137130992841,0.5096622275350632,0.5681518822371436,0.7398936887513019,0.6041019900170472,0.6038928291144858,0.7428764377240058,0.7450636519487615,0.6022552278804059,0.631247626322804,0.639862336398995,0.753891437054117,0.7991052787934961,0.6931709185373016,0.6879230485395442,0.7317536576213619,0.8529535088148666,0.7753315873622308,0.7477248592173767,0.7625754066286053,0.9361329167840421,0.6298881650483571,0.5663154369235901,0.5677837344343094,0.6395781484093563,0.8105340161768477,0.6170254165374305,0.663062231872755,0.40172050682780747,0.721002454896028,0.5951627170096262,0.5973617881922798,0.726664187178588,0.5838717224788088,0.6789651482252798,0.7650095843388145,0.7260418438707218,0.5745033107661781,0.8392553802510282,0.7015385410317982,0.47273330462528285,0.6206422483482604,0.867810671025938,0.7119728968749878,0.8591834975494934,0.9626601905012779,0.4383725544665239,0.8062286743322488,0.8768616015980794,0.7471039534327187,0.6231128814213567,0.6634506319672803,0.6006900063363646,0.6010832389172189,0.7720465081877111,0.6981128349198755,0.6244811100151045,0.5373991703758553,0.5658856922787469,0.3760982137720183,0.6417639225205407,0.6039682838068825,0.6417292530598334,0.7314180531808678,0.5741213147270854,0.660712248733331,0.527034275809894,0.570618916843266,0.6418337207230768,0.7015019910840313,0.5491503992040582,0.8637217189126623,0.627379639974498,0.5764987097583734,0.6239175136474889,0.716111953748178,0.7935819261956468,0.6801112109757954,0.7063095176418491,0.7245242037096578,0.6780719178170642,0.5987742708743932,0.7803332055095427,0.6135274530483006,2
20,backbone.res3.3.conv3,0.6412012346073455,0.9279490072237399,0.8269720601836621,0.6556182896181032,0.8800445246698391,0.6381855396697634,0.9284562093098205,0.4057081991390448,0.8009995885500895,0.6283538652991908,0.6355849371969523,0.8360165083945943,0.6510880302032079,0.9737350164347511,0.6853634621607007,0.674439514819722,0.9115555211838925,0.594017568173564,0.6182581753265711,0.7426259660896724,0.5906052526491719,0.8018510188767227,0.5083341407047656,0.7936221660617157,0.8766694955942882,0.8896194677816015,0.8324355308337804,0.48698851982391433,0.6585795611991675,0.896092766963619,0.8903707257257216,0.544974095446856,0.6732613103790533,0.6164927002559425,0.6461289916454358,0.7852449259508913,0.8198893815346694,0.9245458485521512,0.9199580194458838,0.6487171997655041,0.896717829900142,0.5803088379060755,0.7238970540968986,0.7719422866469738,0.8238341499938495,0.6619704171804328,0.6406931020119873,0.881346816481271,0.60465519458659,0.6155181007132362,0.7656100764472077,0.8397297278834042,0.8121849478972649,0.8710277513167479,0.7199995812831034,0.654557550299616,0.8451523987077186,0.9397062505252912,0.5178532728803354,0.7355823465676186,0.7722909909889508,0.9383468886315639,0.8274707070576383,0.8906185201874819,0.5212890886385233,0.8524700095770693,0.9138741740412348,0.7091840900122296,0.7908069651342308,0.6113835941972281,0.8500917212731355,0.6885216696201925,0.8361170205533748,0.6765908413362726,0.7739284108660313,0.5938056083695639,0.8470299416247669,0.4593644157520558,0.5846323750864028,0.709860022072361,0.9092731752043092,0.5746254154152863,0.6985608748747677,0.5665853907284751,0.755101287855591,0.5089651366247067,0.5514457042943791,0.9361872239519777,0.4582595828314735,0.6798229678762472,0.49340632394579004,0.6924783822047905,0.8754547320194556,0.6917123282292434,0.9120626047925943,0.6071104742822283,0.793287302863497,0.8011571259942727,0.6123995694269506,0.9642461464915872,0.9380189989753493,0.8610259510794684,2
21,backbone.res4.0.conv1,0.6315469576772328,0.6475721490376002,0.599179176079873,0.5790160580673319,0.8056896674994898,0.7264720618137733,0.8680218756747318,0.19630042378679727,0.7917574563125643,0.5331597619850733,0.797897315345847,0.7296373302057705,0.7650166003051764,0.9475686020028451,0.9257111728078602,0.7236660804790286,0.9168309423844876,0.6940271094136962,0.640541023875563,0.6339201311370836,0.6241798826152196,0.8697846552178735,0.6024144993549402,0.5306051902490975,0.6719991068113464,0.9309786218090054,0.5268313415203861,0.6748476713614139,0.7885695884916729,0.8087440071299039,0.8406804695870738,0.851110896436116,0.7088212610277446,0.6722785017736249,0.6386087926612147,0.7996293929978836,0.7214555450418781,0.8603230020859108,0.9642289318826662,0.6367230488916071,0.827875723104614,0.7564508011250957,0.7743749300307684,0.7911172934085308,0.6538541559895606,0.6997801455859555,0.5665084336533304,0.9042261570959828,0.6806123467173577,0.5590940797744857,0.8244379720793071,0.9073986153095958,0.7562124025213995,0.8831451257551884,0.7134255392190064,0.6081861838972671,0.9079237226943796,0.9224692073361034,0.5715742649733986,0.6138927562728566,0.731105640747164,0.9250436913893847,0.783167969701871,0.9800201333965659,0.5811037019501277,0.903638699603661,0.7649119251668999,0.6248525699255565,0.8592455188536006,0.8425481508670734,0.6674454927328761,0.6888946603662764,0.6224157895120687,0.7737929563263806,0.7972379702208923,0.6259257667938003,0.9435165143709549,0.2874437925417212,0.6409764055381652,0.5062974514730775,0.7650859481422917,0.8941014732353492,0.5891512154479829,0.5035054005908096,0.7122773281079429,0.5716364402736235,0.588343358859167,0.8656737379087674,0.6938250796504802,0.8217234313218257,0.6787920751476827,0.875921235746445,0.8401882212141533,0.803018561148591,0.876805968823126,0.8060610737383461,0.8583326972846353,0.5153622395795633,0.7907025779122346,0.6498454637049261,0.8877327204354044,0.82907322326572,2
22,backbone.res4.0.conv2,0.5931564793452435,0.969619923333675,0.8114921370720726,0.6002149037035099,0.7475116092366226,0.5702579272673232,0.8248173964002378,0.3499342263745393,0.9207064518856987,0.7647658042841889,0.6589343374250198,0.6280174446793684,0.9220814674541611,0.8386824092551073,0.9228338070051083,0.6155012715239814,0.9673528577903023,0.7160522239042341,0.7459443586527819,0.6414700730007348,0.7026412514532722,0.7990881652148155,0.7335788970624274,0.43639872659881945,0.5784098184626911,0.8227062032361786,0.7047002800856994,0.5768889546745574,0.6182605934740197,0.5809207193828004,0.9147965945176634,0.8759948245468275,0.5635110029450892,0.6065589075289066,0.8634480173543921,0.693983824876741,0.8116828520856103,0.7742137290265132,0.9614723642541397,0.8077543847410079,0.8985055727406561,0.7796076012558909,0.6495496888538267,0.7681630553605596,0.6906514306217523,0.6459502929492068,0.7503220845762913,0.8306637007729225,0.605840920345729,0.6965786364161007,0.9702362140144878,0.9193851178975843,0.8520301008998789,0.8528798575915932,0.7771201717996846,0.5793643797066995,0.5060061799610709,0.7249649780903495,0.5569342113140302,0.744665672179696,0.8475552135199519,0.9386528909585187,0.7443819811121829,0.9417717470304349,0.5810509401755143,0.8672987105928709,0.8048106522838686,0.6822651212760256,0.8745554074434101,0.6039023818938212,0.7520113704619231,0.7967991394796335,0.9333390319612798,0.6894741927213024,0.9055373239484114,0.720069480132858,0.9054780707745799,0.3883550026272516,0.6622745147524227,0.5500442465770397,0.6394186349305261,0.878100105874308,0.8649781343811335,0.6330744182549931,0.6132082570894085,0.6819984767990148,0.5968742996693536,0.6726896023857951,0.7465784806628499,0.8005921762769173,0.6514523223170302,0.6364641033897547,0.8897429928449423,0.7234513017822497,0.7603239540554444,0.6326797406668175,0.7477169121161524,0.8080510116831615,0.41537718833407283,0.6065699404661902,0.7619080498756275,0.5881253662932382,2
23,backbone.res4.0.conv3,0.7998418455268218,0.8400963943121895,0.8073146020274129,0.6728401836583779,0.8670645783033847,0.518256700988066,0.7883785591811378,0.32733844010976915,0.8868913754782805,0.5796175329814759,0.781231096600214,0.7634617829002127,0.8753169210374303,0.9489745010290291,0.9084064761392471,0.6489692495472397,0.7997120276644497,0.6204363671394667,0.6329834904350039,0.6525521841483006,0.717447510752709,0.7991134325995126,0.6368443751616729,0.8072939515414965,0.9040913359124617,0.7710705031344889,0.871486210275071,0.6443394840348495,0.7575019128071298,0.7428922475096787,0.606538981448324,0.5379795733226872,0.6751676736674326,0.689487375307174,0.8303261640226883,0.8722424194897761,0.8594851789063559,0.6761053861600239,0.9302894458407026,0.713775544320543,0.7308326554272538,0.6040944100875701,0.7310982786687633,0.7526728022712696,0.5644914481237302,0.77319699625399,0.6916417313825195,0.8679739569384523,0.6680424879685,0.7050658699447236,0.9206427483279278,0.5975322969806188,0.8445298012771374,0.8766210049445696,0.6987158011162631,0.6799246305142208,0.6746646657947085,0.899418525302659,0.5500823688793879,0.7731168511544877,0.848117099709634,0.8948488544289264,0.8379881238756287,0.9011200741994893,0.5857275013934381,0.8561491334797462,0.9217099706528217,0.8015658869840648,0.9262603436539196,0.7063749919508865,0.8998049317225497,0.5311859133304018,0.8404507755487158,0.6288244309780474,0.8458936236699988,0.5749870305178234,0.9094728600474943,0.47896165236658433,0.6921889114278064,0.7965351410363055,0.6436169622791911,0.6169829574350919,0.7273939648115766,0.5907511647757976,0.5807911936324148,0.45999202878979273,0.8045058684525859,0.8386611505331055,0.7351075174807192,0.8279452774426027,0.5744023597521567,0.6245634918707434,0.9064849879892989,0.8120680002294667,0.8296690334360908,0.6773543510064467,0.6582370393588944,0.9076380510622218,0.6037534921957592,0.6825205090217168,0.9386003906241254,0.887166915513479,2
24,backbone.res4.1.conv1,0.6583328971089145,0.8073110803048325,0.806721191331443,0.5897233968740502,0.7738254569492483,0.7329841575139556,0.6761287050078116,0.341765610793086,0.9124355316551868,0.722655712556221,0.8287210982486184,0.6889949898733253,0.7817895282369212,0.9058565172373872,0.9480725972848821,0.7872193171389956,0.6185246641274781,0.6962382028418533,0.580817214940758,0.6350202351949414,0.7244849716187364,0.7845207081693784,0.6303380736333771,0.7924313584967299,0.7318219103961986,0.93439972381168,0.8802532798868062,0.6678559651196915,0.5658486342812161,0.9371992629580983,0.7896962482664626,0.8715232361236258,0.648901731582029,0.5376562705839912,0.8124036545215707,0.7385459982910685,0.7897595078069465,0.8394048964604666,0.9689473819584639,0.7479653717517727,0.8531769463710147,0.6978503436591015,0.6200544767760269,0.9402074811951052,0.6929385018748901,0.5513033683365466,0.6040042962393795,0.7655027357639028,0.5295480735068543,0.8127713144192482,0.6707907895099915,0.8658195821712797,0.6998085451106862,0.7327248029673687,0.4927827986199511,0.6659199185195589,0.927756917461772,0.760276779647853,0.7925422817285735,0.6334480726215226,0.7414091517548133,0.8984779624085052,0.702063585433596,0.9744077929144191,0.5968875506073811,0.7790128653626349,0.7912554869464573,0.8246429116754966,0.7826789320686836,0.737330944874143,0.6483994140479877,0.6962234629653375,0.826519707683281,0.5610857752209882,0.9220399597997683,0.5441255081195784,0.8163116431977312,0.49397993565394127,0.48338516050991637,0.773808165061185,0.7449710741267346,0.8821733278099219,0.8173629202974264,0.6246164792236834,0.47513609480040064,0.5793630630369465,0.7097841499835139,0.896522185988071,0.7835655480677519,0.6782024478435644,0.4826356449541541,0.6133901678393563,0.7805092445104441,0.8532326008450616,0.6960992511036194,0.4483263718237541,0.917952029831936,0.6070138250255589,0.694772933882455,0.5482650955566712,0.8404451893931487,0.8831586912397911,2
25,backbone.res4.1.conv2,0.6880688796485236,0.8773871064857359,0.7085545601594551,0.628412907767317,0.8341288925092606,0.7011141187756036,0.8653388279416135,0.11678415643248302,0.9069448987528661,0.6648610873321807,0.8424501697071638,0.8823893562055907,0.9345816339812248,0.8167221518594161,0.9818973245891663,0.8889841349442089,0.9238431820936406,0.6984991360968119,0.5878011495683375,0.6894541555793583,0.6720021221901081,0.7882038619923184,0.6747634928338315,0.8096508091807834,0.782199756926679,0.8999573392204037,0.9587882583768186,0.7264647723076928,0.7095923177019189,0.8419630854625333,0.8997100069852554,0.7173893943866458,0.6896989424919817,0.5747315782666638,0.7587225252354775,0.7486892093322437,0.8866751407216074,0.8562387319509229,0.9143087356978972,0.7964117927135689,0.9125374997800088,0.7428957711311489,0.5448362783670583,0.8175984455614203,0.7203214021250253,0.6001669055807552,0.6530994598951303,0.9175155575312129,0.6257920986077894,0.5102058757294784,0.9395321774716691,0.9460730717785809,0.7145805789881484,0.8507892882388659,0.8123891068921951,0.5037592014040668,0.8774203380024894,0.8121824257488847,0.6884491178434365,0.684124243839859,0.877674753805272,0.9479251536223173,0.919638009915266,0.9623896162382616,0.46054587926076357,0.8219133668272378,0.7231793680489839,0.7124156057677757,0.8838142087311854,0.9692255442679261,0.7026482962430483,0.7350877079906136,0.8475806577868188,0.8583372477551005,0.9773610213783882,0.6503837325227969,0.9382100924130692,0.5218737042561907,0.49337418133569894,0.7215516472588381,0.8685129136523827,0.9008096469704437,0.8622498407599257,0.5750100134998392,0.8231634398483128,0.5943587667153376,0.7755117349361575,0.4980040348709681,0.4895091949494645,0.7479324446199103,0.7732259923742711,0.6748690379836382,0.7181864190620332,0.7509720032319712,0.925294631008617,0.7383085236085513,0.8407968922594445,0.618514001549022,0.5777130006906783,0.5949171180524392,0.8397621232282679,0.8494539442987703,2
26,backbone.res4.1.conv3,0.6170611858308637,0.7551445394192288,0.7330825852435899,0.6158359050017905,0.8672744418375403,0.6054389289776987,0.9035192275507636,0.3721047685601946,0.8992788688031352,0.6170662378558064,0.7396148755289754,0.9401484941985458,0.9767118626366783,0.9237117508636767,0.9525438856430295,0.706910030838219,0.9521799284717479,0.5244163885724159,0.6145876291992015,0.6767422053150138,0.5921368197860394,0.7904515465927948,0.531225654050064,0.8951765832824222,0.8857580231683941,0.8955485876597707,0.8481591275597664,0.664991743193796,0.7018342765093296,0.7336412390557684,0.8923786913723486,0.7444381387344536,0.5478287514195473,0.43965671171698006,0.8646401592572084,0.6199402931743192,0.788561730547065,0.8626377812050747,0.9297905567488405,0.5811573861127091,0.9463855900484073,0.497393490250497,0.6422291219146241,0.8701991239844007,0.6994508655629202,0.49905861984419797,0.44536935875017347,0.8321609809425609,0.6157048238641237,0.5266500668991636,0.9232158421321025,0.6301011994522377,0.9029391596238883,0.8475478007943841,0.8051981026063691,0.5177019203415448,0.7929593990561373,0.8139157653557288,0.5402619326526132,0.7459496598356156,0.9091402422372855,0.8807035722300418,0.6469273111030792,0.9430103018085566,0.5254101864557255,0.8868016088475361,0.8283658009160748,0.5428079339145355,0.9074740150148438,0.7124216826723077,0.8607022540225072,0.652053193063304,0.8962474541299993,0.5157364750973814,0.9190673534077958,0.6427577981719579,0.9527285508967156,0.5645497663779794,0.567318705182957,0.6036813006824001,0.8700269881382886,0.48714537273317554,0.8677098815190816,0.7102406616875111,0.8775738640520958,0.5318808448671758,0.749684797860509,0.884975021219255,0.7997712425480256,0.8248719647390715,0.6923591095464251,0.8195691172373599,0.6927390051725846,0.7587729311582443,0.8972069437145417,0.5530726647382332,0.8249815912180657,0.8470742170818331,0.38981017145832075,0.8363830802515578,0.8754699991446947,0.8638071156048869,2
27,backbone.res4.2.conv1,0.6134038338215041,0.6666352593812689,0.8165316414185054,0.7117055104348747,0.8089426729648901,0.5936747160717664,0.8863243089536275,0.1068766862298868,0.8874312685074287,0.7357838606282254,0.8191441198673372,0.9090988676986977,0.8395743339503576,0.8571550087072506,0.9550123572373767,0.9254079546887166,0.6579168776208294,0.5418257405309733,0.6533814039333499,0.6598323812954533,0.6829413070276174,0.6300639329930008,0.5439046396605368,0.8643214927755936,0.7006820877496134,0.8540744933121991,0.8806939026368853,0.6041913321743825,0.6919411710357513,0.7624031454520845,0.8811862927774519,0.8194500549092129,0.6594740682325367,0.6399081410025064,0.6589483605548095,0.5626153954179567,0.8695546729967858,0.8449242677676737,0.9346473503489064,0.7611927217500278,0.8106303680670096,0.5694776063417262,0.7502566695180825,0.8154823593397434,0.5498702810558072,0.7040745301564203,0.516683269125175,0.8786136542709598,0.7364238137364054,0.6001640718990499,0.9536456575798143,0.9510246355682207,0.651121928079499,0.7019723317342272,0.7018849992595504,0.6170341818212498,0.5932906204813202,0.7327415911131967,0.6889358842400397,0.5265331205793311,0.8027371058473274,0.9028158911713879,0.7764117440431219,0.8757997671577319,0.5390424036291509,0.9129690918156191,0.7771910267680051,0.7556652664105361,0.9386040624014211,0.5430088891989385,0.6033621438796394,0.6431891502050041,0.9382093784073604,0.5233061415933791,0.9170085107024449,0.5882824466515515,0.9160808654946148,0.49179490862669717,0.502179512199981,0.5445158980865525,0.6432317484662744,0.9535860398257698,0.906226732759928,0.6256277394067463,0.8008101586062082,0.6814552126523905,0.8508953551092784,0.8481541498144408,0.8766096113193336,0.7230793389385745,0.7403003452024723,0.6270371989924823,0.630747628311352,0.7941597342400792,0.8981689987103731,0.5644732457481115,0.8767009091005687,0.9042489987649424,0.5921830228780257,0.73792709547049,0.953285834059383,0.8706327141754052,2
28,backbone.res4.2.conv2,0.5597660575899115,0.9274777486671038,0.723708608020251,0.6326763119600108,0.7999860168950313,0.8390430161165676,0.9184112931929174,0.08225532996534535,0.8943425256807587,0.8527852292815936,0.602080519176743,0.9224069202237571,0.919506497873996,0.886088283055559,0.8449142389960731,0.9379963403790601,0.9293682632359721,0.5490561347515197,0.4961887809650082,0.5580746936446025,0.5714866384558098,0.9012393074995121,0.7226764082663264,0.8290318880949626,0.8235920909388935,0.8746214913236504,0.7541648411700037,0.518983516146371,0.8733065410539862,0.5144308885238487,0.8454907575859504,0.6626312960068699,0.6191366107750439,0.6734483237296518,0.8595172734412168,0.7057059383856439,0.8918241362412149,0.8037485020591333,0.9161476801598855,0.6785445479131602,0.8133116626132966,0.7518437995533934,0.6632249864077587,0.950210376899831,0.5904100429282455,0.534938506327096,0.46811298084228836,0.8603589100670045,0.6967605213903302,0.8209898762751228,0.9430625271800955,0.9673151340854028,0.8930092299778233,0.7371475392530583,0.7453159216706992,0.5865369278503715,0.7405522607224091,0.7499052486397455,0.5973541377649815,0.5800797214989947,0.8443582886163817,0.943259297779003,0.6633109739711627,0.9316887312368217,0.45574126428076484,0.5922834838713119,0.7823631803549239,0.6153846338567296,0.9039497125780069,0.8482413265606449,0.8441805633225827,0.6509512890784335,0.575109458833337,0.6878397629190175,0.9619542844115124,0.5610609162240843,0.9240427213868154,0.4164277063008653,0.518307571522251,0.5349361195879174,0.8178370377969231,0.919744005176804,0.772130652764346,0.5610925781053147,0.860164555851119,0.695147125193546,0.7037622558091016,0.8796099038488324,0.6145301820871478,0.654984778588326,0.7543018284018417,0.6602092618686329,0.708370820839059,0.8666738348676042,0.7538207856713319,0.6432465986998658,0.8866316421072632,0.5617295231415853,0.7735421214704202,0.6613843093722016,0.8782841729942017,0.8867862942678609,2
29,backbone.res4.2.conv3,0.595440648312273,0.7833546327837124,0.4934805058375806,0.6362247259516584,0.8186859079533862,0.811005419461343,0.5786404293146906,0.09652138662607489,0.9329255926211308,0.7515724301235406,0.4945874543411847,0.9137865343077177,0.9427978164427596,0.9381785679159745,0.8931206556515046,0.8305888882839118,0.9561119661371694,0.5794352924190889,0.5578714874261573,0.6275936015459128,0.5318934532717484,0.8862785199984298,0.5374284603810706,0.9060036671984218,0.9082332491090259,0.8992636831114211,0.8307347505110839,0.5783357936205424,0.8060770224222666,0.6547670891710721,0.8476445126137285,0.47986545179374823,0.528055377829861,0.4011501720082075,0.7862402656459337,0.6922072709840957,0.8615164012850769,0.9124670922671627,0.8378612954557362,0.6088982398034732,0.9543953598025721,0.652221298124796,0.5786968194339549,0.9266521296394822,0.8079125466786506,0.4702647863703682,0.6880305311788062,0.5519145123984404,0.5251631314657234,0.7058542710624451,0.9534701090805462,0.9642165736154328,0.9415699643524873,0.7491837772068889,0.7200093431176579,0.4789453987326305,0.719212677896053,0.5792195059177282,0.49517521055447,0.601326694875718,0.97763714342436,0.9425657309439235,0.45892622363809665,0.9617010047316875,0.4419160166513768,0.5878481635631931,0.8068257414070636,0.503601584828651,0.9188918255631606,0.8103712564551284,0.8645922322475186,0.6015384976052925,0.8882110512581062,0.6673355828075767,0.9345624991200197,0.6311389747282921,0.9716564439777989,0.7015246188198965,0.5433640105713666,0.6741593472145808,0.7289867001321996,0.9315231836688641,0.7066814038908208,0.6076117917660272,0.8952095884067769,0.6690750992305609,0.711243826484433,0.8724015813917341,0.6645089172964375,0.7559626926557366,0.5429802354912678,0.6075389475682212,0.6591426087057645,0.5316005918081539,0.7418113857048395,0.5260429967772214,0.8256105498183639,0.7826457511286112,0.7219924747526933,0.712356827727614,0.84058279354076,0.9255301162688503,2
30,backbone.res4.3.conv1,0.6258656991567666,0.8271787702310606,0.6651943187923168,0.6192073630168706,0.8703388917195959,0.751461256318354,0.553560463003119,0.09076800663702485,0.9538650070656939,0.8824003122342114,0.6546499063807923,0.8245974525534154,0.9277805768776954,0.7974953928620617,0.7407852379680738,0.9527094831333676,0.9491919214856432,0.6166184453809602,0.5975738437293391,0.49697889678256824,0.5015974279884906,0.7658455360906394,0.7687480478924669,0.7593612954784104,0.93983024532095,0.9122663055531813,0.8775559739235629,0.46518303168162073,0.7656463748945862,0.7106857920195276,0.7307647011156959,0.8107254755949781,0.6209093874123226,0.7900356304055897,0.8299475568789779,0.7183283959258098,0.8372151836501844,0.8308186884137121,0.8334655168272244,0.6026363481037529,0.9563777088690316,0.5477068897618026,0.5357123677455888,0.8986869308518235,0.6838085731351925,0.5769386450290419,0.47112062338757266,0.90507687940886,0.5383507245888416,0.6331058079275919,0.942431475172095,0.9133901091565574,0.853166351486827,0.6060921173683524,0.6036759946882312,0.6476834269900282,0.9140260740508253,0.6767090413393443,0.5889715340059677,0.5209097175175691,0.9048026190394883,0.8561232321788748,0.7510137013140048,0.7856093179667849,0.4100804599745756,0.7756697083328119,0.8050104691689198,0.7438656277467534,0.8930401761811313,0.6385445894551222,0.8865418751580887,0.3274600973454006,0.9188390636446533,0.7354411466203232,0.7434506204424773,0.5875776402088174,0.7538076826480766,0.36991079136511823,0.5793517977974696,0.44578005962437833,0.7976099184684836,0.800231720929507,0.8453886352590261,0.7191340115804756,0.818115132855976,0.6132322249139766,0.79751827635632,0.9207103870802085,0.891723946840914,0.6962386548519874,0.6425586676266797,0.6110875864182913,0.8391246971073294,0.6900372034863691,0.7708195724347338,0.5447986432283767,0.8108762848306145,0.8423786428749468,0.7170294290479561,0.6691090423309093,0.9098361797205493,0.7700349991111581,2
31,backbone.res4.3.conv2,0.71873945975918,0.9344218583813534,0.6122101715039108,0.7011219349136715,0.8632650622357115,0.8388370850866632,0.7524669959181792,0.04962671388274914,0.9729072366582492,0.8474455700411878,0.49754906959167794,0.9216526922718496,0.9457256445149543,0.8713718176523516,0.8202735772762635,0.9652053145672411,0.9367273319235723,0.53853236388965,0.5328886653385826,0.5183832288335346,0.5912372694603434,0.8107784221863904,0.765255135801985,0.8843163009193076,0.8981500239842671,0.9027700002284171,0.8734606149175127,0.7293657395815671,0.9108067492418757,0.5114034047831993,0.8922007795322912,0.5850418917959325,0.5756577045501374,0.7263013154838126,0.8623970514205607,0.7238802304675721,0.844934494458258,0.6331413984153077,0.9023302051683189,0.6755855888630763,0.7866498298874187,0.5367295962527708,0.61427783279005,0.8767602796592678,0.8549264972544367,0.5014170498962436,0.13182452359354388,0.8709270028140935,0.6776309174902312,0.8167018290144512,0.881557804051032,0.7862781112920556,0.8689836802679449,0.6919483908033498,0.7045755292211275,0.48315605429469355,0.9005020431852845,0.515822479862449,0.5509579802062721,0.6089123378565506,0.9081521841350679,0.8552709713544987,0.644647702017223,0.954085844524574,0.5246947650893277,0.7834000296125312,0.8403571673943728,0.6955579415540102,0.9265543931076994,0.7304715256187145,0.7134651978096609,0.5407846700308477,0.9808557356700508,0.6615229018809116,0.8671115974840846,0.5708734204486042,0.7924871423898454,0.49305086805824955,0.5687382813778138,0.7330263865702661,0.734049201149779,0.7321265288937285,0.8779361003889673,0.629376248783505,0.7048268344482603,0.6138002539874498,0.5893447524191782,0.8950626976208932,0.6978855168560638,0.6416931576054575,0.7769506198807989,0.9249765116517471,0.7642518464880239,0.7168300694959389,0.9182711537889576,0.5713645038740576,0.7387632938065544,0.5959797344883152,0.7688035268909906,0.7095263435797913,0.8216036081893054,0.7231563206431211,2
32,backbone.res4.3.conv3,0.540679292255726,0.9039101347274378,0.6888832411369481,0.5967628537847198,0.7992659891312183,0.8273564416187943,0.791844261354271,0.03670871487596773,0.95102382100213,0.6062873581285484,0.4947639416753018,0.917715651448305,0.8398568821469943,0.8753494341832537,0.7510054358965157,0.8136909985976681,0.6306436425772549,0.5126531898578586,0.44040469141776917,0.5807747105205592,0.6159276415594414,0.7437363510944962,0.660021003205882,0.9458535965425743,0.6823024014924239,0.749190687740681,0.8079524783346393,0.7548110779229608,0.8481641749118427,0.6661851870682117,0.8347797293184354,0.7083047237782374,0.47586809954441556,0.4104546796176342,0.5258126720277664,0.7027354947600682,0.8027920665857593,0.7799097906593383,0.8928136041006444,0.5773893706298967,0.7295368168173152,0.4417588772424142,0.6306719885543546,0.9340275724607031,0.7782716711762426,0.40907384927672097,0.5231014304092064,0.7848696972162975,0.4947076381258696,0.6890386476808189,0.9282703196860825,0.9409610133727271,0.8809697922994277,0.748226535416226,0.7310647214487092,0.4628919429592797,0.8992895024912183,0.5469277810902644,0.4569250906803266,0.6397432489452062,0.9256301946225064,0.9394629781643548,0.6525862690878029,0.9528950012720624,0.44697590842630003,0.9009397236383747,0.7764987243870817,0.4504332165755319,0.8937197635236734,0.7772367123685446,0.8098024743142765,0.7018900717702193,0.5417830653584461,0.4735730265294235,0.9509446335164474,0.57995065643981,0.945355116198671,0.577408920930467,0.5508467548714953,0.7173591231878512,0.7042475320245908,0.5888462081999959,0.8636625799951358,0.5683571629238604,0.8544402815476246,0.47302157566177194,0.5006342310702716,0.8633838533046395,0.8124466154087232,0.7002816205433464,0.6526519324114837,0.9403496804298538,0.677439067615821,0.8022535973607603,0.8483155143605139,0.7663597580131626,0.8319220109235779,0.7764724820550717,0.7601940347453033,0.5697725030940126,0.7050765548555346,0.9570304229929352,2
33,backbone.res4.4.conv1,0.585322784788949,0.8737996749809999,0.5655405492669814,0.5470872811327413,0.8128767438440292,0.8235852589360437,0.7921686776543603,0.04450599852480467,0.9744125885152856,0.8550902888401061,0.6474103450147481,0.9454374211929438,0.8568036963387712,0.8908728548172133,0.7595210875323466,0.8119757750808876,0.9201026014631558,0.589724788889847,0.4547990895163714,0.5720151112063945,0.611525279694345,0.8072501350881792,0.6675078088493295,0.8317978848403004,0.8414852794554463,0.7854995325497999,0.8126844689706134,0.7073871809153528,0.8398419941242802,0.44960392548435246,0.8179463806239999,0.7554797316052206,0.5158589502655007,0.3714116410625429,0.8343333210064242,0.7637995824332927,0.802006762455829,0.8821021570407852,0.8927529241981513,0.6767522080032453,0.8365619141877867,0.6548084683225444,0.5656591488833416,0.9415143076849335,0.6901366250848294,0.3888847394258022,0.5269035464341504,0.8081970893499028,0.4861215496920986,0.7031133399300895,0.9172428431651559,0.8039842804093262,0.8935742961969683,0.7131250432095954,0.7460040353434201,0.47131388892666853,0.9005802855633285,0.842613653904128,0.5071502841667344,0.6239593870025286,0.9265527067515229,0.9485336937017564,0.6470096547232025,0.9523563560103846,0.4643771411007755,0.6925396919983798,0.8471185875309085,0.42100831316078036,0.9020207211230998,0.9696827510626387,0.8222102824821472,0.6665195624098535,0.9504384908509541,0.6868072020567962,0.9268953701836379,0.5829322249179217,0.9606996592011776,0.371026688504815,0.506539630434776,0.8122337334835659,0.7678480826182298,0.8662730079872901,0.7891433133672452,0.666017229603614,0.8658930185079072,0.5913694931185007,0.7015944901459195,0.8882001839803847,0.765192689553569,0.7095760831465497,0.5183418314796239,0.9299956466133683,0.680561539900797,0.8240517239382479,0.8606748549300379,0.5105226199772303,0.5849470416894441,0.5938381320732751,0.7129212526120156,0.7707828722458021,0.848972374008013,0.9436620947815406,2
34,backbone.res4.4.conv2,0.6522166366584522,0.8014783789045239,0.6944686742018307,0.6162741106279112,0.8150301144309707,0.8389613272749946,0.7643707068804982,0.01904751793331027,0.9481354881552067,0.8785324134207939,0.49310697423388067,0.8935909804369303,0.8117053753699519,0.7960105731520968,0.8219103801508252,0.7568686434301887,0.9181401247888167,0.531697605799444,0.5234815211114972,0.5023271652248762,0.6768121991347056,0.8434726349885657,0.5942268684590479,0.9222700064532395,0.9129537351666813,0.8486442334877718,0.8549134611692967,0.6445599133745393,0.7725877934145248,0.8154241781347201,0.8508726335528339,0.7080264461037153,0.5287352482603808,0.709911598071883,0.8123522425228424,0.7087489462244803,0.7921028897523533,0.9052548996626558,0.859336747375411,0.5674921524080091,0.8727942353793261,0.42871189387732095,0.619098833932163,0.9208438978686865,0.8144366683462906,0.5121733805054115,0.4765044033063049,0.8044244658479146,0.5953403508287166,0.8061071405422119,0.7985285766768101,0.7231223488641645,0.8393486897506286,0.7366474458518938,0.7613631581714808,0.43570610871232923,0.8632704946058424,0.6855519622470527,0.47682922067132905,0.6636892095220578,0.9468204655473014,0.9086694111762167,0.7127057931478087,0.939205621387059,0.5125036750654729,0.7396151839572254,0.770739126642069,0.44296216261700094,0.8620291383987554,0.7606995585383151,0.6789236121034233,0.6312700235873177,0.9376643195064129,0.7363891807404096,0.9491646704790644,0.5753946581963477,0.8976511719385978,0.423458832499336,0.5392475264153032,0.6049618211428927,0.7633556529919707,0.8695710051928744,0.7834934660555591,0.6463564469929233,0.8244743648760832,0.44637558122631804,0.6807125634934392,0.842136548061356,0.8470642615605647,0.7637357672713431,0.8395974831579328,0.9225003535569237,0.7376783851356061,0.7431349634299418,0.8568466068010617,0.5206466705223751,0.5917148370962646,0.6261796199867565,0.5036621496021605,0.47397563296266276,0.8170279769543216,0.9160371499094041,2
35,backbone.res4.4.conv3,0.5433570231950573,0.8234636609228835,0.672808599994133,0.6114190922267247,0.8103012862344907,0.8590319217106227,0.780941969758407,0.016046123258529856,0.950711494565207,0.825031606619985,0.5054988044269159,0.8785749359247724,0.9032320277006215,0.5264308174984739,0.8322101038683282,0.7863409313159904,0.9189888622970995,0.498034951777128,0.5048098779388482,0.530132810788549,0.6074919503898457,0.8876822040290175,0.6394137279714893,0.7690684319580494,0.9278706920046861,0.8451029389001677,0.834007124712584,0.777656504089244,0.7945241228891712,0.7929694023120375,0.8444136838235614,0.5375245131586848,0.4686579928010211,0.6659405898914273,0.8070839705780635,0.7156964115053218,0.7961615576361791,0.8501038406997383,0.705185837136233,0.561564017871119,0.9030930564387807,0.48826230711848606,0.6263430871674209,0.7760960249468166,0.8222716281218874,0.4715794887347308,0.5004819774458964,0.7859494593451875,0.5735364725377964,0.7263755083934401,0.8171596017571444,0.7220121886280052,0.821111294822923,0.7172018647931394,0.6979469354527237,0.46915788821156645,0.8647743653673158,0.6701025803716807,0.4502598548645972,0.6730288429078155,0.9384021120112687,0.906726509148689,0.7168072491690254,0.90219303924075,0.508540389674153,0.9006793012791343,0.7600465587388506,0.6352163305568047,0.863466852875573,0.760009629699293,0.8121838721862074,0.680528549831991,0.9409497148446322,0.6943865096484493,0.9409856998407279,0.5415868967862818,0.8778586425811831,0.3457666069403021,0.5459001158808051,0.7229515209807097,0.8675243304831581,0.87619356979806,0.809876534341371,0.5908724454382078,0.8290617616070566,0.3493014598635895,0.543509648117572,0.8306417216287015,0.9153752228237014,0.7603394902219439,0.49888834865763415,0.9342958316015502,0.7057884146086612,0.6933229242182033,0.848221900643416,0.5900782683401413,0.706546079825444,0.6299142895817746,0.4493568584854099,0.484443285536922,0.8276540238036199,0.9170070688624526,2
36,backbone.res4.5.conv1,0.6019998438523878,0.7019766017383783,0.6660003709634338,0.6883970015363609,0.8467795638823353,0.862805671563372,0.7820618474559996,0.021429616834047833,0.9468829914881325,0.8018628934221588,0.6667856542998198,0.7295962788315487,0.8310998557218128,0.7907831139462854,0.8609582806199015,0.767007543607431,0.9230417407106702,0.5417294935835796,0.5232468019521513,0.5410922147098214,0.5894709769580864,0.8712846690774362,0.6375837210187818,0.9313145152141077,0.9333601907820448,0.8567600484538022,0.8527028187619223,0.79930663504674,0.7862454465014491,0.6073753943136342,0.8586830392615534,0.6789616660924203,0.49841194551238927,0.4738105099926173,0.5887864604240194,0.7208646754700554,0.8013483647243863,0.8485191626484004,0.875381371049762,0.5490833592136121,0.9047322235966383,0.6234924134767527,0.6308989486333211,0.7756035812920526,0.8307508702584186,0.6881659160767274,0.5157703249850697,0.7955630606783081,0.6054471058445036,0.7172345282153714,0.8164514175985356,0.8350480527123898,0.8334698390485458,0.7601222039601594,0.7673609915104661,0.5161937773191003,0.8753300584029895,0.6677958471835721,0.5083871027463394,0.6744654372940244,0.9489453012646464,0.9240067865082098,0.7038434292049062,0.9081417104324128,0.5448971416806551,0.9043033525386904,0.7841931090610375,0.6397220785477842,0.8702840284278299,0.8992740954496807,0.8155205950986172,0.6935609373127676,0.9486692419365872,0.7204662404769405,0.9476469899232057,0.5514756383494196,0.9163112998546554,0.5197694080414926,0.4889106691485969,0.7477569350110425,0.7136406103717914,0.8811422163801591,0.7279740860208458,0.6393032516431988,0.8412679573849299,0.38572786175400564,0.5809494114255388,0.8749942742054043,0.8698948767144002,0.7611746066374316,0.7001628932158112,0.8928936788823812,0.7745646750546058,0.7936775390857918,0.8591302079117659,0.5418004128987381,0.7066135667602799,0.6478176032778515,0.7730922533506555,0.5370022643447282,0.8464641726850438,0.9253874919148025,2
37,backbone.res4.5.conv2,0.4679549455924791,0.868698102882553,0.6406786062246212,0.4537886143464641,0.6857779065578011,0.8258761401845756,0.4169407590419919,0.012545607190839933,0.9501577235325551,0.5069893012615776,0.6202386636860564,0.8594225601419282,0.8809346371201917,0.6522897400103118,0.8774931046576474,0.914901300767662,0.8790874070805179,0.3405628891252189,0.4637068481264452,0.44545532838566604,0.4906121002748485,0.816493007032509,0.24790543779013835,0.877327602606602,0.9237813684573442,0.7801245057937317,0.7539743866974273,0.8149601812195573,0.46861633974672223,0.6895074640778466,0.7306243830006843,0.6717568725300345,0.552171230226607,0.5814385782846418,0.7716714042259414,0.5833083456027306,0.7256710258077865,0.9003106945173011,0.6306219873227986,0.5581485029959394,0.8549959479416539,0.5889139317574825,0.5306605011489569,0.8304170625492892,0.8389240457812485,0.3688631699517432,0.41761952847708744,0.7524761518571558,0.5731091882600875,0.23339551561947194,0.8777141812851899,0.7692487006919858,0.8270133470128838,0.716016944674654,0.5797298040843062,0.461720983868167,0.8838664504328212,0.6918349336178848,0.44189480257974817,0.7007513464834036,0.8995922386306143,0.8196987950569862,0.7890567392491833,0.8881784913068824,0.39543476525946636,0.7363082828481443,0.6067736578041373,0.6191003924080242,0.7127501177468374,0.7140681002402871,0.7464399009978688,0.5938472636645198,0.9154598482960189,0.6082083824232702,0.9710020709040167,0.5338108771377574,0.8804872358767268,0.3264369747833343,0.4311933813258553,0.6686334309717368,0.39473254089018495,0.7844644008230278,0.7448366942709124,0.5818042862693835,0.8053907003704329,0.42896669583358066,0.6552713268684945,0.7960084823374552,0.8630129583659354,0.7680703682108345,0.6518551702195995,0.9205994444747496,0.6779444065825708,0.7659567522303862,0.7611625310814424,0.57133170409563,0.6509819615437813,0.6169048374641848,0.4702413400505142,0.7760148693197492,0.7502429386647433,0.4011659673060075,2
38,backbone.res4.5.conv3,0.5299794373637571,0.8818258350838756,0.667872139864995,0.5925746598285386,0.763551022897755,0.8319757966654021,0.4709727850974666,0.010024724259926319,0.9539132362648047,0.49897278996205874,0.6422103024899651,0.8606218613318808,0.8723150286027728,0.771097875482396,0.8668757772841232,0.9195090282334845,0.8824649954666208,0.42238877769550875,0.5544991105278206,0.47392563447581054,0.5552575440226041,0.8278420352338465,0.3839732721553275,0.8685590019887431,0.9269378464050041,0.8264235843283261,0.7914961414286983,0.7680119537856863,0.6891363401513996,0.7779430495772693,0.8241544323960579,0.730953496384041,0.4739306153344884,0.6458513320673229,0.8088183995070973,0.5169433368590668,0.723767802025955,0.8984011331646404,0.8700777516807799,0.5042902257985867,0.8281924387895478,0.6518529480464754,0.5199803390985763,0.8154349643054086,0.8337172055606576,0.46623616912530724,0.42571780581281765,0.7996993238183715,0.633073907456874,0.6653123144352769,0.8679404182064899,0.758654058267852,0.8022816047262542,0.7112919507101345,0.5744559679759119,0.5384111563647284,0.8742088724109245,0.6698606066117385,0.46259912351258553,0.7235304707626034,0.9061441084629378,0.8195967221131428,0.7801526208933157,0.9388074610027316,0.5101757357161335,0.7630348633394431,0.6981670457344233,0.6717897376450039,0.8228089678780995,0.8792741685261728,0.7868428402218992,0.6169013196156672,0.9195468268077827,0.6972266671152284,0.9630359246254917,0.5794534653995169,0.8590726370171267,0.3287532777723666,0.5081164299966171,0.6663573885520777,0.8507542425058435,0.7866051280689603,0.7778625519806066,0.5872815401842655,0.8094992006090944,0.39772592778545296,0.6938412068474591,0.8398761049188439,0.8727658451470892,0.7672241398410693,0.791127702351145,0.9014986164492157,0.7128011861025171,0.8039913435886106,0.8293360736570188,0.6567633610918171,0.6791268278771416,0.5244998784541958,0.451715784462326,0.7762505614538453,0.818624111020398,0.9289315837643638,2
