,Layer,962,2170,1227,1430,760,1176,2252,683,808,1553,2262,1273,1084,480,865,1863,2219,1099,1538,2312,2164,1554,1293,362,2393,805,1337,129,928,2457,99,1578,1304,1121,912,85,2229,1211,2270,703,232,380,1662,919,1128,1166,631,1228,1287,1926,883,411,59,286,470,1142,2279,1624,932,421,1451,2392,2223,1053,389,2327,775,282,2141,927,148,608,2275,391,324,1048,757,152,47,558,218,422,34,Cluster
0,backbone.res2.0.conv1,0.615237140628205,0.7480661043302217,0.6252804544770455,0.5188290183438908,0.4861109361530337,0.7508545713386245,0.25336295213064985,0.6322901269555432,0.7203173073880281,0.6358734174481452,0.7533237581002029,0.5178003417949802,0.5987154451829416,0.8129666533098534,0.7307829920817401,0.6416853359265331,0.6171795492935699,0.4490084776798864,0.6927699419626292,0.8157377633932872,0.6477050255226976,0.6579658300158346,0.589396729589985,0.8133645527710414,0.3129492553576318,0.6746786152906975,0.7101225164728954,0.8435386852297139,0.38153403031487243,0.611597191592858,0.32448991341060723,0.8304272510563243,0.7777132067792918,0.6133386489894873,0.80171233219563,0.6465513264197148,0.48206399281665774,0.5641530708288683,0.7508085256065486,0.5432536646263284,0.5152929247657422,0.4412671348961032,0.7485508245441719,0.33571912549901745,0.4848738620885614,0.6825922759866,0.8787997420197837,0.627415501246273,0.1871039245170311,0.2820856848565604,0.3637749991649694,0.7223101884696064,0.6412822579944552,0.6848965579127225,0.6523877884866284,0.7065017306568692,0.7047322076126464,0.6766228142261937,0.6661535415777449,0.6441029555311032,0.7070473440190986,0.4151911099154734,0.4794453387582649,0.409537991484622,0.4073528072863513,0.42086639034518164,0.5622222342218492,0.6314912120659886,0.7385742664399944,0.7912297277087286,0.6745745143214864,0.7565743655481015,0.45798493551480685,0.7480650408118686,0.6200098735198701,0.805333843681401,0.8068190295281555,0.4178636955310386,0.747238077133951,0.7730440867902865,0.7135970484928812,0.745720071387117,0.5786379333287726,1
1,backbone.res2.0.conv2,0.6139635001449222,0.7603563185251597,0.6217206623599488,0.45847039188196664,0.3006548246466974,0.7893336164531796,0.26529067610533885,0.6542627517650552,0.6892761780975682,0.6584584795135675,0.707359289033383,0.5326395290095528,0.598991222729297,0.7873613060042819,0.7169149420323465,0.6639515798144116,0.5805074342421114,0.5245827350320282,0.7422052211510127,0.822434292993749,0.6144317002296362,0.6714821727958115,0.6558909092284583,0.77240762117225,0.3495082464815871,0.6664736552415946,0.7555366599760327,0.8592182312836179,0.43428796174405765,0.7094806618065972,0.3353705906742148,0.7291639208318791,0.7175851502731158,0.54668970385076,0.8065595765449494,0.6999986859753377,0.4766025679557507,0.5111044359993824,0.7660894062788662,0.5311778595316806,0.5045782185127885,0.3853841505037681,0.7570291917441629,0.3379194019470255,0.6241109156850617,0.6802533749624659,0.861972207115631,0.6307053079847841,0.20853101240956518,0.3291110649023164,0.38353509468402175,0.7433363942405022,0.7113654271348351,0.6749277587760946,0.6299946452150966,0.6754352566294599,0.7481749262760975,0.681594021084257,0.668370680456455,0.7482095723538061,0.71440175680726,0.42655811084635836,0.5228797098061249,0.3761093297492267,0.4106540771609846,0.4186661930873682,0.6171296628189932,0.588340739108245,0.7790951654424026,0.7878793459323498,0.7086965814427082,0.78001422098393,0.4741131130523269,0.7751003912239994,0.6107345927709583,0.7742882342685103,0.8361413709179247,0.5011034674843546,0.7834173280945708,0.6860729563607375,0.6215788818180575,0.7363538429272312,0.5207145203200009,1
2,backbone.res2.0.conv3,0.5273582276836726,0.8141129909289122,0.591255101556758,0.5249396592143477,0.3827356420940152,0.7091063535707054,0.2719799564781234,0.6875738074752744,0.641530101282696,0.5980805903959642,0.75632087384367,0.5071724922358195,0.5433460543949378,0.8205131321535426,0.7334976412725973,0.6520338606410949,0.6654406059926175,0.5110867682258438,0.6435784884151419,0.8304168385032761,0.6325533484552044,0.6639968554892969,0.658896778554038,0.8302266701044838,0.361382139566334,0.7240572912890133,0.6989785434993839,0.7764883121024001,0.41181047507239693,0.7799285075823548,0.31787877572322437,0.6478388953311983,0.6127188451539668,0.5873198604412857,0.7132697152399643,0.6271471030271264,0.4765065169267819,0.5573430230914306,0.723781019188635,0.5386735265413731,0.5074774479028527,0.3940779291362042,0.7102614432291646,0.3896740624981446,0.6616259932644518,0.7620229310975194,0.8681050922552698,0.589097861052743,0.2021111219428725,0.3681393368426118,0.3597196995076831,0.7225916015456346,0.6607307911152855,0.6783506673015975,0.5850648411991723,0.6585028965061769,0.7516241114940846,0.6356138346869609,0.7110563325755025,0.7548142723588048,0.6937232461712328,0.4248411628372534,0.4947148801039897,0.4984982924277023,0.4046608052419832,0.46778362861834877,0.5316541433152384,0.6752492298756025,0.7436576762706323,0.7177000035969155,0.714286365623001,0.6702416336456507,0.5106299402770504,0.6679927074570912,0.6581485505468669,0.7808937981502694,0.837809263441868,0.514330140131913,0.7137735387511261,0.6670977809156932,0.6685970289560679,0.7612738885334849,0.5462259686843688,1
3,backbone.res2.1.conv1,0.5839286709675415,0.7972640851152337,0.6474583213888769,0.48856593716887936,0.32926167762577735,0.7296567728540478,0.27768022101123013,0.6337817839843317,0.7284280373744926,0.6651320144444677,0.7582947931505335,0.538211366016668,0.578127344463834,0.8785566472891879,0.6631937054546971,0.7120339162365168,0.6456600699943272,0.48377938020716105,0.7106206206882176,0.8207493530116298,0.6389499387187639,0.6618274006559743,0.5486637842871218,0.7938424226301922,0.36310555985279536,0.7215247623587788,0.761808608318447,0.7977142588013845,0.40953329588437437,0.7795057504737788,0.32073111650259617,0.8448357058814384,0.7397417105637799,0.5414854995793055,0.7806400499269219,0.69171304837791,0.4728898397438021,0.5422486199253574,0.7567962193273456,0.5480606096134334,0.5190956168193864,0.3930770019060579,0.8154126763340623,0.3437780716696526,0.6218631397858356,0.6749897781324098,0.8706429054326178,0.5730560392487414,0.18040518947764855,0.33271447947359917,0.34289783014179476,0.7447503121224527,0.6330038088142298,0.6477897090820978,0.5572229406625631,0.7034149386611258,0.7533736874400876,0.6292576338950865,0.6427680625688144,0.6966582744884452,0.7258718039628369,0.428725678892125,0.5678426128372245,0.5009353184802343,0.4044339043179874,0.41869979876908225,0.6019157171462024,0.646409071861516,0.7906408417040108,0.8105989780234271,0.7376610496278704,0.7175248630202652,0.5202580242930772,0.7400452969515103,0.6504843321382601,0.8041522770390255,0.7116488805907454,0.48138007298711805,0.7217639442618519,0.65574798132502,0.6056585201016841,0.6776859180104458,0.5486208299849706,1
4,backbone.res2.1.conv2,0.5929401493814498,0.8464997593503905,0.626598111395169,0.37537678474174757,0.3608449682518905,0.8319933242596822,0.25928560696081576,0.6185772169410383,0.7229961298405234,0.7731646255936542,0.7748125183694681,0.5282916239702063,0.5279420570955559,0.8336729580959241,0.7733144660591874,0.6939491385796179,0.5870837498285345,0.5249989269468718,0.7016578019453588,0.8164218826211069,0.6490386148045888,0.6653020577592144,0.6295178949509377,0.738797061580424,0.3638983289869683,0.7416889485643893,0.6440807101530729,0.7936695499300185,0.3933788580755705,0.7498416164460516,0.31113826988766075,0.7561243996289058,0.7541316147432682,0.582144292772719,0.8086653793989672,0.6756606796780604,0.47169723708543176,0.5958655224845735,0.7122451923235138,0.5423466685068726,0.5315999185449287,0.4194832559392707,0.8187153291934892,0.3398138189938029,0.6780838675530263,0.7494534105705493,0.8765617984844114,0.5706307781707508,0.2019903596886483,0.3580917370839988,0.35529007317233063,0.7406812239279195,0.6504889999752679,0.6117210224933803,0.575761907981521,0.7250571864107769,0.6883613036179262,0.629142770813506,0.6735314752519861,0.6473715162277524,0.7446391824477022,0.4180155249668839,0.49751110847258445,0.427829546646266,0.401008913745825,0.4136211860337439,0.591704197405452,0.5871336193337536,0.7935971624406658,0.8144471356594868,0.7463032821298811,0.6661774123951085,0.5378185634692966,0.7837538536346774,0.663436770980047,0.7614562066425308,0.7422447267748746,0.5426363586976245,0.7119914777841506,0.7591567956096208,0.76279761125823,0.7499367683738024,0.555491261679316,1
5,backbone.res2.1.conv3,0.48739288109571677,0.6919066598521915,0.5538866696628402,0.49465798743245243,0.4555242895823864,0.8237085158500171,0.29321772592670176,0.6633166251815368,0.5139285651883679,0.721246930495608,0.7790344818709073,0.5265273532284138,0.5705107657816696,0.7535881765334154,0.6889176976150144,0.6437915837815311,0.6733945569214748,0.5246003630369479,0.6012845114078416,0.7881948465828102,0.6378906745317836,0.6657788833488152,0.5650275021398071,0.7014373614962963,0.3642114504344785,0.7445247860193265,0.6927046481677095,0.8140241055844701,0.4006462491623566,0.7343904966259751,0.3147061511472176,0.5928832027790557,0.7736754260102607,0.6167925089023547,0.7522194761754127,0.5886086436426672,0.4657590628568359,0.6015974554162852,0.7069081803878268,0.5301241103334176,0.5176182312417872,0.3832901440288033,0.7907812813145687,0.40261899819788927,0.5728651878505674,0.7732290562986596,0.7164623409561441,0.5797341628481467,0.21514668898624156,0.32190473300306005,0.36145741799284803,0.7019783824016331,0.6565390535860703,0.6498189848264225,0.6615635378730392,0.7149024034143303,0.7359755013742598,0.526776907320883,0.7294853161361994,0.700117767266909,0.638450140199247,0.41749606528060523,0.44588393440234453,0.45255838646264746,0.3819528175923139,0.4071316413553907,0.6080063314365706,0.6191541339876613,0.7222980451565698,0.7598283936390612,0.7000386158792539,0.6236156849534985,0.5123338779822986,0.7488342986899953,0.536866995604221,0.6864957400578213,0.8250616065609665,0.5169249221339814,0.6933363579890165,0.6575163618345296,0.63738225614772,0.7312768066780355,0.5257516309743074,1
6,backbone.res2.2.conv1,0.5862957897290656,0.8185566870922508,0.6109947630200525,0.4720805930744899,0.323600702004726,0.7953172337084581,0.26158552748984204,0.5956139231006794,0.7270648208648749,0.6897560577950772,0.7101185020473074,0.5336911845396188,0.45852426047254674,0.8410776098102348,0.7121149870151519,0.752739016276432,0.6048311584123823,0.45231291209094854,0.6300967308470656,0.8035898250799498,0.648298057476309,0.6612013604936698,0.6487748436731751,0.7228186445320423,0.3637322665837737,0.626239251705301,0.6321562496970892,0.7877599735653796,0.36916946302851494,0.7783600290988304,0.3022416472786286,0.6332944849319985,0.7757480547565305,0.5631557213601965,0.7029664553857311,0.6470295864687499,0.443249505471163,0.6112166392355902,0.724931355935593,0.4447466183515454,0.530046088472355,0.3876774016621582,0.7870674978247686,0.37746806641030445,0.6503274784871642,0.7042038795271005,0.7976455283266078,0.5693089731529534,0.18450834748332387,0.35129314100275494,0.312252490134443,0.7155840435252016,0.7005504684153739,0.6944381940792826,0.5454994304912786,0.7387535780247572,0.7077424042127507,0.579347507340415,0.6887526235630833,0.7272016721801277,0.6845918279736767,0.39882507945557705,0.5390597152908464,0.5134349128582699,0.37972556232737487,0.40562077969203664,0.6265838478606047,0.5593108643533007,0.7245604817144815,0.8246796130699232,0.7517392704682208,0.6801481629897232,0.5518888954137453,0.7640240509983265,0.5989557353326862,0.7079963120549292,0.6757421068723244,0.35349002185209827,0.8014519790886226,0.6813301688952269,0.5986770242997828,0.714981566757865,0.49135034126338034,1
7,backbone.res2.2.conv2,0.5262747945410685,0.8342718820559418,0.5960684442668209,0.35351406906053434,0.44474868288772,0.7914407094948456,0.2469802344499957,0.5606259058535042,0.6777186801907069,0.678121987363684,0.6062285591484419,0.4670794950420082,0.6278298502568689,0.8800129900254424,0.6698005864498895,0.6778851672606663,0.5026265635377725,0.3481602190207805,0.5680285624610782,0.8083510228011987,0.6541625104678992,0.607850294628529,0.6238154842929281,0.7442547599862526,0.33921121186371905,0.5837254809122833,0.7400084985367906,0.6920322142117965,0.34268392757110344,0.7651029652365158,0.2896109546181499,0.7006106507793003,0.460249862064536,0.5093490537877076,0.6678522799378124,0.5919779692546284,0.39236801428973117,0.5892805360189093,0.6413767886091593,0.46661664563958904,0.5280317544686504,0.33254655315714304,0.7728831210929271,0.32049241201759593,0.6245437806627404,0.7332048862159173,0.8438997530659533,0.4838982328001477,0.1389342668156516,0.2347123610443352,0.3278090369850908,0.6943094620587338,0.685702187713822,0.6043184555598314,0.609335684011548,0.6696333320266581,0.7278987850386589,0.5271814102074214,0.6911924021064842,0.7640928384877708,0.6667523665698863,0.3291967795167869,0.53657996818647,0.37573451085476883,0.3932647793613547,0.4296150072520442,0.42078745441822024,0.513887386565639,0.640936099686057,0.8217494646472564,0.7215098551824587,0.5769259523672544,0.398312114945364,0.6670939546290295,0.468746215277118,0.7291743745665222,0.5817471064120343,0.36120925590236985,0.7382406925584808,0.6396791324938736,0.662228430939445,0.7368627456212555,0.43249821204323247,1
8,backbone.res2.2.conv3,0.4958437074554465,0.6591164712607949,0.614904917604061,0.4805289274735187,0.42266113131265426,0.6401926878338527,0.2605496059506743,0.6606748636484487,0.6877958292773916,0.7724115742731513,0.7186457279907361,0.4599428694455395,0.4397416858543605,0.8134062133607671,0.7122793429161215,0.604262675679842,0.6833866319705523,0.46206579443195434,0.582841396592812,0.7733504831819409,0.5651783524468985,0.6632411481504028,0.6284152949003421,0.6999894624460958,0.35941949407100926,0.6908213907362866,0.7283413090728642,0.7247311269620298,0.3751846798241807,0.7282649270744186,0.28609088710722724,0.5830839121339811,0.5456108428645858,0.597564393622845,0.6699262069668672,0.5685229107912796,0.4898780915732651,0.5454758171217923,0.6532720531367292,0.5387636409131445,0.49234675999887306,0.356059477199458,0.8016530396778849,0.4058289983493063,0.6470430685638267,0.6321483892337849,0.7077871143681431,0.5743715477569444,0.22186187943389876,0.2964454793350297,0.4029570490446019,0.7333532646180148,0.6198135289864347,0.57672082542978,0.488630822622826,0.6982933829818787,0.741003124901995,0.5133126688888517,0.604255110634835,0.6725692781305431,0.619655926226451,0.412428056855762,0.24517444727795215,0.43275977176992125,0.37548925099363917,0.4795740517170159,0.594034309997014,0.7000290468579188,0.660198402127078,0.6927089448913424,0.6880538496292132,0.5971516160148358,0.5273724056224192,0.7036948409033287,0.527634254160476,0.6201431840711145,0.6923194531511436,0.39718769776302143,0.7699724600683191,0.7430356508002628,0.6257279800425808,0.5619001106528557,0.48631215582367265,1
9,backbone.res3.0.conv1,0.5979590934011485,0.7268902760548362,0.5643266319340802,0.4300481064273215,0.48421263259441016,0.7221718792638105,0.2097366890798457,0.6846070969613418,0.7149714757671256,0.76962165431455,0.715332942513783,0.5118230411617463,0.4639509367946237,0.7673100328589832,0.5266214650764701,0.5654039541174167,0.6249283134364904,0.38867831366571554,0.6955405889984065,0.6903008803462619,0.4853295372720645,0.6358159339977261,0.6885498671591147,0.6917415022434958,0.3699034088065021,0.6032581621626045,0.7712492419065569,0.8018793806972798,0.3966316134924505,0.724751117824653,0.26745533885349254,0.7215401757187759,0.6770313851208226,0.5848071812441956,0.6356340023319657,0.6384687050802098,0.44920922853817424,0.4822905826430253,0.680843907923687,0.4835143584741003,0.44358621678406884,0.3738428193200008,0.6346152496322951,0.37495925362557075,0.5042716415554859,0.7724293911910599,0.7085327132170397,0.5845975689093285,0.22128640298114213,0.2488876677773394,0.41115103677304776,0.6485523548292716,0.6832995729286794,0.6523532852249919,0.6606206501220899,0.7708534669147653,0.7358914624347888,0.5853251540788713,0.5559081970276541,0.6886273100273423,0.5026268481321506,0.43573772972499775,0.3476989483880388,0.4739717031707075,0.3886843199579318,0.4489851488596887,0.6042114729387564,0.5688215390730716,0.7000539242844083,0.5581127216629023,0.6850639239168107,0.6781757620326275,0.4457998705178372,0.6089752986143407,0.7110985679592909,0.7775753162942014,0.8008397009950216,0.40884734348109475,0.7781821134118804,0.6699110677293877,0.7278273770614266,0.7330671850693747,0.47127886145447445,1
10,backbone.res3.0.conv2,0.6080114915961083,0.6343004892245515,0.6211244399838948,0.4101902407204551,0.24980548528705998,0.7837292671608457,0.25095216899438494,0.718626898658212,0.5553526784061333,0.6671495017351974,0.7486593567619545,0.4490285526102823,0.40756360015895976,0.7926876134107529,0.5659450889324844,0.6083119691312195,0.5589541273587476,0.5073638628523407,0.7001458717392112,0.7445907481137727,0.5862338761362484,0.5241333244108993,0.4952945374631466,0.740311619601198,0.3662483890011111,0.6117905825110102,0.6078126145145809,0.7667381212218857,0.41368118439057194,0.7039825384642862,0.3101298579097967,0.6911939043314281,0.6585545160770447,0.5683890041944079,0.6508104584054988,0.6178506180691069,0.4701651050834599,0.5364952972569904,0.6660996639428571,0.5228988061569805,0.47189275409417697,0.43222103388366473,0.5717924287807843,0.3640279465785189,0.4881384706259658,0.6439431268519342,0.830459760377842,0.5480869010683224,0.2712115937427963,0.25554885701781443,0.3343186177655944,0.6131195298400383,0.6588438934222758,0.6190894049872524,0.6329665789217768,0.7460175796986163,0.735859337219434,0.5589807273339593,0.5810582113007215,0.6553446393265553,0.4597673504197348,0.42817553139251857,0.49799136312477316,0.28290994860551705,0.39891338054781333,0.40177460568143397,0.6057468039059787,0.5426726316174307,0.7223072995088693,0.6695174400125119,0.6325222113682789,0.702943776282939,0.5138984139786809,0.7907411547337694,0.6683299307137806,0.7609402115889586,0.7033634377660263,0.37265232595606346,0.7785915891012839,0.7247142516779436,0.6193404858236916,0.555910190080924,0.5403258937205955,1
11,backbone.res3.0.conv3,0.5973438512596279,0.7053353418898349,0.6147488772543804,0.4962936190835592,0.2917495298231274,0.8088014636017873,0.285900489692978,0.6250580144281198,0.6996258656532833,0.5905150071766853,0.6419940134456898,0.5347775699078676,0.48114129173992504,0.8932158856699454,0.6597559016884983,0.6569085025435778,0.6531158534635125,0.4502621530896673,0.6427163628514305,0.7483514028757985,0.45808260910115345,0.672122852543825,0.6645356504093558,0.8378147014122489,0.360958565799462,0.6537928472771432,0.7367864927900443,0.776883944889658,0.4187561706453434,0.7769818383494401,0.36014644629194187,0.7729959083610071,0.7410678930461536,0.6292888908468529,0.6951941312722769,0.6566586604332474,0.41054850075360305,0.5639957342890987,0.6711514258584862,0.5314256805737692,0.48405686572954393,0.4562123508579885,0.7019630330282264,0.43750213464456306,0.5657113221912914,0.6217594256621818,0.7473962286466839,0.5807080154886554,0.28414818464164165,0.3630891437088323,0.3911141265345502,0.6603751463069831,0.6353602354543516,0.5858749161584254,0.6323961984845253,0.6237360037793713,0.7646006111202044,0.5324339666630911,0.7333732202451015,0.6574434240068054,0.5140731296354848,0.43221751960037025,0.298312159975264,0.46447480518785517,0.41144184981441856,0.3997452080228101,0.576100586844352,0.5086519000770191,0.667826017586164,0.5796376859935055,0.6865969300041943,0.5699730839520059,0.5370401760079079,0.624347115815691,0.6659715208168273,0.6133530645848735,0.7677153538574573,0.4578261737200717,0.7666010814720299,0.6909240961375919,0.648609169247078,0.6462848049733988,0.5481889563641028,1
12,backbone.res3.1.conv1,0.6271413554323529,0.7242788648482404,0.4986361900667775,0.4509305577517896,0.28007768925449944,0.8150922706885073,0.427334374802768,0.6194909084865416,0.7679717103280966,0.7920598938490175,0.7715908225089573,0.5422394545882185,0.4716467885730827,0.7447689410789806,0.5282867525621484,0.7216768987532195,0.6499779573950741,0.3994622996415938,0.6955724405308527,0.7055968304896032,0.5502012212925717,0.5291051102480784,0.6931854623101047,0.6564944009161825,0.3668375814322051,0.7160377905256805,0.7526376484736057,0.7929624258075603,0.3975702293776025,0.7719092126668416,0.3179838240066986,0.744779771152976,0.723029453504257,0.43550466258689197,0.6362534454157018,0.5730850775526688,0.44153467778287114,0.5725287295016835,0.6816359464811476,0.538346138178963,0.46732605124229326,0.39374415167256993,0.6724422696729736,0.4092754101656685,0.6713518151543933,0.6063366372974116,0.8795337948011527,0.5092183118040455,0.2271771425578401,0.2837598959087955,0.33410868639434554,0.648563028963228,0.5683276252609394,0.6533470019021869,0.6636113456330838,0.7103288004286475,0.684716004511471,0.5274802780697121,0.5674666556853567,0.7210767411814171,0.4769224291171855,0.4091986179624713,0.39441449390397326,0.5086495285835214,0.40945170614653975,0.4409070889331108,0.5879957263933879,0.5715873861679244,0.6925683625183305,0.6792813189539879,0.7080016308158948,0.6098124276086736,0.5342657366312018,0.7860664018936568,0.6009920177592827,0.5915385623879503,0.7382057682254375,0.39796785190194683,0.6308180392617123,0.6403054933648007,0.6338507040563697,0.6090318126522066,0.4947490950713511,1
13,backbone.res3.1.conv2,0.5801883812559596,0.6559055619041564,0.6026802338929009,0.3667263657061892,0.22972288008915676,0.7040686472600416,0.25227756025169684,0.6974361698821261,0.5609402142181542,0.7156233028939101,0.7670698743639895,0.5401951542941115,0.562705700256347,0.7858937599842175,0.6064223678307614,0.5962539500846304,0.5961297626532344,0.4989307289897396,0.5742272003939349,0.6801939105773291,0.4643148625253301,0.588386937266132,0.6506095812337592,0.712179516452954,0.3526903779864107,0.7024399633414943,0.650842298518635,0.7259624367114589,0.41005432637907646,0.6764778291971454,0.25025405215197666,0.6942025365743199,0.7498047466253015,0.39419382212243625,0.6181272673001282,0.5643735238772934,0.4501335923911198,0.5532006867375027,0.642523383636317,0.43194691061802526,0.5107556563887448,0.3970630210894783,0.8418906276243211,0.3949584618269262,0.6491411382977317,0.6099823947954788,0.7640363998331637,0.4583317921300983,0.24025562867367128,0.2819245032327487,0.2598532716152923,0.6722719453410022,0.5870397748007178,0.6480254883706846,0.6192124884562018,0.6805606677806854,0.7196960770244708,0.5761876485530466,0.5501412014020439,0.6867120299827277,0.6136547732209536,0.3570441751297622,0.5299260496353647,0.4653334063404082,0.41716315980396146,0.4444971849135984,0.5633988970624855,0.5027681192221223,0.6971783792719899,0.773768801280806,0.6793909518673172,0.6071125184310051,0.44103260247438225,0.8039300912487519,0.46916447023125424,0.5791987110963973,0.6346054191563859,0.33117605333989064,0.5922839249905968,0.7207520465176469,0.5191574215563257,0.6618145987044073,0.5801989603648735,1
14,backbone.res3.1.conv3,0.5711999798186236,0.7214226409717743,0.535138669702858,0.5359100668775257,0.2549722016809724,0.8004323862678148,0.4716898376322173,0.6815557061558437,0.6051586314904239,0.7836650901838196,0.7279030567324438,0.5456992553048101,0.5637629485131512,0.6522743209008083,0.492722511153922,0.5669791594234332,0.6230845287592571,0.5214397651020188,0.5590692596641486,0.6749879004049751,0.5984857469061187,0.6473621254483282,0.6644010869951815,0.8196397844363673,0.34703819892578514,0.6721342947731885,0.6235580649917316,0.8257340505946327,0.40275112478257935,0.7670607078537154,0.4019461738415823,0.6609952551320195,0.7147480431992663,0.6291062052276771,0.6991861530491525,0.616911967464018,0.4556336639709637,0.4924984807025576,0.6740440686952918,0.5368155378293049,0.3943865784847926,0.4027350054292124,0.7179481328420846,0.39383740699142494,0.6391239256096756,0.6262643783521054,0.8803063084490668,0.5580814775309249,0.33388590319160383,0.31348083766643964,0.361521520215013,0.7259195955641,0.7269928497597948,0.6359755095240147,0.5337059991305954,0.7414930578381714,0.6205682013840517,0.6037700519171989,0.5799289859918583,0.6199058415895825,0.5920008117558091,0.40817494396153436,0.3463329718549299,0.46637517880938384,0.42953196013930967,0.3858752622323731,0.61926359639876,0.6576209462853324,0.702781339884307,0.6269166203069042,0.7198611182777243,0.6037836734891956,0.5337348187014321,0.6635368998602561,0.5951915315142061,0.6136895166516226,0.7261462386801014,0.4140125180264594,0.6320496922722344,0.7560571874534984,0.734671431095703,0.6602800492478061,0.5107875153604141,1
15,backbone.res3.2.conv1,0.49053549119699347,0.7029061529254184,0.5084410592541686,0.40872933586973215,0.2589119303150759,0.7325939932957831,0.2211803853775633,0.5230896692310959,0.6533085246126639,0.7691661424691248,0.7740285384837592,0.5323780310673585,0.5286423799575386,0.6390926304450063,0.6037688359161707,0.6051991774438411,0.6092285121325717,0.5298234813894268,0.6406107418556458,0.7096049604313575,0.6961444763883583,0.5253719061808984,0.6846984441315371,0.6683224489771316,0.3678203911680859,0.6609217231627833,0.56859092876753,0.7367412110015596,0.3591186621636953,0.7612269457401025,0.3398763125115315,0.6395574100148443,0.7909687966615417,0.6204762399215147,0.6595733035084356,0.561362628423802,0.46894614076837954,0.5642500830837415,0.6831187407209347,0.4208871978431109,0.4839092731562078,0.4057324126692904,0.8230693292806895,0.39820633620858986,0.5589341745073996,0.689894176862012,0.576142689429529,0.5182714790021545,0.2453430415608219,0.3671699279006337,0.35553932059487925,0.8078318529026528,0.5694567178203919,0.6225432863631831,0.640287240044734,0.7013234492034539,0.5743063659995022,0.5875216408960902,0.5836180543346967,0.6695713526057574,0.7074830047953208,0.41958903342702925,0.45014803292107197,0.5202304564236818,0.3368734785519275,0.39724256054908375,0.5648407006095775,0.46678623150715376,0.6954240093517013,0.7207023828487419,0.6623020410831125,0.6096528256737561,0.48398024878452583,0.6396767234720476,0.5590925939719142,0.5803799911596269,0.8308298503410562,0.3431599291663824,0.5979435460619206,0.7317665983644576,0.6797786755316355,0.6582568677155198,0.47536132623424704,1
16,backbone.res3.2.conv2,0.4905374189173864,0.725226032832077,0.5748664045863966,0.4463490348960421,0.24369187762091618,0.5664200218724107,0.45181790910158637,0.654771910898069,0.5563409103527598,0.6625565288236323,0.7455777003299129,0.4236808826385615,0.5831641702978531,0.7539468355498193,0.6590697478428356,0.6823926230700612,0.5125944592815128,0.5187422010000304,0.6780345072194066,0.6928832107479099,0.6800348380316753,0.5201160680003325,0.5692183467647921,0.6730461021168436,0.38235542840357584,0.7205119452625195,0.6157093079045537,0.7723699128782745,0.3489128172151767,0.7820297271390086,0.3049996761608827,0.606688510046414,0.6698975994778688,0.570509549377316,0.5956473283819473,0.5873668516946243,0.4847086315082943,0.6013067532054636,0.6509872487831586,0.47032793082464996,0.46998244160657227,0.4478352769676952,0.657353110332179,0.463070372127369,0.5357397238129278,0.5741187457671425,0.6557618604311265,0.5091668047504138,0.30012361790819037,0.3921002965372504,0.32562867231560966,0.7850104063795661,0.6099453485070281,0.652418346942629,0.6364947647383501,0.6982076475882887,0.4772663972886862,0.6400492762791334,0.6038485900586886,0.6737056764040555,0.7662167148287644,0.33014036316514883,0.492042336440959,0.42806944347795123,0.3218759582730836,0.37037900256814765,0.5773020623680579,0.42374664774193527,0.6429251419148582,0.6962954983717872,0.7022111422932398,0.6300843540416168,0.40144878583375815,0.48989852206484996,0.4659870136473483,0.5510255432664569,0.5844917032579178,0.4232859288330415,0.6372344656574723,0.5691113744089059,0.7502223549200217,0.5704125173726935,0.5449612230575395,1
17,backbone.res3.2.conv3,0.5757068455564394,0.7726698657656329,0.5687386119980093,0.3946073582467224,0.3778077062627371,0.6797208201993082,0.3142631559241955,0.663255324441804,0.7409248443708424,0.7749149444503903,0.7820866932219909,0.5081885589900146,0.6357075376267451,0.6528089481196708,0.6245548447096693,0.625408783133396,0.586836824530135,0.5018159611427951,0.6685235415166406,0.6868617188018256,0.5641687887393944,0.48516685228234974,0.6100087018146501,0.5769399425154026,0.3628884869516111,0.7097522208555179,0.5790933176653559,0.640210755943579,0.3764605323618391,0.6640679356282363,0.3681813722933729,0.6923345548433489,0.7827863905431107,0.49181132485887363,0.6192005945210809,0.6278752007088408,0.4237415430765838,0.47965384185426096,0.577165415430043,0.5068661388228649,0.4864279001177853,0.44026641139514666,0.7037479712274415,0.3590883642908425,0.6159544911540148,0.7562470794320622,0.7532518787795777,0.4633765092783268,0.3597379051063101,0.35909548748611253,0.41064420664059437,0.7973415357738843,0.6256295156664575,0.6267845967742284,0.6194384413263893,0.6803942955667277,0.6266257856126272,0.5709337867534355,0.7308246819499005,0.6336016031072447,0.7307363935969566,0.3327175093205821,0.4489790014760531,0.37782466823669036,0.35058956869170704,0.3188511631767872,0.5758791586881139,0.45577862491308213,0.6775679209843036,0.6047522167565657,0.7256659461436182,0.6798904979891602,0.5372595472707594,0.6999287956607431,0.5824492551692838,0.579295035157968,0.6379118170477331,0.5208857765409659,0.6527773935020098,0.7288070411471215,0.5544753086863232,0.5664832499406375,0.6114757485138718,1
18,backbone.res3.3.conv1,0.5125037138560544,0.7662107158567332,0.455035211754769,0.37555816922525564,0.22111737744540094,0.605210609913861,0.26922204684488527,0.7179540774367567,0.50626112192837,0.7735066139682074,0.7944087242854708,0.4848319379396693,0.3790035515060496,0.6963958455320869,0.4154940179503903,0.5153348250842679,0.565717544816801,0.31941162636261183,0.5814255765087408,0.6619161377951479,0.48193702622589574,0.49523308444694286,0.5302075895320512,0.6402600238637774,0.3399409739052907,0.6417171779910666,0.5492434846086197,0.6443230473739445,0.3771229499945181,0.6646090356770676,0.2926481052016245,0.5535253171835745,0.6387810131922942,0.4612703584463731,0.6044025302121014,0.4876669045303677,0.3707167790148215,0.4216761488978138,0.6343842270529768,0.4469872381658103,0.3630275550686389,0.2943917828221335,0.6257714152361646,0.3147314812129016,0.556369143476865,0.7127776194505706,0.6964556343493177,0.4931217230388685,0.25510380789269077,0.18641660454039488,0.2698181635942824,0.6944401830348174,0.4401328041286512,0.574998864265726,0.6428854689852082,0.7255024370013249,0.6244987345894562,0.38137669637195626,0.5797849028369192,0.5855794324402938,0.6798488201162701,0.3564913253626364,0.5224420761869155,0.28555221758780064,0.3146496977870689,0.34997048192817154,0.6003556195320983,0.458612364691049,0.7238387002935774,0.6094105344635082,0.6374084142908768,0.767584217362491,0.5809333701794194,0.6755124733338623,0.4715386947468351,0.6636481084721849,0.6385263766965896,0.3949156035617941,0.6044835265585027,0.5530464379874378,0.4424526149875209,0.6037394417922977,0.4627098750297118,2
19,backbone.res3.3.conv2,0.37629396283546546,0.6725723151268778,0.5221837227546554,0.3056509812075308,0.3429884626078014,0.6800443850172163,0.16330213456578035,0.6981257672130924,0.49482491627409897,0.773613273377317,0.7960145994379734,0.4733418311072225,0.46428395847821247,0.7235331716193688,0.4791838374709727,0.5864771013830103,0.4646242623659039,0.2847150133171124,0.5026636974127707,0.7214501468195728,0.4344562101735896,0.47497081833972316,0.501108818503548,0.5261762217198089,0.24321662859456988,0.5273428980754521,0.672422414906473,0.6627963630519114,0.33010800273229807,0.7144754594810598,0.3558639630414129,0.6516537855688377,0.7579477238662737,0.4343279969506946,0.5885285192685731,0.4683574848913679,0.4022884718250037,0.40058316075905415,0.534443545111639,0.3914712932597751,0.38056737524796347,0.2638145055160739,0.5434990015244837,0.32619904358483265,0.5760374400767623,0.5620131893064423,0.6452689957242775,0.3635394544144181,0.25746727999514646,0.29094245644907624,0.3907791037347883,0.6500228951431322,0.667662881753736,0.6516203488817687,0.4617789961780163,0.5216007343952185,0.4706313790468856,0.40165474122097444,0.52693566333089,0.5140333203418656,0.5134987815326668,0.2899798215279226,0.2869431016822302,0.47645898541842724,0.25625399305477814,0.35782039808636745,0.4631556433377054,0.4315327259137151,0.5898937442385546,0.5764378324439756,0.5321281477710416,0.5638676452496566,0.5957173699776687,0.45943142566708045,0.4779041336411677,0.6298778183184006,0.7162264336783314,0.4775887122299666,0.7097233993320621,0.5893558192790334,0.6142238520607586,0.45581078944941583,0.45480963167520017,2
20,backbone.res3.3.conv3,0.4267132116395426,0.8071077080906095,0.5495229336983621,0.2736867876343206,0.34268874097934554,0.8065669128044572,0.5427548809797218,0.6040084591008621,0.5385098829680582,0.7315809378813554,0.6740251807675685,0.528711484696907,0.40596576196652895,0.6259211040419443,0.7671060574062806,0.5453088171115417,0.4848495488725855,0.5165693360368719,0.5364106781891886,0.750983917114859,0.5808708970657804,0.5408642946890778,0.6216019626792241,0.6570499684113456,0.16195703405644288,0.6171390679071421,0.7728796161773831,0.5577153512363446,0.33263256117136003,0.7398687470359021,0.38667255400150463,0.8147371979860352,0.7915220959536188,0.46839206962965974,0.5692402041893354,0.5062214723754123,0.4311743782650826,0.6014682856530044,0.51548839689318,0.3737663871649352,0.4284262886415677,0.40109813179190595,0.7347032783191306,0.4535070912418953,0.5398034316554909,0.7073762876837835,0.8657219311370187,0.3806156800214418,0.4811241916879203,0.4195296224586568,0.4039198628215162,0.840001184309158,0.7323963676261267,0.6156917260175759,0.6044592745053795,0.4642167910719214,0.6800314692045705,0.5384256514899202,0.6672659297847533,0.5077432353690048,0.6710955575991575,0.3151110944779586,0.35183450342787925,0.3149196216162164,0.3352945334746739,0.4667555110200338,0.29875111143311717,0.5253428070075887,0.5290455112088012,0.7262024697820775,0.6001427771061816,0.5126842478103647,0.5454707048111764,0.5646854355190148,0.6630671318560458,0.6040013618354408,0.8041789950310994,0.44528320598798704,0.7193079449707563,0.6709751145106002,0.5678787025374749,0.7474815191604779,0.6298028504584542,2
21,backbone.res4.0.conv1,0.3941083479473854,0.5292211468168955,0.45026014949351395,0.2723915123411101,0.3834747711929374,0.7268557555635056,0.2765595172586437,0.5475430443804653,0.43493448414713437,0.6704011420078905,0.7375557559100264,0.5436629815186543,0.6129477220425852,0.7112932663606235,0.8091396280164441,0.6109030722798166,0.5309943702303066,0.41352157830713365,0.5910870076571697,0.7946815873235709,0.38698975451241807,0.3778748239191404,0.6817066712959898,0.5439427584576816,0.22560751864505965,0.7197949206947691,0.7401687335354051,0.7958012131761324,0.37770310863536743,0.7416371719951523,0.3613160864842426,0.7643411600979877,0.835055042391005,0.5256061506624486,0.6494936572657751,0.5828342324158864,0.4173079457706142,0.4452035763876319,0.5807820309051133,0.3690527445506323,0.452935327113428,0.4328918563365773,0.7397270788013229,0.4127815731165335,0.6169109159350726,0.7192515106124026,0.8827441995327782,0.4964295509999213,0.2769882195523839,0.3995298516481931,0.3924802179482766,0.76064777530443,0.6361764881032489,0.6035350516454536,0.6544562801864894,0.6517919201472481,0.5421417747005349,0.5074896241651635,0.4223901232085479,0.649726414099998,0.6216776077273996,0.33531688716256897,0.20538925422139676,0.44378834133347994,0.2515669409804508,0.40619726387019583,0.5039042629067092,0.5683040987600083,0.4899201935578192,0.6266392694527554,0.6747172307277064,0.6839811935335782,0.5588710991472865,0.6755966146248544,0.6731374190894188,0.6820657257729763,0.8003820003568498,0.5522553258875459,0.7958439554985651,0.4044424817466164,0.7381525367005166,0.4879639889246859,0.5152010157038552,2
22,backbone.res4.0.conv2,0.4025398414108845,0.8670440375707439,0.5517453213459848,0.34541885165784264,0.4400068549503392,0.7601847133124028,0.5178518476485336,0.6528433609095747,0.6658259043467406,0.5891708803804275,0.7955404616331078,0.5168880361022474,0.5988399564316291,0.5994380419435964,0.8248021571387999,0.6220334930476495,0.6282024302812432,0.4476057195786975,0.6381551425043017,0.7160692481582904,0.32475305020908257,0.4832320003890805,0.5702245080823851,0.7022248888399187,0.2154846516423619,0.5071207755234082,0.670313978807529,0.847236643281539,0.33141842638057123,0.7308367850389991,0.4180922493376905,0.7264673344974004,0.8541962407161771,0.6139176461672843,0.7288938434897523,0.4420755463502985,0.4152649180842195,0.5551151125603146,0.5108633363158471,0.4274847102187833,0.5562807488390095,0.45489949836847826,0.8183773259580444,0.384345484045832,0.5400145281217468,0.4175534527626106,0.628272726156191,0.41045641434408886,0.454651740531148,0.40548751127016525,0.33730607771059745,0.8343712291960661,0.6611154129860843,0.634795497352893,0.6711717933382128,0.4558333359532156,0.6233210632842159,0.6072608749516617,0.7082816613749712,0.5911604835207283,0.7894916711745995,0.3956932157352173,0.3263850148696703,0.41053501601371156,0.27534598080788136,0.3460813496029921,0.4866614030951728,0.6377125501647074,0.6057526399627201,0.6384960322612497,0.6309771016365562,0.7440596603396459,0.5897758627777562,0.46707399922735116,0.680406907846024,0.6763288756995657,0.8025791641196485,0.43645175608066705,0.7574172054144473,0.7047062192999561,0.3915408541086689,0.473587198899729,0.4739049013974935,2
23,backbone.res4.0.conv3,0.526412463578868,0.7081753543027698,0.5529117861539671,0.3647028176751032,0.43831991786424773,0.7417972324517937,0.5183742638830573,0.6998890499951269,0.4208924589532423,0.6648431606349172,0.804852416539275,0.536298394300801,0.6230696121591811,0.603823125828585,0.6404467222787645,0.5522196685791123,0.5109262324483974,0.4742881523089072,0.6187668801521433,0.7348232616190842,0.5857532830548507,0.6562815077527835,0.5169964974062861,0.7132516892143389,0.23710201856496269,0.7288381426354761,0.6878928161957444,0.5901380829623424,0.3576170786258394,0.7753771809630805,0.40895755510507625,0.7040519738969345,0.8243592246118483,0.5079768819388308,0.5966602485024965,0.5305975507683056,0.4139639120535962,0.5080092501568918,0.5542643740048541,0.43013265417348046,0.489790854378541,0.2857446391603813,0.7838286744653393,0.43696250907815976,0.4890207459468779,0.5420280150210198,0.7970705845591318,0.40239860862123444,0.5258713814093294,0.39898011311828246,0.40588509525655325,0.8280005445624704,0.7329891399334081,0.5964099131496529,0.6915619110977564,0.5433221966429003,0.6990761286436731,0.3691022675349524,0.6418969622328243,0.459986248345908,0.7401294915352258,0.3140162451111522,0.41960718091549193,0.4746509389637482,0.3607623744230758,0.32075723343752105,0.3237908698134076,0.5757475559491143,0.5597848583740938,0.6096042535707621,0.5812828903698108,0.7029690576673342,0.5836524481774193,0.4913164052935244,0.6936306931415896,0.663540700449763,0.7605610019146756,0.47897648574271745,0.6928550574508892,0.7388732492612554,0.5604500594159026,0.5282184152174931,0.6299177003349468,2
24,backbone.res4.1.conv1,0.39439761864192097,0.7538572242504733,0.5110010810128379,0.38757819212247246,0.4219230147773548,0.6694970996100281,0.4659420362895006,0.7520925451985535,0.6195265787704634,0.6517346083134998,0.7633399083586673,0.5048838454911312,0.6557474450947284,0.7771436980504993,0.5429937968852698,0.6183920029329619,0.5154216873284865,0.4245071081896178,0.6398087060698042,0.7364064322471322,0.5809176016045561,0.5481323103356972,0.7184094885689541,0.7525630302210333,0.27618627168436544,0.5324150883882114,0.7902959075818965,0.8222955447769853,0.364682534083488,0.7704509924630008,0.3579670414596512,0.7326521932647424,0.8579959130716451,0.5238028055184335,0.6422394429279299,0.4701737465318362,0.5061657561906497,0.4536306816068278,0.5936468722232525,0.5108378130072952,0.442159514804349,0.44032240131568784,0.5953958626835012,0.3789172082999709,0.5191778915245258,0.6715811016370515,0.6578161875890645,0.6316456629741257,0.3231219770256035,0.4072817978305197,0.323162610623273,0.7543574554161544,0.6434708796405257,0.7426107879280498,0.6197650145669394,0.5639356964835781,0.5305945002092098,0.5516195363165579,0.5672399230013456,0.47554263634248406,0.7289351542129291,0.280984758566777,0.40798667689338314,0.19170195216156982,0.32344492565756877,0.3869789983378582,0.5893873658379709,0.4691451310742738,0.5974763074604479,0.6150164717411636,0.5916775100676536,0.7488477571043974,0.510349115630515,0.4002964812842604,0.5991324829772592,0.7393801574805648,0.7517926089725466,0.3332263984420832,0.7747882137906446,0.48342735244393287,0.6751186143060278,0.4163379635697629,0.577580579530437,2
25,backbone.res4.1.conv2,0.45100514842157396,0.7376772984969688,0.5311201704547973,0.3389703071867558,0.37277958563830665,0.8118241199981551,0.21865664563850334,0.7192277368879874,0.5578167018612529,0.768927602763885,0.7654137088212115,0.4162129032696077,0.6574561197025337,0.8526931042924473,0.7834547578131401,0.6133632679464651,0.5259784629983882,0.4740696464488113,0.5645611639289785,0.7013430439263443,0.6059396676830503,0.6042165695299879,0.6548509151431149,0.810284635131084,0.31361754574943324,0.5543129400348734,0.7604422795510196,0.7885062628705013,0.36776192416987324,0.7591574714552228,0.3960022497271336,0.7679049404297387,0.7923849996425779,0.6112889015517107,0.6715851106050066,0.4218659725555062,0.47176446735144795,0.516717416585892,0.5899534727887152,0.3458017505132546,0.5377139352749294,0.46744439099549073,0.5978024975620467,0.43024331923881104,0.6636269923427122,0.6729078791733452,0.774698917516578,0.5579991045727722,0.3628863970779857,0.41975002739923384,0.44222546748479125,0.8462182326086348,0.5994910463582362,0.6644840540139397,0.6585032537954717,0.7781208298247934,0.6044058944001938,0.566471534377041,0.6777870446900358,0.6736527951282006,0.7678354032623655,0.3735170448716232,0.4466715196838528,0.2683602891680933,0.343667996108807,0.4321168200511461,0.6023553328756371,0.5626902601023873,0.5359569673059024,0.7724044301708427,0.5803722919322558,0.5008896021298261,0.5940299042275011,0.5183929579405158,0.5286641749001992,0.6679804532777261,0.7768247789399421,0.4868258909294658,0.7130230054793042,0.46407256815745873,0.564817790359727,0.42987343254093785,0.5877254651042123,2
26,backbone.res4.1.conv3,0.45560052717831423,0.7282386560797125,0.45681083181185983,0.2780167324426508,0.31881550447833856,0.7918272891672852,0.5563513706674894,0.7351046492789727,0.4848213430926509,0.7781976702409864,0.8110897080420972,0.5160392788721825,0.6529829912075598,0.6581052725280779,0.7804872973968461,0.4392717544318121,0.48599210808616017,0.48991331473774163,0.5088719102377631,0.6893086981853251,0.6591132659592311,0.5741276056521228,0.6163063743759809,0.7059506139260519,0.2515039241948513,0.6725431114390157,0.6602875105834313,0.6279891214866344,0.30164830857120034,0.6204045813834606,0.3289200960375601,0.7713349425429645,0.7344151208448937,0.4056239165147004,0.5015263545299617,0.4403627337896816,0.4878434631880785,0.5009309376991778,0.533230651644544,0.3207382408271806,0.5157878725667144,0.289623979376664,0.7954365666839972,0.43275965709612646,0.5979210973287545,0.5706846403797596,0.7857184654175644,0.40021591173361737,0.46073269840722103,0.37351404703685287,0.33002429244864323,0.8586683964803281,0.6800623692288261,0.4435403371368765,0.6056172190479011,0.5681068656661709,0.6761700401378313,0.4675692662147414,0.6814970931948503,0.3670232251819162,0.7874160891170767,0.36331056536346734,0.5067556032043415,0.36441571819213014,0.2841187645811551,0.4301353036803033,0.2663235082490778,0.6099305800640806,0.6502322370398605,0.7570018124978828,0.6386033180439125,0.7814477369880571,0.6284713032575543,0.6514777432783188,0.5021507741144344,0.611275238658308,0.7723092756032586,0.43259296653762813,0.7610466215902335,0.7018518950209821,0.36690357853894817,0.6184984920052494,0.5881764725189205,2
27,backbone.res4.2.conv1,0.3915041122253023,0.6373739439301684,0.5215009999054737,0.35728191501996853,0.3098433058828543,0.7699666064098464,0.1510513163298809,0.6433076915178162,0.60099222449519,0.7659804269037978,0.7756975619916523,0.4945581755856225,0.6328530453297022,0.9074979384085865,0.5511191262787164,0.49023569294652014,0.5208246721551396,0.4115380839549965,0.600467787934136,0.6228380194865566,0.6394814251819378,0.4934351772245383,0.5800069998838286,0.7155651403983105,0.2167195016777569,0.5673658474794474,0.6639509556738927,0.8112045804731536,0.3367486109977105,0.5903161956344951,0.37307749319797834,0.7729316257374212,0.73060615782034,0.6049255357336645,0.5313693451044723,0.5219735101526279,0.46763913839773247,0.4385922459474665,0.6308835294550834,0.3795426264253722,0.49547566509815777,0.42869101363166334,0.5978926607166601,0.2816484933854309,0.5660939265746788,0.5513308573398009,0.6947265581861126,0.5369764476408069,0.16214501119934133,0.39046814899012117,0.36563183975992064,0.797149566093537,0.6553412785305918,0.5338292611583495,0.5811377871184056,0.4086045157593775,0.4556031472008319,0.49289906338644474,0.7127140537975829,0.40747639808541425,0.750726174666878,0.33389529345783553,0.41746898534922405,0.24067583085473931,0.2559861610225388,0.30933331464749664,0.5750378469148335,0.6542204942625026,0.5813991221413054,0.7101924422553304,0.6631565724768642,0.8168787339963006,0.5072353817981025,0.48889317978069885,0.4578812846736568,0.6950028772722543,0.7580779926872169,0.4068564766941006,0.7305002480149769,0.7332510459358215,0.542190440958965,0.5496306358651017,0.5717063985464584,2
28,backbone.res4.2.conv2,0.3988571779735429,0.8200700303142069,0.5000100837028649,0.2637239642740369,0.35871010939551345,0.810932018889236,0.1376226462338453,0.6648548158644629,0.7444873221391703,0.7832001522483664,0.7754783978832053,0.5317382957358474,0.5514390760880551,0.8896661398357303,0.7608920672436466,0.4901373518770653,0.3906563718466323,0.36043686746532244,0.4808736209677546,0.7691432521268501,0.6244130555845626,0.5815978336679106,0.6009226881549146,0.6968180793645535,0.19035623991429132,0.6811962132104357,0.4686758305460912,0.590208168695915,0.31565000737392973,0.6511602661956063,0.3998732014142205,0.7185028830801232,0.6577474851485051,0.5441737696796568,0.6591068182899814,0.45413274587701324,0.512191421800502,0.47480191970675206,0.5220737418434157,0.4927009360316065,0.5420091491464252,0.45996074826509165,0.7491194251608068,0.3356700539118832,0.6641331093066601,0.5796050580745731,0.7208361451318815,0.48350510287063614,0.26641836278707687,0.41178149996274827,0.32498598375844084,0.6705549182410514,0.6352197880460042,0.4613820429565515,0.5829078880238079,0.6967045239209749,0.6363113688201787,0.445126494979062,0.45526019210178464,0.5018457200948584,0.7974875678464638,0.31416425650593666,0.38949615598304116,0.291704232994293,0.2722800654429122,0.4102339837777451,0.6143969210082036,0.6565252998857546,0.5027762783197891,0.8087383744245683,0.5154353134562796,0.5847000203582106,0.4560394959179692,0.4838855972800999,0.5144361217602695,0.7160827743178244,0.6641992818656279,0.47903171227684616,0.7123562445220215,0.4416079387756644,0.6655953779926546,0.4791913746673907,0.5500682091756078,2
29,backbone.res4.2.conv3,0.4094733432317392,0.7753775333721329,0.32964109983705053,0.3227265943961307,0.32178219236722977,0.49380369213986747,0.16095277567122948,0.8029589161035948,0.6563872655538199,0.7391017813477451,0.7931796965794821,0.5316103224428765,0.5740878944660762,0.7674608622727633,0.7870004233172843,0.5012311666319975,0.44359590652629044,0.4444657558325231,0.446956445036401,0.7243592542682628,0.667284007763082,0.6008497338249477,0.6243351795981966,0.7341432239236116,0.22610009475519185,0.6385464985538739,0.633110179314795,0.43808654806049774,0.2814534798366202,0.6823982394778153,0.36917397021532317,0.823391176697802,0.6187191033099023,0.425499762595221,0.6214911427443136,0.38771689049140007,0.5027643128162353,0.604828338275128,0.4366898896665058,0.4093718328867142,0.5282752622810833,0.453730910347838,0.8181857560487419,0.342986109677873,0.6325436742725006,0.4980378444763467,0.5537994200436103,0.36065477259960277,0.3763290305129446,0.4057772158573668,0.24259677057504958,0.6837792794818904,0.6478100341696233,0.39800094627616445,0.5513670641316614,0.7086160406123957,0.6611585022565797,0.4091582188084407,0.699530898036514,0.4758924590062232,0.798603446025966,0.3462664369864022,0.6510985370769051,0.3322451451942676,0.3270249061803994,0.3539760958804681,0.6086414002603792,0.39882775227580114,0.5395245675025311,0.7899887880637856,0.6036686106659308,0.6494479481252181,0.5679786937004053,0.4356505052415912,0.47317601287266153,0.44488113418987246,0.6388869359733648,0.380720544037357,0.7357468333157334,0.6184965806790714,0.6394866662052769,0.5159607403199628,0.5979578314817774,2
30,backbone.res4.3.conv1,0.42862037092605165,0.8044206282362288,0.40220206787390095,0.2875690090999134,0.3172656442105895,0.5047607920794753,0.13364765382372418,0.8002328788169161,0.725302337305168,0.6724215304063442,0.8235242751346041,0.4770118767104226,0.45732581565036634,0.8966202547991733,0.8251770473028212,0.5407704179870129,0.47304157111936035,0.3339272663632737,0.4078299657210092,0.6939330622491823,0.5347612403058771,0.6035952465107095,0.6465605436834635,0.7784655623872787,0.1789156535324826,0.6751227378985268,0.675079435747501,0.7539889942172554,0.3699027994491076,0.6977454365932336,0.3615146671648469,0.7206172149835076,0.6225544101155877,0.4390602155743582,0.5469902376775755,0.4138000931195432,0.48536114855035684,0.6018380356380403,0.43330765796364684,0.361152166391958,0.5080756364769204,0.4171178680679236,0.6124187029204659,0.21697095305159764,0.48602674308815974,0.640426672763283,0.6601278873520661,0.4325652854558573,0.2387137446062685,0.3469137807945552,0.3478354515316752,0.7391281800381938,0.6555209077878633,0.5952403661523336,0.5825763501946013,0.5401225377165387,0.6715367383264156,0.22449393485819907,0.6507497592832394,0.5187761886165047,0.5727738877933789,0.32287582761650635,0.3137507347031718,0.35736033220265084,0.20432310236349466,0.3815480931962727,0.5925749413244195,0.6238135715620323,0.6247345034737674,0.77259834021443,0.6436950892605207,0.823970490868227,0.44624258012247575,0.46190464878673687,0.6245008479781224,0.5615389975919605,0.7176108161810699,0.3867858649724302,0.7260941379317799,0.640039469310474,0.6337384475029948,0.4826591311009552,0.5220526137412556,2
31,backbone.res4.3.conv2,0.47191412355810364,0.8046272983260715,0.3503400424488891,0.3793508890847683,0.3205111820070859,0.637162329467376,0.09677321614932836,0.7977003554896793,0.6995905338968074,0.7541100508059395,0.7841946335253102,0.5234930706192216,0.5236489018423418,0.9067023417681649,0.7818609850172874,0.4819166663750618,0.40405456609768536,0.31538788794716055,0.47980808710184414,0.6932768450610411,0.6353056858505864,0.5896925744622463,0.6281450950651751,0.7549483910946704,0.2463622782932784,0.6772201228557205,0.5867997216341833,0.5727012569573273,0.33479001461247454,0.7126160488559939,0.36329398812892016,0.6212874203840368,0.6738408176981582,0.4901219661956879,0.5659238982529096,0.44551061658379804,0.4669634761036045,0.6388296937462422,0.5752361874527907,0.48165606411902673,0.49089310614775156,0.37191103611968773,0.6257188795243177,0.2907580976290704,0.5258058092760772,0.6522664256971904,0.5056751148848166,0.40877408952117655,0.22099301426458878,0.36809631747433547,0.3302530255058168,0.8248972112991384,0.674589787325124,0.5933719008002781,0.6343203138114931,0.6162622798815836,0.5389975180184134,0.3417444835672738,0.7370893623612189,0.46597814612366545,0.7899699514639272,0.3120597516264785,0.45467053116093314,0.43723057960119793,0.3484651613119832,0.35701902813288106,0.5283624399151075,0.631359441586526,0.5463927742792754,0.7011912700857308,0.532611437281407,0.6503894854809231,0.4481808003924144,0.6574881670750031,0.5653546658920581,0.6400277442696747,0.7454157668279657,0.4036701844472565,0.603234519393901,0.4334666281960078,0.6698733943075156,0.5162117702053173,0.49103143398796734,2
32,backbone.res4.3.conv3,0.3810362810553399,0.8217944072274409,0.4384087597909758,0.2775073740945767,0.2965393156886588,0.6650146270018806,0.08883099762118699,0.8215992487332631,0.5466483460125853,0.7619308234962319,0.7025953567446529,0.49972149358846035,0.46380126183166304,0.750426573480819,0.5201270582220616,0.4345435417515008,0.34996412289182355,0.3904867030896095,0.5083632667451443,0.6994471210738757,0.6969766856099059,0.44155762139263466,0.4806505100378966,0.7253336429332556,0.28725840021235527,0.6587626168721193,0.6335393529790293,0.6194510205627597,0.25148580050192826,0.6763668145155315,0.3401382417197319,0.7036788385615835,0.6274640139007787,0.40177169829256787,0.4616523289326586,0.4267806502158595,0.49865783558315846,0.5430924335129429,0.43022217996427053,0.3979416228734524,0.499282915284428,0.45172970690103964,0.7453983985250827,0.3239934181773252,0.6738611275316682,0.647520491673955,0.5153151414580546,0.33363618966322234,0.37030227168667285,0.4164791682600622,0.3231703584384422,0.8485818501440899,0.6300225196968975,0.4386149785668311,0.5944465651547771,0.6383998123675639,0.6078332296372669,0.4750384099434938,0.45367319455939953,0.33663115238384217,0.8167159641163345,0.323260890839607,0.5413182508682083,0.42168027720613155,0.3465104437982051,0.34337274699571696,0.37479021243423927,0.6128650540702433,0.5020746139361322,0.793914280889233,0.49648975173368726,0.7506336506470265,0.5103406464385786,0.7158724000451332,0.4908140994611907,0.6501726028376533,0.7241792428908398,0.6057998973089623,0.6818867085587618,0.6310225190474718,0.664042292993945,0.40716158244670186,0.6031368762990655,2
33,backbone.res4.4.conv1,0.3838429333775755,0.7586340538895444,0.32708247194885226,0.23850222727729425,0.32467043975992776,0.6652428741877466,0.08892292161351065,0.7917928980397407,0.7195567673018562,0.7715656258523916,0.7117601705677641,0.49562324706900573,0.4759655088412685,0.739710781890859,0.7705355599881426,0.4877667599859134,0.35633772511903344,0.3914186878006265,0.5016454272116302,0.7222495190628797,0.6309270391034575,0.5338988211086562,0.5144026087719158,0.7521459682138493,0.24907867354220645,0.6606965233784311,0.5416595845150043,0.6547970219621024,0.27566199980602063,0.7037633945968291,0.33962005761314723,0.8057293823612426,0.6257610542487316,0.5023351096570884,0.640641497794207,0.38616680680591686,0.5013049591267321,0.5073921044696564,0.4351765060292645,0.4120455157741574,0.4978343458219034,0.3869083837667545,0.7478991390456106,0.3030925627107655,0.6817011462778811,0.6253073764331577,0.7718909260305592,0.37285160460272987,0.294455534275513,0.417702270918774,0.33055966266234016,0.7608971870286136,0.6748597127593431,0.43826505527666304,0.5940528783606204,0.8225642325362105,0.6199018037259937,0.4393099190573075,0.7506825157427283,0.4956447464381567,0.8003056778738711,0.3274835423825224,0.3569071502951,0.3848046783961675,0.3848183845710783,0.37319399056784514,0.533133195562702,0.55424725529943,0.6055223370579411,0.7801938029013296,0.5421263205371438,0.7269038636170377,0.5284814657954089,0.7714393540437577,0.48898161775893967,0.6424082021847776,0.7063931269357423,0.3595866473701199,0.42655693058470584,0.4563309879841261,0.6297067464510046,0.5607593474741164,0.5988927462122333,2
34,backbone.res4.4.conv2,0.4595583415017534,0.7387335756269362,0.4765702090293101,0.30521650330656536,0.38404523160909365,0.6729610857621242,0.05813489228584145,0.8011433409101409,0.7329857945904219,0.7425634254267364,0.6966185011558006,0.45172695513178157,0.5208213196758007,0.717042163491718,0.7775023651774586,0.4842799851337574,0.4127537114442411,0.3437552830127567,0.5564682951058946,0.7511240732057823,0.6753579740133139,0.6049966428460493,0.5698509213271057,0.7247023219720721,0.21793059503299586,0.60952681111868,0.703771603452425,0.6734545773081235,0.27920864986498434,0.6927400086785346,0.33979239034252595,0.8269315490336354,0.6153162022907214,0.38900485668635504,0.47529459328757706,0.4124845365712648,0.48929793025125695,0.5888081059825888,0.5063519072464095,0.4892789907577564,0.45031508806956005,0.3665805138162881,0.7373874620238549,0.32527454001354844,0.7029132413552439,0.6727516471102855,0.6710994259369808,0.3459174698320333,0.40672443505168115,0.41034970748667077,0.3550510534959725,0.7993265143682442,0.6271532028285709,0.4587933566359102,0.6658872706995459,0.6200590258091391,0.5036033059980914,0.44799278662940173,0.7363393876882329,0.5498360808547861,0.8047769775861108,0.3279087189192453,0.41359229665742364,0.3673520223254507,0.3020276959163673,0.37576966221000635,0.5727361870285425,0.5416375704749308,0.5987799175425064,0.7928886311568523,0.502985032268779,0.781197749834619,0.5384468896959238,0.6330413875236475,0.5378622587996952,0.5950194741690088,0.742848493211033,0.44249722594785357,0.4252899966642786,0.49234234358526213,0.43627468019480187,0.33223220295108313,0.5887084728486182,2
35,backbone.res4.4.conv3,0.4054169162031189,0.7358558133273927,0.44745590692386383,0.2957665149586804,0.40218767984139625,0.6751513253485406,0.05539212154161387,0.8149719226437341,0.7169696854814596,0.7361315551861689,0.7558550469391035,0.2922798756114676,0.5248346050521433,0.7368054218257116,0.7683835544556264,0.43861431909465015,0.40115309315384595,0.3551435458024991,0.5057561948966378,0.7794811526353169,0.5706802963778762,0.6033300238557125,0.5579312964929305,0.711243136719841,0.2735215640151816,0.6167873561528062,0.701860410504447,0.5057847843756123,0.26325632998216564,0.6653322089127347,0.3421569166694441,0.7722590334986009,0.43689647177078156,0.38657219150260225,0.4592201322631251,0.4263938456549353,0.4196110072118642,0.5952120534624407,0.47295205298926196,0.423144795953584,0.44922300897318973,0.3641461961641142,0.7224569935008958,0.3095217386837276,0.6520805511951809,0.6838255931523667,0.6618849731018703,0.3233939323724289,0.3976682419798295,0.4079060873406753,0.3526218449326072,0.8487625408615217,0.61662653338113,0.557829214501101,0.6207186531233816,0.6184927018077321,0.6039114529399651,0.4790821700891169,0.7338021009416495,0.5069362274712612,0.7960862835414428,0.3014148705800026,0.3521306559083659,0.406239638052656,0.3531244140765415,0.42931332255689103,0.5620904455056757,0.5281372064683049,0.5403432031063872,0.7912083592673608,0.46713538650343367,0.7989129785650481,0.5418545746485469,0.6619217568330312,0.5160311090599716,0.5738804170107352,0.7445029136776483,0.4846291489604941,0.5789332649024881,0.5210129932411336,0.3827845535119025,0.33893744379729535,0.5855240416249038,2
36,backbone.res4.5.conv1,0.4386193472393564,0.6243446572227895,0.47327139371590204,0.35162291362551434,0.40948541051126874,0.7017791671448534,0.06025247393894706,0.8042315878814326,0.7097034434756256,0.5880240004205357,0.7317192346807304,0.4684445722104911,0.5384164842332965,0.69916756411628,0.7820807462715359,0.495207553193281,0.4137440656836043,0.36063211553187435,0.5055022198455633,0.7843541303351784,0.679077618561765,0.6005559692066273,0.5638744144986764,0.7504796037699776,0.30367453711226045,0.6122771276745098,0.547330953791757,0.7774816771794514,0.29333205442676075,0.6983486523181691,0.34134190833777955,0.7627367495555839,0.606445408150487,0.3917949465262186,0.5288029863480872,0.4348665767207213,0.4202325945765799,0.6145857863387075,0.4830549283128397,0.41778047691199177,0.4600679288174405,0.3992132254034388,0.74708764486266,0.3297147235170124,0.7204355465420719,0.6134782554588363,0.6562325226623327,0.36908296452792944,0.41338300732786887,0.4148457532546221,0.3477363382468751,0.8692413021524394,0.6336323546329449,0.628653926122367,0.6474266375432747,0.7546365855743201,0.6071296038475411,0.49742783045220784,0.7394998311913868,0.5319067132334878,0.7739350758575232,0.30861110685994664,0.49378073904023767,0.3200357652088705,0.3661232803290989,0.3497467109076968,0.5724058105736837,0.4823547559663844,0.5869121153724556,0.7874877899976171,0.4968677449745928,0.7858526793894336,0.5437363523377872,0.6337085736403483,0.5747867736501354,0.6903156727121019,0.7672846677842056,0.4496648649658445,0.5810325040810856,0.51948616208859,0.6572956007650239,0.3770104646407951,0.5961002404967081,2
37,backbone.res4.5.conv2,0.35746833092782176,0.7460178102272611,0.46549230249257095,0.24060497676592757,0.36833251113475474,0.36515931925945505,0.037233283538114385,0.802568709376365,0.4412291790785542,0.7230037058266398,0.6890896450875089,0.38719063829104344,0.5478397847785893,0.8561444161267653,0.7484310094462059,0.296723918516305,0.3868390153676405,0.2922399740449515,0.40901556679353224,0.79402601639034,0.6569188073167375,0.6275266413796021,0.49054705650266706,0.6577498219000241,0.31079709349801443,0.3160316237457885,0.6518329611733323,0.6752702494298697,0.31614043858121843,0.6380274757209118,0.3203468973633952,0.8121837722632278,0.4423540301123382,0.3787581581780257,0.5473394831444817,0.3757271641271443,0.4477145471964419,0.6008690165445548,0.4404052928132908,0.16758230432644775,0.4893818514045884,0.39244440585136936,0.7223030855338782,0.30690522660339753,0.5199700367287711,0.6579200364381378,0.6435435975678003,0.3606854510908732,0.3910246509814434,0.3717839514898066,0.381486093221217,0.7973210073174559,0.5181454857707397,0.5440230692377057,0.550889754886394,0.5616998037508858,0.5647143555868623,0.4176400115205546,0.7198062149695815,0.46996155977245957,0.7713144649335566,0.3144411948861542,0.30637825955296216,0.306662927908024,0.3385705977541881,0.19383690696567105,0.5278245412784733,0.5348733658128089,0.5284989214641623,0.7749965550590217,0.4018191697494916,0.7342644847219214,0.5147743667939509,0.6412705165916636,0.5113707108644682,0.6667073651418578,0.7211233438978061,0.43803546131508675,0.5477329205717222,0.47568279723340706,0.4291378225224925,0.5531825786877533,0.23733303633076433,2
38,backbone.res4.5.conv3,0.3958475921607315,0.7905438209006984,0.4524547029209148,0.3006428369947808,0.38050611678577,0.4098695291034093,0.0340429806886055,0.8062461759642404,0.4929976070664168,0.7277744112163642,0.7178367423444298,0.4505417955044815,0.5448905505684324,0.8727534702983579,0.7462800362589422,0.3476362058298246,0.44814674288048456,0.31709790841243984,0.45567672300693696,0.7805230343662515,0.6415079029419742,0.6164136820671673,0.5350432360613181,0.7091454826903886,0.2841710079369006,0.5660611264541259,0.6773290935580585,0.6586129151502838,0.2909036325789081,0.5137143519465726,0.315805139106106,0.8168172367247007,0.6119823285471079,0.3316370285275789,0.6041578628750054,0.3858842495861758,0.4430117296166117,0.591839843105682,0.5153366667520926,0.42138928360379785,0.47602536301390935,0.39059056540544496,0.704840938663176,0.30351923510974826,0.5096436342222253,0.6951935599819447,0.6549713559264188,0.33614447489267646,0.38587640621701275,0.3715171268606372,0.37880387217062056,0.7858179722527598,0.5785930605661361,0.5610461011349648,0.6008977836357262,0.7094426206944611,0.5919949615020556,0.4270507377043351,0.7262745877151654,0.5169828442220594,0.7973364430783766,0.327634225879035,0.3085883316692496,0.34534409607639266,0.3326003581282761,0.4224505834003933,0.5173318119686549,0.49971093922839194,0.5299168390662584,0.7763898447493626,0.5131026536911544,0.715459452808903,0.5123720046121136,0.6197888957631905,0.523557532656291,0.6668873121644571,0.7529550229716283,0.48654674562773953,0.5363005728888766,0.4209315110043562,0.4026536912983971,0.554813136170161,0.5833112830059068,2
