,Layer,760,2252,1084,865,1554,1337,99,1748,1211,1607,1662,919,1287,1685,470,2102,389,775,148,2275,558,218,34,Cluster,Task
0,model_1_act,172.5504970699479,164.1111965019718,240.35091853963252,79.93157240357964,280.9126470743993,257.2917436667081,252.52719222708697,158.94908241365331,59.46817205026424,160.09008028392037,106.16239027062898,145.45424835826998,178.6445875362152,194.65414312638984,67.7155867403666,78.00202160784131,499.01474228209906,55.900624648898074,49.799907485394236,144.5086882812891,131.3736051319377,57.28074656009604,159.787666572307,1,DET vs FullGradCam
1,model_2_cv1_act,176.33039360980897,165.70263468161585,241.17000802959103,79.86626109129384,291.725598572963,257.22106855502835,250.37008138690328,163.71172806271665,57.90929365997705,167.02934060215972,106.12695047969987,143.1068278648833,184.6121148706073,197.85218999001683,75.18152558493875,74.72724102039683,509.46237177828016,55.700810562224206,55.68149184228021,140.604939271942,133.00791920124564,60.11892297345495,157.1158444176045,1,DET vs FullGradCam
2,model_2_cv2_act,158.30948592474473,163.31446870307093,231.79985157821477,81.56558521090437,267.52433586424365,238.04068216503833,250.81611732482142,158.69499052290655,56.182367901810494,163.05479656853603,105.41786770297585,145.2403920334897,173.1764559231375,182.250305944094,76.46974543133013,79.29660312159032,483.78011030890724,51.6342727807518,56.66827214478107,134.27041571780876,131.01901084831695,63.12956270646838,154.80486514204495,1,DET vs FullGradCam
3,model_2_m_0_cv1_act,183.7011271214838,167.18091271784522,243.06747936943893,79.54808385565832,276.4668364676872,233.7369544652712,246.4601816088221,152.4543226223828,58.017831088948334,161.6085866587532,104.41105517878266,175.69167719149638,190.06276428894517,192.26786419061142,80.9412759156694,81.75238844365406,487.3403730915006,61.40373959489078,55.76098962263325,150.76162898971648,126.01325252635371,64.14467382393315,150.6360631773664,1,DET vs FullGradCam
4,model_2_m_0_cv2_act,167.1138970718652,157.3279837244909,243.852461357636,76.48000580865552,287.3536350172218,255.4000052971578,249.16818542289147,145.7726190070589,60.68552130071259,169.0818923682872,101.16276113680941,176.4562152521679,181.6124241940257,197.50557161438525,70.65863051016223,76.55139314144438,496.42500904010467,61.14204853869424,54.75902219710524,153.72725974531502,129.96241455490937,59.06985265836508,163.81636509456666,1,DET vs FullGradCam
5,model_2_cv3_act,165.6712410379198,165.7346293619461,236.50941222715272,78.5645805153521,282.1087492187938,251.397609489841,256.17115569753844,148.92738985353805,59.90904544329352,176.16629339863707,89.10423253456563,157.34204656182666,175.8119603637765,179.89579636570593,78.0574052609984,79.83118592461703,491.279962189498,55.28094747311961,57.81867265061541,143.6425557072876,132.05969901823528,61.64726381602715,162.593775843635,1,DET vs FullGradCam
6,model_3_act,169.80736954705276,141.80480387188513,248.2716292045028,84.43228190245023,280.1380601904553,239.5033882407297,255.38670185229648,177.96396213508166,61.60179437318902,177.60945004295013,109.09183483345649,191.86611973772816,177.13228041043664,191.38228054433426,82.58372517557908,82.94213875237864,483.07680584337083,48.96086029600211,68.15377690154281,134.10328125613682,129.16605634542677,75.61880470170922,166.70893627203878,1,DET vs FullGradCam
7,model_4_cv1_act,177.55751311881073,158.89641466984196,249.57669144429818,86.37814184817913,297.9399500308929,238.40170783380063,260.2776397561215,144.65004429581697,53.25237829870011,165.21198909058234,105.49299156957399,153.73910736736434,164.2528432787602,189.46663056626394,76.66479883158092,83.73670210707141,510.64913498469105,53.08810772331478,47.97367227988627,148.46370285074295,131.2090396341298,68.77933216452409,164.60975842429164,1,DET vs FullGradCam
8,model_4_cv2_act,160.48374297081835,153.01984522694838,231.91642565141967,89.2122248236862,264.95738840006106,230.46972316550625,244.12078578371995,181.288994134703,59.69388832164158,174.8346710996163,99.8100352839912,183.09031227095122,155.43708114731538,191.2354305830513,74.06700461303122,79.73548670271947,465.2650577325511,43.74496706288991,104.12278515993418,158.17878499311342,119.0375004215154,71.98934634574027,160.19041285884742,1,DET vs FullGradCam
9,model_4_m_0_cv1_act,171.40105020790074,167.97213981777355,237.5661204963845,79.56410678833902,288.37423490439426,241.0829121528153,263.0351055005092,159.25902054551483,53.45760989454829,164.6721131133846,107.11077692053212,168.57719331511936,177.40321188731974,189.29655367154032,84.8794146718764,75.41682237639804,500.07468894533093,52.73515411747775,57.97534924810874,141.448534547412,131.16435358096462,72.894042225793,156.7210818093966,1,DET vs FullGradCam
10,model_4_m_0_cv2_act,182.57818452973723,166.36646711673382,225.47515883993682,77.25540083246577,262.291100547016,233.86741841173915,264.72207628592815,180.24192342488084,60.816859307351734,170.19487594887377,111.46767431490323,166.66208784950027,177.841025995653,192.1918134372538,97.01740829686011,80.21144834895222,507.90194239009986,44.14477295890694,59.51900900073635,145.24784221310185,132.3426322399089,66.68610292180678,158.13324611362953,1,DET vs FullGradCam
11,model_4_m_1_cv1_act,188.3930050965135,151.70271175388527,241.13890764026513,80.53706912518899,274.67547381212637,275.81414925278096,262.75373130658033,171.18713223873738,56.22614792009824,176.58004163581984,114.85964210497121,154.41816140046612,160.4180614067916,197.54550557795454,68.2969527418434,77.18460561992097,502.6716883041714,56.440024688665176,41.55945740744774,144.83060711038536,134.41606695711093,69.04340285891884,152.9955512836126,1,DET vs FullGradCam
12,model_4_m_1_cv2_act,175.01718084582254,155.1735089365308,230.47025002906707,82.47530655720439,272.7573168036576,253.24304585648275,275.3189118595242,178.53910966697214,63.336227838564696,175.38678711513583,112.89304211924625,176.4011193432971,135.67710106024398,186.10102138989544,73.06476092801677,72.06629265400159,501.67166295622985,52.86233083193092,53.30842460342525,149.38772773064665,124.82222130417804,63.89072945321884,145.2000128121707,1,DET vs FullGradCam
13,model_4_cv3_act,166.36263753481597,153.2678017978999,224.2810677553725,85.4725376542593,284.92753142743,241.35508405557613,241.0671522417146,148.24637837341703,67.5157169632862,160.32011076912903,106.09630509993963,174.00692925485126,174.73888575937244,186.20686517977845,74.62557132535161,79.31958075668243,479.9315361172279,59.72673131133415,53.40817105197732,148.39300381157415,124.31721555628316,69.15395894453852,149.01087480653993,1,DET vs FullGradCam
14,model_5_act,173.55519714150319,145.74690181639792,221.08835354685192,109.34670986839805,288.78473034434955,234.68469156842318,257.7381656719256,142.50633099097985,58.54967887341499,186.4117869150901,105.73749185329677,183.35368282861754,171.8595340557086,174.09364018145294,79.35388674000458,83.56841645420772,486.103643265102,60.71008166152784,81.01333410780006,153.59549101725224,119.2176375690888,92.23861057745921,159.25185302309993,1,DET vs FullGradCam
15,model_6_cv1_act,177.72257303787083,167.81793779224557,240.11833912735756,92.50081185074154,294.40091122866625,234.52986388859688,237.58596250371528,151.40204288987766,66.1253808379629,180.83940876780957,100.36276352561836,185.67047684664422,169.18150344360527,183.10236865324555,73.89407645810462,80.90853284948017,485.45932848092474,56.031303615535535,78.34882707441506,139.75341488282487,148.85207595111933,75.56515541587505,159.9289892126231,1,DET vs FullGradCam
16,model_6_cv2_act,150.9614188669616,146.36893814536893,209.95485809284196,116.71934347259332,262.0589989524325,230.149424463426,259.09226520747063,166.41028122856505,60.98665374607481,192.9454101437401,98.34982696355127,175.6895270626345,156.18635872736033,165.50838720274288,76.96078618928443,88.03814037065584,488.3490696092065,83.76605352797793,89.50233838166216,143.8969597801377,115.71467503894395,81.83159558587636,144.96168003623293,1,DET vs FullGradCam
17,model_6_m_0_cv1_act,168.31972489315368,162.07135180496283,248.88678752880105,85.13657432942652,300.80268996874275,238.5659279490066,232.0419254561744,154.95694821494953,56.30774323491809,184.45406526249633,108.364465215302,126.78025761654118,169.63761405464305,181.71902323031813,85.81185952317948,91.46035348945024,467.3609785064767,57.95660593331408,67.33888166827602,127.17982792188761,141.42035257574128,85.83765788825801,158.25431762427633,1,DET vs FullGradCam
18,model_6_m_0_cv2_act,179.04075007959943,156.42355760759983,235.85581607981106,93.92356243956547,289.58094103646226,237.81277680411904,246.20042398278798,158.84761847978584,60.767039203212384,180.33092275073687,113.09944508106582,189.66528010434598,181.40440548672245,187.29307062279142,66.52833432815835,84.07755799216943,479.0599086151499,57.5546748518916,88.33178393009271,144.34764270561504,135.9135012706817,75.35694301041124,170.30514190788836,1,DET vs FullGradCam
19,model_6_m_1_cv1_act,175.75615604687036,164.2311888030796,248.7651021575054,89.87947672464935,252.85135777531775,242.67532083830497,244.80074346931298,170.66040633026842,64.87723964318815,169.94373376503682,116.29206396956401,182.5824515530723,195.5741321166083,204.62072480267955,78.25164127136381,87.11501638142514,455.2874166135088,57.772116963890824,71.11263433379477,152.06397956875514,117.71283840505316,89.1959345797153,174.76784654258267,1,DET vs FullGradCam
20,model_6_m_1_cv2_act,166.9111538407776,142.47289266187218,240.45751843403292,89.19429669585114,289.03877404297305,239.31332118134145,261.548491727137,173.4656957746887,63.97175298746656,187.99089884911277,113.51261963791751,169.75403309421537,182.03678562195438,209.8744857384665,77.80229216347486,72.81369305843853,462.74218366527487,63.57451082557723,74.6783033837753,148.24226558942973,120.5862813612671,84.98467566402479,169.30261679230657,1,DET vs FullGradCam
21,model_6_m_2_cv1_act,169.1583763492511,160.5003104296373,241.83594230626534,95.08683116460907,286.2641340232152,264.72698174569615,248.753701611338,145.33340540079558,68.20091262486712,162.46218580042918,108.1114892768587,148.24262383028753,177.90389525862412,206.99712458443258,94.17505896347609,101.7136086598209,460.58371820795753,70.48233156663866,72.2455434623286,140.27065626321712,148.8946452295057,63.47816348118693,161.9347271872946,1,DET vs FullGradCam
22,model_6_m_2_cv2_act,175.46218672473168,146.03434330211232,230.57035637913563,93.11717333240637,317.12554048159024,241.16457101615697,246.29393836901926,181.75027677422594,63.30447687476699,165.16103182498756,116.66488183817322,176.40439407585995,190.97301016920608,205.29782570898007,77.60371699957543,87.00302111091744,481.6770337820341,66.08195517233467,88.27862611405791,148.65661956730767,127.69250004739632,63.23436025512899,160.59501488322184,1,DET vs FullGradCam
23,model_6_cv3_act,199.8278026140269,145.204007491663,214.74783210047354,108.87342224418491,275.97551619969283,235.62494400144234,246.24958813901918,186.65132436078122,62.53946372794766,175.7212877054999,109.72608651097661,168.42026564212998,150.58664955555574,211.76116856209723,72.79690761994357,109.28436182947334,485.57528985427376,88.70223715940554,80.40432126011606,150.82149678384343,126.59847817012022,79.07349383261362,158.62699615826853,1,DET vs FullGradCam
24,model_7_act,141.4406073078447,150.3034073684887,191.7572216680992,117.80160034993422,259.22563933179947,217.37023641154974,239.4222040689287,174.48653510804562,52.95099441878748,192.6871187192786,103.66457186356055,160.33590500406643,156.6427423634914,184.70323670614414,76.14344221916353,92.2721035581203,438.98580738105636,89.54457188602755,100.95206399339726,110.0931380834613,106.80036172326035,82.83850796844708,158.59085858818668,1,DET vs FullGradCam
25,model_8_cv1_act,129.13332269017275,146.24299709930963,195.58684239118344,86.81142547994824,258.3099483707627,213.67919451004684,260.1802170805647,175.6518852476724,66.03489020618774,200.9168485411376,103.73101181196313,165.5176120066355,163.9600617552196,139.97025188460054,70.0102720100455,60.906876300790245,447.2946336832632,71.32048306296073,96.67384839960059,122.93853395495017,116.21665235308417,95.70875732675057,145.13275215291858,1,DET vs FullGradCam
26,model_8_cv2_act,144.70224234293693,152.84495312190472,219.2013409466258,154.15335745832033,270.31095237317675,240.59006235151276,283.7925443748038,158.14270904611405,60.093150503882,187.31299409371323,106.03835662058756,204.52495991958278,157.33058473657337,158.21948286230128,75.8902307867279,67.67571117293502,460.2020429552581,64.9715657249926,101.34159953421963,111.53313790267684,128.4125879068704,88.39690534971773,166.7886651456593,1,DET vs FullGradCam
27,model_8_m_0_cv1_act,128.0353588906495,163.22346896852216,149.16825152237354,81.25954428439607,275.03197000210076,236.78199775417085,236.3136275591826,192.34047911495293,61.152215343920666,178.13636859409507,98.51279094440773,137.51884850339252,135.86429996963426,150.8918531149007,70.25168583501647,64.54683215916475,415.8519326735029,66.16105877088796,96.88826069505788,102.2491478653397,123.78930023270416,78.13233366171644,143.63223729073442,1,DET vs FullGradCam
28,model_8_m_0_cv2_act,120.10330650635045,153.91563455625501,217.85570119024922,86.70284001808835,280.5515437713326,238.48158009540225,267.71584954385526,155.80944541889767,51.703951310364644,191.97185608018876,104.4931083094124,200.94366555980776,127.98260646389511,139.61913984039256,66.30559435689723,51.30528379199694,468.25070187980043,63.70178209294372,94.83507048608777,96.61292083896605,115.3545959257385,88.07361553255406,161.71547478514594,1,DET vs FullGradCam
29,model_8_cv3_act,139.91975102525754,132.14480185201677,246.28976983877305,106.13132572092468,271.4590461787015,239.75344405434186,281.65291377909654,158.5994385107693,57.3022973497009,200.88629334353095,98.61724291179996,191.87367333292258,149.38816712961255,149.67630991774837,73.19754800044811,61.442118857254954,462.35530767856164,71.73922433589908,89.47763363667964,108.75179258104271,115.88498169157296,70.90617643559968,186.5178781074838,1,DET vs FullGradCam
30,model_9_cv1_act,139.41967829920782,142.60474381888412,244.55532934432162,105.55519943031337,266.56181029108257,245.18602158801576,276.59029656710504,160.74438271007043,56.58861017509658,208.15420602435444,99.73100773796614,175.30788023237218,144.80027972836723,151.70428473452694,75.48884845387377,63.934616563415815,461.5477488610709,71.37492926404096,90.97714448088126,110.7474617526945,115.5563646552707,72.08444053322495,186.72167292905277,1,DET vs FullGradCam
31,model_9_cv2_act,216.63467348301324,202.53310372936298,274.92933288216466,128.73563976722153,354.85588874259724,320.68676848789914,391.2037536907563,188.46195865653272,152.2817870058778,240.0570582145141,171.54998568905435,227.47710207468077,196.96774225526954,255.21276535723783,75.76750317338141,110.42402328362512,571.416436088102,58.96737260161676,76.80704907816853,171.42926471036708,155.05753379243146,127.39310605943238,216.344077356598,2,DET vs FullGradCam
32,model_10_act,187.1588992646555,200.82311309281167,267.53584200943214,116.82381831887105,364.1629218751724,321.75425283142727,375.4134398732123,175.19364419397692,153.8123272740793,228.5923830600908,172.83097100459602,217.89924279384417,202.97029809142828,230.96540442304928,80.44771276156139,97.61555643903168,554.4571848037041,45.815947373730765,145.2262286514113,193.03019975018972,158.90041077411735,112.10602765413455,202.08255498261354,2,DET vs FullGradCam
33,model_13_cv1_act,210.71826205735474,209.75075830428707,293.14812311224205,118.93405030304655,361.2012565137428,331.1201455147892,386.804656657515,189.0961688678565,150.8452305662007,216.8994775358808,157.90187196239054,219.72566928795857,237.62699817143303,268.24875395490335,89.09641950035856,118.88377570915611,553.3266224722801,58.621407376792966,69.20045229999059,199.53927339641223,164.78383844102683,142.50978308738968,239.2764498812356,2,DET vs FullGradCam
34,model_13_cv2_act,187.56249651322705,151.72501148120438,281.0594641591513,106.53919522766081,345.0646788774295,311.62219287784103,374.6718033657065,200.91442944336376,129.7090827598908,241.13756004251672,171.3898645966762,209.94621120309327,213.49432564416117,252.53831824504178,81.20998401337835,107.28723661721779,539.1645129876183,78.17495380189888,159.16412172745527,210.36434602576082,153.77402424085045,131.54077252818257,215.63076320841463,2,DET vs FullGradCam
35,model_13_m_0_cv1_act,210.45967631438992,206.44098478858712,290.1242511512422,114.23838735024603,360.9725689406956,328.0991312926008,388.4781804956241,203.57466079277154,142.78726991905927,227.7986646187709,154.89007868551275,219.99923172166274,235.05576741284813,263.49751871695617,90.48400494944946,116.0408056428274,546.9101407921983,58.41518310976447,62.14880378532063,212.68206246045048,161.47424275564336,127.26488529813952,233.77839241570675,2,DET vs FullGradCam
36,model_13_m_0_cv2_act,229.1986806380818,207.48186357538896,293.3679654625961,119.67690992481509,353.42151401362287,326.12162472873,376.1664270249777,191.2593538430232,157.47160775484656,232.16458512521058,158.13248395994725,212.54424919991376,222.2242446223436,242.4408356822666,89.76246079404382,130.78151002342818,547.3365509168555,57.94467014421904,91.25049710799459,216.26613427103348,153.77401997346198,151.03926663616699,231.45439469197086,2,DET vs FullGradCam
37,model_13_cv3_act,206.887835299518,196.5193216983754,288.6298532202669,114.74484680660811,354.30210365652374,325.56750370399425,376.2250848214351,189.7376212767796,146.97733637442406,234.40675355486988,157.49590308376915,209.4100038927583,213.14956463706966,257.0541894073745,82.03090651412839,116.89888916260789,545.5645147185908,58.36811430159652,94.91410899602567,216.4611083335449,158.2466521517033,147.89159081516738,230.4730521492655,2,DET vs FullGradCam
38,model_14_act,238.34803846571106,193.087303257327,295.22606059215366,126.00584780805949,368.56960762276583,324.2557948813313,380.2237798119959,199.51111380674993,123.41186106356807,217.81274690637514,170.76507984268432,243.54283296189487,222.74533431673143,245.48066778373905,87.26331536408023,120.33101280640699,547.5857036058084,63.034677334499385,80.26753342419909,214.3307540140555,163.80886928308522,141.94838965757987,235.92735273397162,2,DET vs FullGradCam
39,model_17_cv1_act,253.71340343839339,211.92832071831128,301.0085903308618,120.36366287365612,358.95281275466255,314.6789191690642,382.3055238072642,202.5806260747472,126.80016274889815,214.30878975673528,149.04233689356317,246.29703276466734,253.1177081253645,264.88286265336484,89.19177378726445,113.82081324519001,537.8761063477364,88.43117927624135,70.42350060841551,226.51963184932478,163.96891793685666,120.23662173676288,236.69292475408886,2,DET vs FullGradCam
40,model_17_cv2_act,248.57303725367274,219.972598142677,286.6357896590798,122.59978899898982,356.39921679688564,308.43112807263583,379.75974215832986,190.24030144009208,136.0954013977656,234.57022718975156,145.13801744948728,260.0338850614891,252.52926556691173,272.04534195312493,88.12688733443032,115.83853312141161,539.8752460712604,53.53171308460376,90.88899581574938,204.92470568854446,165.1739791970217,139.17859430007303,233.1674460303022,2,DET vs FullGradCam
41,model_17_m_0_cv1_act,220.48698951615108,211.62490967435636,295.4552280430631,121.66942685791119,366.8383382739587,312.6520869499003,388.9229163573648,194.29441429758316,138.8905658298458,215.88891630177147,152.4175470706288,247.14721428557885,244.59188411626246,257.85274053155644,90.03763976890139,117.93904885181372,543.8350884098988,67.05394379559323,61.91248436550104,209.74180606126276,163.5665555669916,122.965749907516,231.9834068719027,2,DET vs FullGradCam
42,model_17_m_0_cv2_act,242.04134217981127,208.20907792630538,297.344015281028,123.63629045909806,363.75188290664653,336.0058324746439,380.76466180053797,199.0391500722598,132.59791854181495,228.85598327894303,146.31286611470023,258.26673777202797,243.69171514336944,250.457534790361,89.11056935385871,115.83852730401182,542.6717432451661,52.772977559732865,82.26735678527169,216.3528552221963,165.17397968665964,143.76096401888404,235.9643399300645,2,DET vs FullGradCam
43,model_17_cv3_act,213.40260271608926,202.10657306024294,295.7092373163414,122.5687870995184,364.7200326306486,314.8908220845017,385.4713545751546,209.2489104614784,136.45421400566892,230.24631679959037,148.6193504360407,259.76471663322604,247.6005166665006,254.51523110301332,87.78751420374057,115.83852713872977,540.9207939483048,51.904573763259734,85.16992783190913,216.28287073375287,165.17398173211774,150.88507718372057,242.94390515295484,2,DET vs FullGradCam
44,model_1_act,39.69073286904139,32.95028665754425,43.95022393734128,74.02516714227218,68.89839309001204,44.94571410371859,120.08037822592567,69.55057399060948,83.42061784834685,40.87042748547367,50.6689430731231,115.76480989592508,44.815149966629725,74.54244213549404,57.19242927506943,66.59539147635759,103.8318826936115,58.26168346379434,45.98374445876672,32.36054342431708,39.588670695072764,48.49806891816466,42.650947107006004,2,EXP vs ODAM
45,model_2_cv1_act,45.47183416994032,30.951417439110756,45.518932015384635,72.51865550198795,56.20586913034143,46.500214158458924,129.83529009323988,86.7836604143081,85.2068074698596,45.36114298007596,48.295483148429255,116.2289122342822,41.7037407000368,83.4124525332702,60.36664306916916,68.52263291327964,102.44082049438333,59.15693515346125,44.18539607491613,65.29049186092212,45.12552682266183,47.305998321146916,41.0047719001548,2,EXP vs ODAM
46,model_2_cv2_act,81.45090570884426,52.94525734081972,43.19742725371445,94.9955366326855,87.76438033894166,55.00064844158888,120.86853777654301,82.56011136479992,80.58788974559951,60.000628525217316,72.79943507914977,116.173754405974,63.93181729380045,63.99825691239124,62.51270933426171,75.82632159100766,108.37976090974493,57.75201031416988,65.04381263242371,77.48995601622036,45.47734918270599,51.61535500338837,38.13475672546608,2,EXP vs ODAM
47,model_2_m_0_cv1_act,34.951592429180266,34.81463389926589,55.22200851921255,71.62200789734482,60.371206908361074,56.76826732722746,125.62519990011644,79.47380931667402,58.750275902587404,45.08952137967285,58.70888676911031,70.9645345611662,43.84186758448537,85.53171990946575,69.53013962421196,91.31476101091386,109.15670116399917,58.5858901988835,47.96012153078112,37.433808989744236,43.24789746395079,51.137609201561574,46.068021045743016,2,EXP vs ODAM
48,model_2_m_0_cv2_act,43.03996358773476,31.91230745154492,33.75945822184843,57.91863672523711,56.48017795644333,48.022112670774106,124.5436730256617,83.9767840810208,90.80200522940476,42.6323497505561,26.95732144633186,71.88127214394943,46.58185208495364,42.75993686723154,59.74776089876747,60.85735136171124,100.98255723364854,50.420493931635946,45.9709934125584,27.990016902544777,39.01667686542824,48.398138092968146,41.613915188084405,2,EXP vs ODAM
49,model_2_cv3_act,48.569536258678895,37.40179557539287,36.78019658846655,87.2711346477188,71.80953745585605,47.9665375804463,126.7710139296601,87.02118504863815,98.97739711293504,43.11940523219823,30.85093966650495,102.97826186983544,46.711053005684256,87.26026962636045,72.34793700528299,67.80301080272471,110.46355234464266,62.838269220605696,56.74497837608865,67.37274045193517,47.61633518265003,60.42402179783902,43.70444723735993,2,EXP vs ODAM
50,model_3_act,38.85752546876378,82.41594012856572,28.546000504521857,81.94443628658684,80.2874742807958,59.83658199820769,120.02933428883074,93.52451346652586,48.32995814012742,64.4211323813778,49.59199538746617,64.76240439123154,58.49433588758176,93.19394267729903,87.4955398068762,91.96664591821082,110.88411677354408,51.546638975136545,48.897400421896194,86.50609591499716,46.74614470726721,63.998560550559624,55.54486961626143,2,EXP vs ODAM
51,model_4_cv1_act,36.405768426836914,31.01943569958984,25.67976115730803,84.2230957136747,51.84319087888839,53.89291534280083,122.02022716895709,64.77465307230702,59.1978627446256,37.56483627480651,23.311031534540298,104.48144498032615,55.373178887372774,76.2798887138722,76.33682987514702,90.21597972352774,110.49906658202747,65.6841652353759,46.92709419162086,31.578554534056785,47.16533205019232,79.66824602273508,49.9991751749437,2,EXP vs ODAM
52,model_4_cv2_act,66.23089821508715,43.388854584561756,27.92346344535621,104.39864861729563,94.53434152400251,66.69260592671516,124.8168166918824,93.07839494797327,96.90365952424867,61.75933669393362,46.03949118973061,54.35413156989368,74.53431128485991,91.79772736841741,74.2752395958734,81.54430524537847,119.36155778536855,54.5770596899216,47.568206376850945,35.70696515258288,51.911577921225216,68.5056888799899,44.6018199767108,2,EXP vs ODAM
53,model_4_m_0_cv1_act,40.97097332704914,44.1846300128889,45.52492058687116,67.99246763832004,61.340236280890366,55.06138455550486,122.4390001658796,78.00554248404258,49.06163941309711,53.90788036711796,48.89808788784704,87.33282742839825,53.58127681935298,64.47364215929956,86.56626550086142,65.42487615216632,109.51921048611291,61.424535791827466,43.01424406832794,67.430701543841,34.030049677542266,64.9892849881283,42.02181032439461,2,EXP vs ODAM
54,model_4_m_0_cv2_act,32.02471839526752,37.728192932018686,44.64931810680913,72.06724612644483,93.29528149128153,49.424950682457634,121.17362563521087,87.13244559540288,94.84759534846404,38.35838959075821,68.54796217641402,95.16520603299557,58.329585683127846,65.97805065790479,82.7095521142374,60.81191150960642,98.38360114770575,39.71692505139052,54.704718103771,34.202101058816396,32.33707146288191,50.79395400873744,35.71405032636738,2,EXP vs ODAM
55,model_4_m_1_cv1_act,26.89454954181125,47.22411600706171,34.051793908423015,54.01710628118713,86.37678616378119,42.6547597864017,118.0038540754351,66.67861579104195,53.052059855074255,23.579946717613083,52.822374016181534,85.5322460693043,74.99320034284774,36.715328982191025,53.61234049354628,64.1680325113087,103.93097806743381,57.26467351163389,41.54408192723835,40.6403223091643,28.213091546288954,38.84250707727158,51.739869059556526,2,EXP vs ODAM
56,model_4_m_1_cv2_act,37.06556166758818,41.03236795458513,37.85777560992152,72.44066254636647,77.55966488244752,38.84357570593524,113.2011459019439,51.63374860607947,47.65361478873258,29.841939361294266,54.24531849499884,54.69941330496904,102.7716242354516,60.622662125919526,57.482096937184366,70.56014664780939,103.63844149136838,48.63543139839136,39.76173794966954,49.9406764464965,32.45610776229356,32.45919850122106,50.90268018586396,2,EXP vs ODAM
57,model_4_cv3_act,66.96861238024027,35.50520313535664,43.94317350126745,89.27803339734251,57.06616881754199,55.19012308290954,108.518605481072,80.15047396827273,55.45195052277637,39.86664957869749,45.86375846694989,67.13510921940541,58.042317066065735,87.52083714509314,95.00972739104303,71.3563371595944,107.20139734196921,48.58756407248195,50.6901318163266,48.914340385009865,52.50943183783207,58.05821217912663,57.286947635776215,2,EXP vs ODAM
58,model_5_act,64.52210656385462,62.51556772982238,48.333368767180204,119.9026589332274,52.91232692084105,65.17833451396383,114.23050077797818,96.45941663535058,70.1911455297998,57.05911427753742,67.9655318547772,48.16237924763058,49.56507089701984,97.83492579679098,96.36270960846537,90.31496410954315,111.88460227296531,50.98836472982326,85.64817286601306,43.769046678738206,66.54423405154763,105.08502415325141,59.24078288499132,2,EXP vs ODAM
59,model_6_cv1_act,33.62566910739778,26.787246512810096,37.28426726692247,110.91229355897235,65.46464220089922,67.09700919225065,129.1687464678126,77.1373767492818,52.824352688358054,61.94013101575797,46.70366566563605,60.13227052292342,56.91039778889625,81.56962950041998,84.4020417942155,100.45296362140002,102.95518759947959,61.61242741983174,56.16821088564726,70.09112591087657,68.28019289898339,96.83491751818778,52.3841089435259,2,EXP vs ODAM
60,model_6_cv2_act,87.85966794987388,57.405203686473754,61.119708588537144,123.96984788608911,88.01496700539089,82.92921703968435,135.19549484011844,107.32052341346598,102.03300724066976,59.69788438904381,101.04240173598052,67.66081418646816,54.066301738474735,98.38655937405784,97.32194918916858,126.36205429290729,120.60133613869952,61.02364084397321,93.36893165326669,63.1449011396912,52.82485197526316,106.17995897758205,83.66647462094096,2,EXP vs ODAM
61,model_6_m_0_cv1_act,54.333677584040046,64.93300022215024,43.62039239541447,106.27445678789613,74.42635875482526,63.155188383085004,136.0658655845996,81.09467362794265,57.05570621146372,76.11020738020237,65.51496468649106,132.89430181764732,67.49172184680874,90.81900282442231,88.96158261397173,108.73027172926336,126.03660818046745,72.63856121763493,63.909684226646846,88.81657539443805,60.62262564829402,101.15807518934402,76.51229273868033,2,EXP vs ODAM
62,model_6_m_0_cv2_act,34.055607102713374,25.793006375918715,29.245830451337238,99.78345787763692,77.46583939716103,55.63087187292972,129.42978399523975,128.7764030788381,83.58033301219322,71.57130450732632,41.243294476132164,64.2408873541866,53.93087120805659,84.44530423737555,63.01182285933943,93.54831133999278,101.00765325390233,58.07735181585369,59.987687796519495,32.57032022569266,66.73472759258998,85.7411191432848,40.45022749649629,2,EXP vs ODAM
63,model_6_m_1_cv1_act,52.8142614056197,37.905617745531146,46.6793291445408,111.67829874873226,86.94131598195534,50.41438180834683,137.85204082618316,110.35546079029953,104.23328642007633,51.29067789079808,72.52516360610028,65.19636909388927,55.7680346095799,89.36200624456075,72.74258543385982,98.62451644554122,133.18870579759636,42.383499590609105,67.58704191785883,71.16062839987323,59.75985173191128,80.23042316304966,42.94704015162921,2,EXP vs ODAM
64,model_6_m_1_cv2_act,63.14941661098598,29.99718309825741,35.83187843290552,104.02028104186334,58.1243195856985,47.710396903326654,121.79408521627744,91.1226746679979,85.91107733764603,47.02241709058271,48.01859346835202,73.90464893021203,49.176318967954636,87.86832193755362,76.81870131690043,89.37728048289657,114.0239919339919,70.27477875179991,49.13881622840346,59.87030698427952,77.57648305543005,80.74635652140134,41.40806805856076,2,EXP vs ODAM
65,model_6_m_2_cv1_act,54.002956620103575,36.03375907313373,43.671969426991325,91.35823666823475,89.55632903405129,83.40261151407347,148.23701186053546,77.42419873472701,50.84528465988609,81.51509806295019,88.59609507769335,108.81688806315873,65.92858614372574,99.37697803839382,108.35237349492868,88.90151520590123,119.07409260594704,62.05609023465509,50.229588975759484,77.46416451223293,77.30046875446587,63.47474629226206,48.516166694533666,2,EXP vs ODAM
66,model_6_m_2_cv2_act,48.32914226173288,33.942338284660856,28.04808555441917,101.98745612129584,58.540242699367084,66.44737624155943,137.322941946615,117.00231829169526,74.0458182161563,57.831902094581224,36.07920927478395,69.60517010628038,44.433384910889664,100.07590335334746,80.90637649466237,98.90160816842123,104.12655431782647,42.753599585113136,41.12631937369261,57.55748159433218,77.79174696781939,59.831445765477014,50.62853363029418,2,EXP vs ODAM
67,model_6_cv3_act,47.70732763199398,67.352969129645,43.375072222309555,119.80302332759325,82.31147047450659,72.65197936650866,121.75425618379563,112.03588291126016,90.17196997978115,67.12334940117037,101.85828388114841,68.21521436697745,77.72101406962588,95.7120452667304,66.5471544064668,126.58069815315105,113.18811707839927,75.75703058235106,51.951523582761524,39.43264436316804,69.14423045183638,89.96207867757678,85.14865253038789,2,EXP vs ODAM
68,model_7_act,95.92929997404897,55.71200408491666,79.84884524298782,133.1814676727619,78.0820839159467,97.97646034614732,129.42288465025854,115.76111599639856,121.6670805875496,100.52969797850714,94.68860851479005,84.8128219889133,55.30016024721026,110.80620972133508,72.352222594215,91.90106947011226,126.4059012591887,109.42025584489532,105.17755752381038,109.64849667249716,69.65109807179228,98.8485249475348,121.70977768912852,2,EXP vs ODAM
69,model_8_cv1_act,103.44606188317992,62.065592353657514,94.00703938573594,94.89339173712287,79.54869446549637,107.59041228254573,131.27589118278001,130.43369443627788,138.57103760232974,81.1483935039222,92.73189151458304,96.95081431815876,76.03759544380952,125.66492350496326,82.06777797094404,100.1712201985726,126.16890940002082,76.99728788468705,72.95817779071851,82.59501691036274,62.63549604975209,86.54467977102924,133.54156625148596,2,EXP vs ODAM
70,model_8_cv2_act,85.94902647438529,55.18452444384522,59.54948599176656,128.4569891057414,74.92505560187537,74.25493067794837,130.01131393088022,108.67178303772275,118.15117558689579,72.24593123496416,116.98297542732314,67.35977085254706,67.7971882582265,98.18609318768921,67.49570498664698,89.56833778851853,147.05497949736645,83.54264379661325,92.56706063026104,114.51483209836667,75.91281023718278,133.3797042537311,57.667597100900224,2,EXP vs ODAM
71,model_8_m_0_cv1_act,105.85306249896693,58.14036221541366,105.86956868574423,115.79470101496125,73.36325394700647,89.41775115923616,135.13150845508696,112.83231951449677,124.40802127962932,80.42646400294046,97.04345654776046,123.50006880158628,100.20435334859951,122.73674424616337,71.18679437962291,119.76266595397216,119.91296605416613,83.47952016202694,81.43483495528835,102.6662516129889,87.38907705916401,96.25371778766723,130.0106921162241,2,EXP vs ODAM
72,model_8_m_0_cv2_act,111.80417001766503,79.78103086311052,78.88179707894645,67.50654341292542,72.12050594033397,67.12972090099359,132.4626628310193,90.84676710845537,80.01479720364019,54.22692761309337,84.11106618957166,83.0013854173574,111.76696682654882,100.71864699293604,86.3527742626423,124.97166535306286,147.5282685935257,90.20628875348864,78.19885348280272,132.76328755009067,77.14324019340155,99.14329924220802,83.1798249286414,2,EXP vs ODAM
73,model_8_cv3_act,90.46155163478389,107.01783526196854,64.26608640911692,83.75756673933708,83.38452554503314,80.6771323482221,118.96477865912209,99.8720438972147,101.27268574479513,78.03733599925796,85.02517376022426,83.67700148558595,83.90199648706988,113.59731234946071,74.25277363097267,92.71195839893406,143.0596165389852,93.65715282829045,59.50916177178567,115.87552116689837,48.48160367818299,81.2588906370111,64.49364645732156,2,EXP vs ODAM
74,model_9_cv1_act,93.51402717014932,86.22880741230796,65.36314601298872,81.92720884436787,94.34541252977425,82.37818467448781,121.78409927327573,110.49799360024085,107.84913311683503,77.57051724848716,99.54187499308989,96.46173218027678,88.56187428410065,108.1235316365445,73.08552397114033,109.15530297236924,141.2893359414947,103.46942952620059,59.29162935125944,110.65580271785021,52.76790706357974,80.495821195592,74.39710887572691,2,EXP vs ODAM
75,model_9_cv2_act,66.67223988238541,54.730607717009235,44.2979320704663,9.390428538063748,81.23572477044658,81.46157360306177,179.45886838157026,26.79078749683007,24.15430650716257,55.81031368920351,61.42116979750418,37.671950329281984,41.74166737958069,44.651298342110884,39.929704654506224,25.031232851965626,137.614903800976,60.70488613317334,71.79844713311695,80.70255237127974,37.2999513471115,31.578381907775324,91.89190458471025,1,EXP vs ODAM
76,model_10_act,51.81840549629155,43.14766997678819,49.13592409404103,15.761352063514867,66.85680904060341,82.44576614519869,174.12088687582434,29.233401647982536,28.079169405117142,88.35955003928547,54.60559695585433,42.7117499627435,50.21537887303539,50.06145357739665,46.150739637969934,21.863312607051352,134.03160150413112,57.51064470627604,82.49181698797256,94.7459948976637,44.00396428196699,22.82430616692325,80.8312972542501,1,EXP vs ODAM
77,model_13_cv1_act,44.800151269387186,43.54808760613524,26.367329119992846,31.74535327985391,61.45835373033582,72.43471483441503,171.0805831465117,20.002280512452742,20.05033537353635,38.27183434066966,38.691033120973906,34.01844635484235,28.218581230362993,30.96799027477472,30.551253904435132,9.441955522736304,129.67136424224626,45.094531865037425,55.7926689428994,33.26816462074768,32.7525809832585,25.009039443934846,63.314162285578576,1,EXP vs ODAM
78,model_13_cv2_act,45.73899305382791,64.56360664258762,31.023985765763314,28.167017004316023,61.99905971683769,70.58658369714462,166.94456532811802,25.789035261160308,20.39715409501984,51.15481075808634,68.07323771695144,39.855028240893496,48.49328941698744,29.910310814684184,37.50963862735926,29.487700041383327,124.65868224878547,39.41858484119155,71.66845412873258,48.28691573862888,40.190897448334205,27.658214892714106,60.80736421200093,1,EXP vs ODAM
79,model_13_m_0_cv1_act,38.3730693238777,36.12053868253422,33.245813616339746,22.67600232667023,59.86805548928453,70.72229348713734,172.35211417861706,19.156545620562568,12.606143227308905,44.59969078933031,44.49019838483769,43.06126874521074,35.252340009955674,27.371326461794116,28.43202166705882,11.739720431132078,127.19603747021355,45.44608897582648,52.53611458806586,50.446972870002284,35.45823161552655,13.35825697673849,60.14726817631784,1,EXP vs ODAM
80,model_13_m_0_cv2_act,43.789923846045184,47.85987919416282,33.40692021907036,7.97325454047342,60.556257915872024,68.73547612688795,162.77057644964935,21.107375385821317,21.851487902841395,44.140806393779506,42.43589855740342,41.92428914853974,50.70936520179668,23.69804137735496,28.183471097075746,20.672250847074597,126.08257445563808,48.029850694768534,65.64662654527392,44.23741367380424,40.19089626688299,32.198282032516374,57.223185466975,1,EXP vs ODAM
81,model_13_cv3_act,28.535205980240722,48.9530430778831,31.953566493594845,28.261377695495327,60.562352060222906,74.00822384481046,163.63974012912917,22.23745344073099,21.331776087611235,38.48263080166994,45.83742003963341,45.59901293582479,43.72630473552762,30.106933017126423,36.41600861529771,17.191058922008025,125.65815440639668,42.80843373831648,80.96717515921678,45.11704886282742,33.296786855588266,40.038997577639314,60.69894222574425,1,EXP vs ODAM
82,model_14_act,36.44147362519806,46.37253224458422,34.476050677956906,8.946546851587671,61.24562818210403,71.58884955159779,166.20030261461187,16.11369712248673,8.84187149441927,38.81475283924677,60.25035568091364,61.44180524990618,52.222153825821636,23.950092643744732,29.9451869637169,15.71899454179572,126.33600546097091,33.91792788726922,63.477707811028694,48.86830299958977,33.13468048404305,25.43425322624082,63.45815914602204,1,EXP vs ODAM
83,model_17_cv1_act,44.82106640264859,36.06177729307017,38.758568435170076,6.68774298518105,59.66773006431394,65.15509321748829,166.58794804270815,17.79341516540989,13.264778503106779,39.52108246747957,43.605015731350505,39.57704314286096,30.4970891791298,32.80083393012853,31.5633320117107,17.80928349903232,124.20866646158746,44.54664135588233,50.74374973737304,50.11647204077172,33.16182709181207,15.232186257519757,60.05769740536282,1,EXP vs ODAM
84,model_17_cv2_act,42.30861933496457,48.84505794761663,29.26563111841206,6.5536101822600035,60.15117039243927,66.83827552656939,166.0135717183594,23.400369941509283,10.327867471157493,39.71080641683878,41.80448397167585,52.161770756915445,28.63162062469965,33.38516577497806,31.699342727903577,21.354849153342236,127.14597482942246,39.462330890551584,61.403809793958914,26.697389389992537,34.74597630514144,26.509249968564724,59.48525211095976,1,EXP vs ODAM
85,model_17_m_0_cv1_act,27.879504717472123,45.79843223499113,36.27037126874655,5.297243600837426,60.27168236072272,63.64205138375062,171.51533119496474,20.51381937476081,13.814076899651917,40.382349613867866,42.13337757485705,37.31137724507305,27.545085111471025,36.907534196674554,30.152183099384366,17.934099139828824,125.34835060224319,29.851881190874124,56.692172941276844,35.548742998111344,33.34185125658185,13.40888308670067,51.81523398235605,1,EXP vs ODAM
86,model_17_m_0_cv2_act,46.457892494773105,49.05381068823641,37.85562217714427,5.104017359376322,60.85347445855578,83.26367491242782,165.74102856830535,20.54439222001015,11.790878452151066,44.79871394565697,43.924973980221694,58.15497800274322,25.79903694468198,22.424024787602825,31.31311009970274,21.354849152395744,125.33177621229112,38.46197773248983,61.74984483670407,45.43879305924479,34.74597647389592,25.128682656027983,65.49065449974745,1,EXP vs ODAM
87,model_17_cv3_act,34.56734942004116,34.40614807922153,34.45805810098997,5.250183498028992,60.05310032303507,65.46241344972819,169.21225812522482,15.22696297946707,6.807395366262002,46.30606882644182,40.06457035882867,57.72515173513244,27.258345318017298,24.361827802448147,35.86131043040466,21.354849124132016,124.95882520277097,38.12008257436779,63.179826762458234,44.07756682918489,34.74597682561489,32.67954451093037,64.41057175576518,1,EXP vs ODAM
