,Layer,54,1319,68,629,1178,67,843,1112,241,344,740,1065,1252,1236,833,180,222,1114,342,804,1232,74,822,1099,141,940,867,117,293,859,447,559,1353,362,610,329,133,715,930,431,668,33,407,126,1090,188,514,914,269,942,478,1365,698,452,1211,36,273,381,441,1149,401,670,1031,600,30,437,245,3,1043,113,1047,1331,1026,1278,183,274,852,727,980,1109,758,617,1145,178,1226,1223,376,896,856,987,87,764,941,1209,976,842,503,171,611,100,209,692,388,570,327,1183,585,66,699,Cluster
0,backbone.res2.0.conv1,0.3399372350803028,0.8334147958330174,0.632197775727763,0.6909744064551434,0.7944302122267234,0.7871091519760894,0.8821579382430265,0.8755234332966988,0.6359003773899148,0.3232918300302283,0.862066395812397,0.9253232271956724,0.6890754832688205,0.630711729911512,0.6311427285711727,0.6265743123989967,0.8957263566693685,0.8222497140867302,0.6681294137096287,0.6911156664515073,0.6307520249244186,0.8048779344077927,0.5365688755617608,0.780905126856344,0.7377171829927824,0.876073881110748,0.909779412990532,0.737680912405514,0.3583734607606641,0.33870382683665656,0.6873013941447131,0.5556187645413909,0.5393520603436522,0.5342118643328185,0.8338933223786088,0.32686995263122665,0.6018358057865095,0.863972224000165,0.8919295443844906,0.7813468282496171,0.3328434301719601,0.6723283669628283,0.6763838050970339,0.5990167621737592,0.2009844487881903,0.4358934849641002,0.6533193167921848,0.48088280417987583,0.5074079687999246,0.5728671178934769,0.5359537252534738,0.7594141934866226,0.537533285029287,0.7571271909793564,0.763034790195341,0.6667801682551869,0.8770812561883867,0.45701676969928834,0.7548979480364553,0.7241675074250382,0.6601993649394851,0.3244176141908183,0.5899608705168393,0.16580450656310808,0.8624564894362572,0.8127677738014015,0.43902474280163184,0.8312740584408204,0.4217869207065585,0.541386478034414,0.9263652695447558,0.2858638120043966,0.8944268654921926,0.7508088400703536,0.7068473111866339,0.5510423178349436,0.749595510621822,0.752001811721813,0.8086327079745025,0.7610598541216043,0.7266397756372441,0.2976553365016193,0.7946654121029848,0.5689146227715411,0.6746312714153293,0.8085833249276979,0.7288847516422625,0.6964201445377004,0.7079533373590843,0.45972004340270095,0.791655191009079,0.8157445994227102,0.2737837459724249,0.6235106110410521,0.30174283538408625,0.7618870554401344,0.9004694343896962,0.6658776529967878,0.8699029364472538,0.6225073510586175,0.6914125306271878,0.2983070102702282,0.427632286508986,0.7366652493119723,0.7361802759951347,0.8566331043118705,0.7098659808311123,0.32750016903544393,0.8009604509875043,1
1,backbone.res2.0.conv2,0.40478250498978985,0.8162287852574682,0.38143191298789136,0.6557924317007815,0.8103456897731774,0.749861270657402,0.8608169535676089,0.9047185765172279,0.6127160563598939,0.49998090914761817,0.8616426617894395,0.9135460456351757,0.7024149814017426,0.7182257892082634,0.7791390205443095,0.6671610853185821,0.8348231910618934,0.8261894014765592,0.6801611805672665,0.7600707584802465,0.6659170511030027,0.8297816829680711,0.5046110037136838,0.8203974895449414,0.6254119737117332,0.9220720654353171,0.9806217398334459,0.7468357670467153,0.547798696737513,0.38570938343532873,0.7484117286870269,0.6265510865243568,0.49109197204694705,0.49367384141143467,0.842569130259578,0.4245454198167059,0.6665416255641462,0.7788101707848191,0.9337015013115421,0.7896336750822764,0.774647575055491,0.7256002432617317,0.7384851564436046,0.5825510838321925,0.23323819442324042,0.40197977146490044,0.7099384722507815,0.3785749619388737,0.4889467156958497,0.6307961724197506,0.5955373824806428,0.9021009549357116,0.49299891119356665,0.7219384015261536,0.7667084530164093,0.6593866080591938,0.8651232789974036,0.4227896434899755,0.7833143770729419,0.7344784222496309,0.7329840293596748,0.38003726663986503,0.6167287043076247,0.2169227318673119,0.8595020003633691,0.826103060385458,0.48064754769503226,0.9285631574386797,0.5154343407798331,0.6675844972272129,0.9551500618000793,0.29655759951083066,0.9083380758493619,0.6709391862061972,0.6972223934914915,0.5420499120285888,0.7169805139427561,0.791943378929584,0.8446625676239854,0.7823108414605762,0.7229226709320532,0.2995014782944342,0.8152423263187573,0.5612416491069065,0.6837026402381566,0.888666433982973,0.6711112641676674,0.698683398388343,0.724500897789245,0.5089406813513715,0.8062668947643239,0.8419709877228626,0.3634621136345015,0.7901538530352925,0.3184772497647478,0.7649679146507983,0.8417902974508421,0.41123966226026154,0.9455297333902783,0.6616128073929644,0.6775954831711409,0.33551431071351095,0.6104769960801736,0.744837082945934,0.7420703610239923,0.7614165241212664,0.7443044281271499,0.26198401839080343,0.7964626180446582,1
2,backbone.res2.0.conv3,0.3941921446245675,0.8343702859263066,0.42393324276409344,0.7484451862655667,0.8241917717911519,0.8443578536540074,0.9073665953214053,0.9091360788057045,0.48731760259245616,0.4915121663760701,0.8380959634543642,0.8795804933003505,0.6850649225420286,0.6481557809185625,0.6986538225943051,0.6979652697557369,0.8610958617591913,0.8871725873391196,0.7183877999524391,0.7350512304759157,0.6663058198135619,0.8452365648491195,0.4806105440929941,0.8492253703742704,0.5365189183464966,0.9345593988442071,0.908897138924972,0.7053360143153228,0.39039639199081294,0.45323512809718913,0.7570833815464806,0.6533729215478684,0.5096872491483068,0.5033337249012982,0.8662958691143027,0.4023287632740626,0.6326481293920956,0.8666159037041452,0.9198128363354277,0.6821675580266695,0.7984692147633917,0.6913590329377157,0.6601767635736323,0.694834155600719,0.257919429727988,0.2572310051444974,0.6890264111956264,0.4948363371433279,0.5405419833666222,0.614780438401445,0.682362649901342,0.9147163659180575,0.5345465916145831,0.8671646890029892,0.7687128107951823,0.7054950171622699,0.8706935578663253,0.5713430423817079,0.7020149543671221,0.7737673291700631,0.6005747352523123,0.4402062368616418,0.5561649431456877,0.13490632002242986,0.9546138540586921,0.831053925792745,0.6691604139548858,0.8874864034565263,0.48632184136211315,0.6075784568262369,0.9709154504537053,0.3663348831278603,0.7780323365111405,0.6360922107809146,0.6984579050332008,0.536185874628267,0.7557663120702017,0.8205572337541358,0.8714897585115953,0.7819583644289981,0.6854254246285176,0.29648585591230897,0.8063449611081233,0.5759202881357149,0.7268053559323838,0.9578174050750119,0.7409303417089423,0.647022489718978,0.7594028029424962,0.46976353598192694,0.8657788788887478,0.8878087872872648,0.3446159547044708,0.773586986791801,0.3178233328303113,0.7229204666127195,0.9107404481036727,0.6467340773850054,0.8468943735267156,0.6591388635279637,0.6709538039851533,0.2207859065759169,0.6690521066516016,0.7032734894813709,0.7529068106390807,0.7553010105346305,0.7281140645287941,0.4014336578109143,0.8380597787472395,1
3,backbone.res2.1.conv1,0.3198093359005908,0.8516982895868466,0.4838074337803851,0.642743099236019,0.7805307396518466,0.8089950562590462,0.8992023634767478,0.9145647092889715,0.4881305328091805,0.5491082292991121,0.8309385756011799,0.9559424075514752,0.6890788025288185,0.6539683054579368,0.6831673977941282,0.6368687049885079,0.8212375125824593,0.8755062833464411,0.6613403593246214,0.7926282415700651,0.6684662101913492,0.8704384379870879,0.48843950935609837,0.8637990209614069,0.48640998062508156,0.9202038228356209,0.8634066672481558,0.7565234505776234,0.331318025564971,0.48005701730970834,0.7536098959140112,0.6588304466656191,0.5507740280834077,0.6215370948582297,0.8597200218809435,0.397021459777899,0.5130915863296476,0.8679066102169163,0.946010010846616,0.6849836414516809,0.3457192576100745,0.697982315149386,0.7490346142304743,0.762149199736456,0.25108812131843833,0.487829360413817,0.6623839171764642,0.48580237249074765,0.4677202939599164,0.5203807509681054,0.7084906086222859,0.9034756126665748,0.5366636138703803,0.8884694310983486,0.702409902324135,0.69611113632417,0.9073828538280473,0.5753685595637495,0.7317861046309478,0.774488060384042,0.5509867178370549,0.4606436257057914,0.596182424023672,0.16862225951129853,0.9438375584693053,0.8478846741261491,0.7400068817283564,0.9332893735400963,0.5547043804389271,0.5931012447418819,0.9439426743166969,0.31728202053656435,0.8932755041218821,0.6326528342397283,0.6848256647113203,0.5480892591449856,0.7418882070228279,0.8016293488809604,0.8721809598625081,0.7905129447326464,0.7001334813051532,0.3057638335456575,0.6136535491121317,0.5300897932681695,0.7255601871107442,0.8133487997847513,0.7829470451937895,0.8049258745567227,0.7714760815141741,0.49597198054020997,0.8167896276418882,0.8893382678858874,0.39836835499986767,0.8027005207737044,0.33981351861294923,0.7817627489796518,0.8417849548357474,0.6705934908697356,0.8530146451728046,0.6766234355179066,0.6949561259436987,0.2959941353311605,0.5512420260482116,0.7123940693306646,0.7320559209474782,0.8262310235162299,0.7237746676515598,0.3499575673178534,0.7270839236401441,1
4,backbone.res2.1.conv2,0.36760077857239776,0.8343341443504034,0.34593970623152354,0.6405001822539022,0.8213743209327912,0.8286376807617198,0.9053630856738748,0.9240544502787834,0.5062303951444622,0.5039617067797616,0.8191308017609249,0.961430241698086,0.6986810692501583,0.6526187655855419,0.6712119182968226,0.42292796124473436,0.8735032863886086,0.8184310100107323,0.6813599461452552,0.7506383528743129,0.7151484516852019,0.8624666211729767,0.5697231203064871,0.8884918968228963,0.48284467954802424,0.8547822711007734,0.9473522084830684,0.7567424614495317,0.5395695141136896,0.4517470389158688,0.7504612316700726,0.5835756539016523,0.518737458454104,0.5311858155087734,0.8804461317176847,0.41424175800919155,0.7187269142707754,0.8736772297850945,0.9301412503978351,0.7144832720377808,0.7659663376907382,0.6782672623303149,0.7502353939525674,0.5822007309547849,0.24527101334169207,0.3814956682803884,0.7073469018025382,0.4116316723689428,0.43239842461703515,0.5101847395914587,0.7302323680078376,0.912706896275582,0.5319627821244993,0.8919006519777438,0.754399829967189,0.6481389096000643,0.9166059251226205,0.5800601453899491,0.8031086951958416,0.7682166553388614,0.534896289144729,0.4605290697027593,0.6184512209967415,0.18004095310680263,0.9699370546547718,0.8620933787075891,0.6962784593356652,0.9245263731561721,0.5524888885353104,0.5422985958296386,0.9624466517377164,0.39226245443550467,0.905547750813478,0.62916721135769,0.7004970498820702,0.5732021517267565,0.7652541027593224,0.8148477784771617,0.8624793934298358,0.7237973546363722,0.736361650517767,0.2947703957867984,0.6485814913209693,0.5718941138909409,0.7007702045067451,0.9470659163547425,0.7528862938159414,0.6765351999130289,0.7706742808013127,0.47067804709511507,0.8221012068380303,0.8712033240594318,0.2925836904607468,0.8279258485801513,0.3328561735075475,0.714914797334401,0.8965134319648637,0.6679308071438571,0.8986811842510446,0.6722443391929172,0.6545660721153045,0.23320013061315353,0.6304077068597249,0.6707093826639906,0.708814827292525,0.8849677401328476,0.6496760453181113,0.3922002127961978,0.7821821895390485,1
5,backbone.res2.1.conv3,0.3680718175328948,0.8120523346082197,0.39500068387177323,0.6417745079254111,0.7303333586502616,0.8265040535669671,0.921371603168894,0.8353973757039646,0.48331581384641503,0.5437446369984178,0.7862102369511785,0.9672465647009841,0.669411039996956,0.651666482295367,0.8527273324876626,0.6823460475464768,0.7647840243556582,0.8968268878737737,0.7517987295651983,0.710858163009397,0.6604192521920967,0.7498592935396935,0.5084201586047796,0.7881089059065469,0.6491608712440412,0.8869956797451455,0.8845754964865674,0.7626539999303881,0.5662631549209276,0.4664425925384306,0.7523182594353752,0.6228812316272215,0.575337805661122,0.5175878097489066,0.7620801494961831,0.39373607162535507,0.6048212572741004,0.8580604529654493,0.9647781158636091,0.6981308937312433,0.5965296830052375,0.6474245469173798,0.7771251232335561,0.6304513384691707,0.25421591434929397,0.4153872945437889,0.6899898888781343,0.4388701123356605,0.5127530676492884,0.5514141225192083,0.6553360638465459,0.7242040066309025,0.5401011941108342,0.8309220479351143,0.7369158735675724,0.7035422474417788,0.8127730309992165,0.561975164288343,0.6697283496867253,0.7825495612311415,0.7911133039110902,0.46600573330209255,0.6010402568222449,0.1338816867035472,0.9720644004285989,0.8168888988625516,0.7651787801037839,0.9363106070827688,0.5727219858271938,0.6186276557437311,0.9651214858762379,0.41006237376025795,0.7793074375308529,0.5499625000678176,0.6893668147714692,0.3894184578601705,0.7179224308666311,0.7539922825340929,0.8346573557551592,0.6003566560362418,0.6534892480613452,0.26197010369981666,0.7815209569906252,0.5220727537479211,0.732299913098182,0.9566339413879131,0.8021168147703543,0.7559569519724898,0.764722767385361,0.4848235104086008,0.8953578822773159,0.8463649345433373,0.3388422288172437,0.7750818243263577,0.38183396375458273,0.6238140377926711,0.8717509356896099,0.6581273201465356,0.8112337278285252,0.6512657658885809,0.6483601943023272,0.28227157792925056,0.5037360618176907,0.6750643648742424,0.7794855845024784,0.8285806296937833,0.6477918918865039,0.39072185535271825,0.6431249328354416,1
6,backbone.res2.2.conv1,0.38271173194024566,0.8122143292744721,0.5665585833583403,0.690797211851832,0.5953948611684209,0.7824699235437783,0.8983460223216084,0.923697711273878,0.47083223247748335,0.535948379346929,0.8039263297025735,0.7884388741429309,0.6771146978830067,0.6400442850693621,0.7897924371140028,0.7215972806097295,0.8504777408059316,0.8220602713435158,0.682333703960717,0.7411110356785591,0.6636207504019921,0.6909573729504314,0.5681028724226143,0.8892899191030558,0.7685943313587056,0.9002040631473773,0.8446728165831955,0.7222158180172479,0.39097979670796107,0.4868285987636277,0.7361328540697356,0.642748589779202,0.4969131790338982,0.508758712723942,0.8971289810915914,0.40906656257971413,0.6594933114403599,0.7265911389616054,0.9590241102186309,0.6282845301475422,0.7566268755296367,0.6677787639015258,0.7029135318741021,0.7622371946837226,0.24057894721585923,0.44229195812156263,0.6632785505587799,0.3971373286431798,0.5441792034441666,0.5897809442797857,0.7122215470145242,0.8686475273432545,0.5595322006443374,0.8612001290517921,0.7081097555074,0.6810804090896695,0.755905937273199,0.5390956311172884,0.7386074870883439,0.7957093348365948,0.7816311512331754,0.4866309655300997,0.6278210976444933,0.19346620441040538,0.9715462720130049,0.790675671455144,0.7102435054812196,0.8267148167614065,0.5385942069974416,0.6537153197150238,0.9349206338680834,0.42485633396944195,0.8439482010946125,0.5990754973176377,0.6543898128387835,0.5749641309303991,0.7154432300486878,0.8139046878945697,0.8566898190021945,0.7841707602662515,0.7101135261950268,0.28195425900902366,0.8313078578719859,0.5824433577794356,0.7062113463431154,0.8996369529416546,0.8060908584994116,0.6559210751704172,0.7896167273878698,0.4683413931338989,0.8740926468434453,0.8069550129408658,0.31701570925966027,0.8378497371883885,0.4199561261760956,0.7603958015290072,0.8899375302278498,0.5108002628969984,0.832908942158251,0.48429099609440673,0.6792813331661641,0.29664735980618745,0.7389929679975756,0.6528029777881305,0.7811745297371064,0.8265792432230445,0.6598682801873871,0.3903816607711418,0.7692187467251607,1
7,backbone.res2.2.conv2,0.3958991703633791,0.5996240865256419,0.35964351162725566,0.6291597741064293,0.6703587920854548,0.7155867091008561,0.9022012983176086,0.8943860681927575,0.6345740605839272,0.5306473331934071,0.7721654986168499,0.7724566064227137,0.6220784572683213,0.6109746097811164,0.7555260230184686,0.6736812558199572,0.6600232380692534,0.9075393473356169,0.5663888393378175,0.67086048481283,0.618836563423674,0.5663002402925752,0.5021009972378907,0.8824309566204094,0.7381191153971114,0.924122129797869,0.9447089343197238,0.6749933605771247,0.5426418899359401,0.3861664622855174,0.7611383212594361,0.6268171016909568,0.4800869726143484,0.36238559453466984,0.7557172979983344,0.4310028718894639,0.5601855668654387,0.8770776813297109,0.81290998522184,0.5340023748505959,0.7715860107847419,0.29184438970185717,0.762125686414634,0.6074874855758838,0.2353558709742342,0.5321103902915149,0.5675305288396824,0.4463655959792138,0.44758164086270363,0.4819475453222007,0.665363499414826,0.9004502426104007,0.5440131457767189,0.8082923857714591,0.8097628154231526,0.6056200046176279,0.8794926076562158,0.33850912176708176,0.6783673626528429,0.7521155054954112,0.532894503572894,0.4026929728936755,0.6222348693109292,0.19175796425710417,0.9364696843305984,0.8022795382606793,0.5929711745023865,0.8026281854651021,0.36649375744241086,0.5482802049193675,0.9561191306396771,0.37699425733971237,0.8382115943294361,0.6470442926337502,0.6978510690683963,0.421609087982858,0.6214284401781055,0.8229570538829507,0.819551104670059,0.5651548224642335,0.6729834091650947,0.2872749312974944,0.6562062049954442,0.6147747333566632,0.7224307130506746,0.7796925871329462,0.7809829158221039,0.6562623144750803,0.7714518833799408,0.5668519820406412,0.7241732230072359,0.7460458582426339,0.38906340039577925,0.8413947720611641,0.3111498189126141,0.7210499213503623,0.9265821550224309,0.4375257268010549,0.7875322733286313,0.4219978496302338,0.6749331833995665,0.2971571322301832,0.6960328284247018,0.5470374069231146,0.8072693101330051,0.6878574022339446,0.6535223396383573,0.2713175233745322,0.7392124755013639,1
8,backbone.res2.2.conv3,0.35155031773175555,0.6744383979764916,0.6334033444985289,0.5959420823711902,0.6653565040850966,0.7549397962404407,0.866852898292552,0.7905387010719508,0.437176393539254,0.4825939227368449,0.7561092789109447,0.7652605790860708,0.6416200709227827,0.6149079777681182,0.8567467796139923,0.6169116003274444,0.71852072546053,0.8683795909084168,0.7660091624308784,0.6504767811253369,0.6995351452056806,0.8980057829309831,0.49640299227571166,0.8974549169336263,0.7227638494084906,0.948475799135882,0.93694916109256,0.6183669454767207,0.5417749513684861,0.41412124426222574,0.6545394793127012,0.5475909158955393,0.5979740142128045,0.5695516866282812,0.7102069246892355,0.4252730737888221,0.751290198564824,0.6993672748936481,0.821906137352859,0.6902442948871702,0.3117933453534073,0.5865796159968013,0.6297109309238887,0.6054931844788723,0.2660130418532587,0.3864793034871441,0.6657554489525981,0.4567929054453419,0.47129626228920524,0.6467733564734077,0.5986349367352789,0.7269473411989411,0.47441892824321785,0.7970878853738128,0.7251355297492357,0.6676810832331911,0.7359500507928984,0.5553376908689871,0.6057902903573488,0.7446916463318477,0.7002937676837958,0.4127025141927313,0.48511936818220586,0.1825191723474933,0.838034668452701,0.8081666165709077,0.7831013895561989,0.7812587850825666,0.49638319121359464,0.5382632888149943,0.7776826419135509,0.38710250208974445,0.8038477953569688,0.5320125376991539,0.5525050447660516,0.35009785765436585,0.6492786104788019,0.5918755644677895,0.8309672497251904,0.7675180287218645,0.634809302842553,0.1997717391739031,0.6596253278882439,0.5063315924424157,0.686325118443824,0.8901234489827324,0.7871016720299985,0.5285244966163928,0.738257751933503,0.4495603417322156,0.8927036176908824,0.5623502992760089,0.27252400120613796,0.792290024664934,0.2950132233842595,0.5291131297442475,0.9198566247967237,0.42180856564321184,0.7970338794852762,0.6786208455649665,0.6057613169362123,0.3027196891413407,0.569177612453282,0.6040825079161258,0.7673519732282391,0.7273561064743636,0.6127628709105316,0.3649371118431299,0.7850112860763073,1
9,backbone.res3.0.conv1,0.33348830513321587,0.7402760136297459,0.6307356363037492,0.6692396746224982,0.6858381492789699,0.7562708005291183,0.8898029888536136,0.8384677021253002,0.6414777702380929,0.5251185786033915,0.7789715253561994,0.8123254739732951,0.6482756897368096,0.626492069431697,0.8259651090803367,0.44122052596473865,0.730071379320538,0.8172409560920536,0.5703968834672645,0.7183585642909882,0.7532247899965872,0.8859731608935905,0.518786524888799,0.8728016163827311,0.611266237747274,0.8119574450904203,0.9849783734259674,0.5985778926937991,0.5284138869500075,0.3955664297241499,0.7341449009469873,0.5017401198384571,0.6149725201159968,0.5696641780653419,0.7551469419473392,0.37640314795053126,0.6623860582359937,0.6997369596027395,0.7565994028824472,0.6862520675710108,0.673970049948088,0.43541694199299735,0.6755556249247685,0.5757019946736259,0.23000348502966622,0.392484701248621,0.7252492219824139,0.4637795236348938,0.555768124257357,0.4719359369068779,0.5790866492412622,0.8592119916122019,0.5108033503336902,0.7738448035565483,0.6459146640443928,0.6222255472099755,0.8703991708150428,0.5509635581566931,0.6399287475006151,0.6559192162067136,0.7789823900015614,0.34826775689391415,0.6050855017265471,0.19801164512576738,0.8483612748311528,0.8056042772803191,0.705376485445027,0.8895124466352283,0.5016096129223045,0.5130362751233447,0.8488484138702015,0.2879116911693841,0.7688060201976056,0.7497120491952299,0.6502175585872041,0.4011388238116772,0.7123664821274688,0.6243704530002334,0.7869602560398323,0.5574109871242654,0.7004206063366532,0.23203983934487696,0.6651660541664582,0.6005653982266206,0.5555660794483149,0.9268376625772773,0.7415315680885277,0.5276711810811063,0.7412025260768321,0.49527199792917265,0.8025963702870735,0.6525343947038154,0.3266384706632812,0.6661442640920496,0.309466184002155,0.5436200717607569,0.9130845702033095,0.5442037491957823,0.8361200633083977,0.5546386762736659,0.6731959859870347,0.3510875188598925,0.6071152073013493,0.5909521920221185,0.7434530804880877,0.7663104574189348,0.6922071548916439,0.3882577396707102,0.8032554550644927,1
10,backbone.res3.0.conv2,0.36900298255093333,0.7861229450183488,0.5663689328755914,0.6242077796731605,0.8210411985898439,0.7971921346815581,0.8495650551705198,0.7477817995188174,0.5389744938649944,0.5292125348885445,0.7522207474460998,0.7447463842469492,0.666349775506689,0.5892160630571931,0.8356326355528318,0.43609458976084514,0.8217281190299621,0.7498786416285186,0.5961562355519916,0.6679563063461715,0.6826735936001825,0.8928401500528861,0.494555895863568,0.9103781137395662,0.7463236440558985,0.744127506978424,0.851410161238875,0.5922220938709184,0.49431678679526325,0.37673252829031695,0.6367370114753008,0.5295531616835268,0.34869847262108755,0.5383193910431805,0.7250413067871665,0.39699309597571736,0.5962946556249322,0.5912560464731341,0.7601233957749551,0.600197297834906,0.8112473453984572,0.606586795484663,0.6590799686771188,0.685967923545289,0.24857765832743914,0.2862844376454139,0.7085316291113654,0.4976528050307318,0.48462664022806107,0.6091741426106754,0.5272807371733627,0.6779138397889365,0.5672902710950115,0.7610439521008389,0.7542240505055884,0.6825093416137549,0.6922111580347734,0.5922499906416915,0.668452343473044,0.6342220698682928,0.5348092457712761,0.43587565613121576,0.6147830434355314,0.17701138108060602,0.8119178033823566,0.7914782056594634,0.6957458040067008,0.9517971635455028,0.5749760124657856,0.5585296106012883,0.740305124097075,0.3481552215474297,0.8227383743657052,0.6116401570853223,0.4646082408099774,0.3804642371748023,0.7468536261244488,0.6475605926146256,0.7644096607048538,0.5399884097701187,0.6348070039737685,0.2101759755153421,0.8123882289362814,0.5126656405331939,0.5279111533810639,0.7754598762743304,0.7759845006879333,0.53323292750839,0.6803122313363079,0.533234158702048,0.9041761640242119,0.6016771497581422,0.2873847583868708,0.845051491099222,0.3206294995974302,0.6121822435743387,0.9256858177767956,0.6651394723149918,0.9096247420300759,0.603581462686398,0.6873786306251259,0.35990939672651995,0.7727645268053133,0.5758592597895994,0.7684437924647363,0.7055628740268485,0.6667001558775397,0.3503142071575018,0.668924470809732,1
11,backbone.res3.0.conv3,0.2839097771910386,0.764770231970138,0.6414187426567239,0.6148950462493878,0.8506723872475238,0.7382058217377498,0.9117057503869243,0.7717135574796494,0.6588547718819013,0.5188802070868008,0.7779668112890409,0.900100833571678,0.6404399168051194,0.561501696837159,0.7883605197924348,0.7003590536876851,0.8965534472695827,0.8687499760242833,0.73556817353498,0.737253792509645,0.6906078712927457,0.9058622975317324,0.49217092020568876,0.9115433706953043,0.7197339504326637,0.7819428103104828,0.9501857618225387,0.7605955681732524,0.556449471191125,0.4223529342164271,0.7643748889928174,0.541103728585773,0.5817353043238104,0.5273287972355409,0.7817531057930696,0.39600375746739036,0.6835349919049961,0.8771837333814437,0.7805265342408222,0.6462608428023704,0.6603569284530336,0.636972001392884,0.6592433394149441,0.7008602835115777,0.25375755637906794,0.31505837099499223,0.695585502639332,0.457911333207501,0.5012778279949938,0.6178926295287253,0.5970940753614574,0.7407901381929638,0.5574363291124459,0.8112322651126833,0.7775886127162663,0.611670112469479,0.7886347474214722,0.46156273209598153,0.6080538696374785,0.7793288864019341,0.5888899535435979,0.42546941783447645,0.6248080287078719,0.1261580996179029,0.8345371117469943,0.6280783192729312,0.7466187547017957,0.8796022931869099,0.30801775704400103,0.6338926126830364,0.8078274310817062,0.3889066896039002,0.8252098036001844,0.6437640341924655,0.525892351636079,0.39883135214789195,0.6414069264434545,0.6312939366852643,0.8124275601220327,0.5930723322979735,0.5989182645062511,0.2158517005779616,0.6271911937157002,0.5894659186030171,0.7357824330063812,0.756608189533233,0.7676744374510148,0.4601055633676087,0.7726041690342713,0.5083513173894737,0.9054293504216535,0.8721347783342742,0.3575932935436795,0.6554172237904007,0.34773468859356466,0.5826154164220123,0.8704071101437536,0.6484121160668226,0.8577324137139173,0.4800989499314712,0.717147314626459,0.2514652395362844,0.662904301372146,0.6367373968207531,0.7472788978856091,0.7980261636871075,0.5883391793429942,0.34431527495343345,0.7684394372371663,1
12,backbone.res3.1.conv1,0.2450265150630493,0.6532411418253065,0.6660249205138169,0.6143893713248417,0.809253668851502,0.8027240563916801,0.9201061135544251,0.8175016056266569,0.48087373435122177,0.47884201796552195,0.7531487682659864,0.7573573033335452,0.6504368767528271,0.5913623741876153,0.6470204238007806,0.7060931546645244,0.763623306743112,0.9093440458559751,0.552899937505989,0.7165270918824304,0.736432908171556,0.6716094840093241,0.5242311747750543,0.7577201511353361,0.7315971897525857,0.88140802325911,0.9802279761541898,0.5270369407723767,0.5609703393868571,0.38762151711288007,0.7095377357622333,0.5221774722644562,0.5584306947061739,0.4335767385872388,0.7952462736934057,0.41680231112983634,0.5670286781575997,0.6501081391768226,0.7821242810874277,0.7067394919412463,0.5818082609757156,0.6913242695192389,0.5520845001802034,0.6000479760307151,0.2575499166150619,0.3849328047430088,0.7348791118652492,0.48912479844717643,0.3521382503787451,0.6076936037489671,0.5677558312928264,0.7000036964112205,0.516167014506964,0.8319012630607807,0.5801847832539003,0.7252323838147282,0.7365399464338906,0.5865693093674966,0.7428884626535174,0.7941037374366524,0.5562393027761177,0.38408140084770104,0.5737930459504099,0.2118356450447751,0.7721358752771296,0.7235600251959744,0.7579421184651102,0.974349273991323,0.38218451192215025,0.5967254725110711,0.8509400334879507,0.4180001226147355,0.7827071808005497,0.6146176688057368,0.6784831340953693,0.35471428921499043,0.6506474099563037,0.6715799390252191,0.8047295074935383,0.8052018361634178,0.6884681431410469,0.26107705216992166,0.603490746406823,0.5564946090026186,0.7357722430343057,0.7670055619102423,0.765049485970813,0.5967603070961416,0.6636296374663804,0.39729980138414434,0.8728969393721171,0.6590943362401109,0.30371242428023515,0.7650111335721622,0.33824005714832206,0.5702170059580683,0.9105852572083781,0.6303893071779318,0.8979741770612375,0.45518958503240026,0.6953135363525045,0.2053873934212382,0.593493460290383,0.5840491669304771,0.7779326476291156,0.7558433579506398,0.5738517424692152,0.3817712302627463,0.7488517516059963,1
13,backbone.res3.1.conv2,0.3350441038654225,0.6398117801207511,0.648132173194974,0.7140447630214274,0.793743630035491,0.747716138012773,0.9087473525761133,0.7884783461315911,0.664433316501563,0.5295585408342374,0.7236906846693492,0.7980241313262433,0.6083903637511053,0.6181643860328423,0.628268457355434,0.6647116842127263,0.7483496023220629,0.8398267152225475,0.5825082633585065,0.674848118822379,0.7700386610898637,0.6142553176401805,0.5309521092615925,0.7470702128320231,0.655076419653897,0.862700367981205,0.9726504429273497,0.5935914418855545,0.5063421141258193,0.4163915555550695,0.6175771847368161,0.5958741132930301,0.5904064620080776,0.4794829630017902,0.9007615326307833,0.3787674227861852,0.5676950158747271,0.7873294169858129,0.7522155280735827,0.6505670089326656,0.5913613806159579,0.5279550881935339,0.6599092530432915,0.7375857024020777,0.2338162503005778,0.32146940244901673,0.6293115352121922,0.46358778716899,0.4129367279669065,0.5915566754537304,0.510709134480472,0.7786702299488136,0.5454642107857676,0.7638077931800504,0.7988745285258039,0.7227284380493366,0.7672501927812037,0.59923257281798,0.6271086076251939,0.7111573386453548,0.6224711581093911,0.4176689777345406,0.6102171832041839,0.20500339190396727,0.7641296857925787,0.83995913478229,0.7977147502021069,0.8284189649270606,0.3376411984169015,0.5548543178309437,0.7982950230036361,0.5154292970975064,0.8318677265873515,0.4926210542542396,0.6707517910594698,0.4795018683803221,0.6892698665093319,0.7737024638475732,0.779838644572712,0.7852885155541586,0.655532695437707,0.25480335735117365,0.732067293561622,0.5495300600202195,0.7027422414154546,0.6453945567032837,0.8335376946790233,0.506649648181016,0.6083356815884858,0.5600175387155799,0.9148356281003448,0.6217307752041407,0.3098628830130282,0.8260120993666606,0.39390734877802436,0.6005030327400196,0.8733819105926465,0.5736440071427783,0.8772843657685674,0.6469741399398176,0.7003007483602062,0.2522562944683119,0.6974061259521132,0.5729239204196251,0.6802102129957024,0.7507662081739436,0.5994431431362935,0.3614173600542894,0.6754162792746253,1
14,backbone.res3.1.conv3,0.38065748262685284,0.5821474056602292,0.3969823943556851,0.6549371703539538,0.8582236627881596,0.747922922610471,0.8997216708813516,0.7705208464796952,0.4256593480364112,0.5206838310280792,0.7693067245946109,0.8082737731602962,0.6126444514160296,0.5933644131040611,0.6552035900658887,0.6554156485217942,0.8349800909348255,0.8949710630550606,0.6331187440592331,0.712147036514321,0.6794864316878153,0.8564091587807453,0.5328604460137291,0.7707578710199232,0.5843337220351261,0.9211392093010676,0.8383890941196848,0.6082126561348118,0.5526510578180799,0.46065661273151964,0.6262528913228789,0.5337310782731084,0.6077348613957786,0.6115540780600046,0.7595022133310831,0.4177343685326586,0.611846321434933,0.8084045495534995,0.7915168671537012,0.6610636097073846,0.7081738857231669,0.3452962527761007,0.8138917572841602,0.6900227332137784,0.2446668839865514,0.3344130823379073,0.6617252444187487,0.4311385998757743,0.4690225319900766,0.6171918603977987,0.58186179555701,0.7593036841226997,0.556766999811328,0.774301337796788,0.6107179515589518,0.7036176968471382,0.7686535534900635,0.5997376609056856,0.5824032095344268,0.7879594187938446,0.607814610439878,0.44127901680707515,0.5273875579946373,0.22775401268440676,0.8608972721315655,0.6376209248296051,0.81068787107994,0.9149054196923347,0.5585145781485626,0.692767205530965,0.9030892906415257,0.37740598828062544,0.7868834952187004,0.529486150758499,0.495352331439191,0.3839594351072483,0.6183332127620224,0.6693656316458917,0.8293529991603651,0.7517605888757725,0.585736601819532,0.22318276392934072,0.6579926741800806,0.6309180248030996,0.6643869337234752,0.7245909003378901,0.7159322457438634,0.5049094048226535,0.7721438677726283,0.5298508456039176,0.851591373727622,0.674650155314889,0.34282629643044865,0.7942418950798747,0.36147431641414024,0.6432981328818126,0.7045624924466666,0.6381909184972867,0.7298047837455125,0.5003936918931357,0.7170391790934167,0.277355257130211,0.8009054404312688,0.5903141244716346,0.7839299572871454,0.8058990548186605,0.6341888775038048,0.3665591207516959,0.7647246133666767,1
15,backbone.res3.2.conv1,0.35902135767579624,0.7525982598205603,0.3482564403015467,0.7570064297742749,0.8728444307661416,0.8159097736530336,0.7814110034224101,0.851374460259707,0.5604621437566819,0.5460741801007868,0.7297885929923499,0.7205693644829325,0.6584822466601642,0.5717656399877659,0.6129123425628265,0.649599408920896,0.7568325602122197,0.7502003258628132,0.6984805203857959,0.7039438955120365,0.5730527834776586,0.8325195491059618,0.5058084835131904,0.802565718507334,0.7726421125365198,0.9293992308854636,0.864917315489027,0.5901893173735193,0.4599579247753541,0.36766810950810586,0.6833055065481256,0.5550572939195882,0.5583977897062735,0.5848744230070992,0.7453070132760968,0.34465797317583685,0.5825065414227563,0.706950123625363,0.7158848378412065,0.5778073900133124,0.808902547947827,0.6006739491118869,0.6846029099572903,0.7694752356502971,0.23055791669614775,0.42639206515518807,0.6426377997336907,0.4915937390962004,0.4712227766968151,0.5726909804605925,0.5839583977701519,0.7104991235841314,0.543732411102196,0.8306201358504632,0.6181014650062978,0.7688430098645458,0.7266990170131415,0.6242962846153137,0.7160090311108919,0.7581365578730909,0.6529165927700797,0.33155097171009446,0.6595781025877356,0.16974683113167133,0.8673312802530622,0.8115581210025582,0.6080436631088499,0.9245349283331994,0.3500459508267522,0.662111900310059,0.8122739145928246,0.3524447204717236,0.7850633971902512,0.5682249921083179,0.47424747738564826,0.43202978003612746,0.6434406629047942,0.4990183221710389,0.8284657427201777,0.8070693218962888,0.6608763436786086,0.24899208434864908,0.7988455920415671,0.51313353772625,0.5071027316516953,0.7717168141722912,0.7727785743218517,0.6806357102982349,0.7240630076204287,0.5446576628064953,0.8581793287356179,0.7056691984544099,0.30552371325780747,0.7870953364417804,0.3073633665056428,0.6557345260696124,0.9187268421992997,0.44895909552948565,0.8044072235389914,0.461865732716233,0.6423895576029033,0.24740504911029376,0.7464347052199601,0.6058056552834459,0.6818443098928517,0.9066203636976997,0.6805736027231076,0.31101548211021424,0.8067433090134609,1
16,backbone.res3.2.conv2,0.45350519638968123,0.5511998228886702,0.3479342416921334,0.784353383202104,0.9001215981651103,0.8225065892199962,0.9209399818133812,0.8241515350302192,0.6038869220039376,0.5547727655403311,0.7296304526320643,0.7533253342616604,0.5955212022716242,0.6441702716337807,0.8910659139661838,0.6928115594986181,0.6273846485302409,0.7802210467128471,0.6450242571194217,0.5927180938159866,0.6248319403981083,0.8777523801740629,0.5305385840609813,0.7664032745477738,0.749889163790141,0.8370839188638864,0.9691262067779642,0.7029047222371055,0.3522644492702056,0.3871089161691745,0.6331188852244483,0.5837861556714895,0.569109428960243,0.5649526699691769,0.747060236660562,0.4016802824456969,0.6934149531606816,0.6270532180348428,0.8274905612663621,0.5961116449402056,0.32706730518963095,0.7096984475425752,0.6379479148759329,0.5987470966573686,0.21515108410618342,0.24304535462491256,0.6829425046093265,0.39036757696281066,0.4841819552146613,0.572925605177185,0.34836300123941305,0.6589810549059751,0.5571781461859094,0.8185252814749725,0.5781459229165666,0.7846372317185532,0.8591793812603848,0.5653213185590369,0.5778359250982775,0.7791590595967893,0.6140162502102127,0.40349945874570553,0.6128571008837429,0.1951425490821792,0.8764975959203586,0.7940072729615988,0.6266765842261655,0.9481738346243329,0.4997754992172511,0.7120489423864637,0.9438339500353813,0.41670330957537005,0.8176688889329167,0.6351309221444154,0.6819340588282551,0.40687433724439553,0.625861884383824,0.6335710508478621,0.8265567982420896,0.6402048722398811,0.7008728707244648,0.28769834899971636,0.7274193372411034,0.58473893491973,0.7387957287673215,0.8287858601617666,0.7510822329812802,0.5146609568654088,0.6384787106540878,0.44962197331392395,0.8515514805271741,0.6976674678300381,0.3109350935185416,0.609676012636859,0.33268563942167156,0.6638051741977261,0.9020074427335616,0.558299148118934,0.7306721269245889,0.4946245246653425,0.6633286734612883,0.3346419574277539,0.7635568418686818,0.6339620868086454,0.6418366708828217,0.8374506953323062,0.6941451485308182,0.2847309913372498,0.8114642784986713,1
17,backbone.res3.2.conv3,0.31464058352803004,0.6122013766714484,0.6135782099653272,0.6999918935516817,0.7867176647824327,0.8344958290308183,0.7844991338628374,0.8066780378054194,0.5814847225673887,0.49978903498807226,0.7539646546613193,0.7733006483418079,0.580036523245119,0.5577016875316582,0.861732512505453,0.4914304226022343,0.7152245311458908,0.8304189590927513,0.5917075432350773,0.6296511112527299,0.7374684887029419,0.7705956652178462,0.5575672310628716,0.7317090637995587,0.7720736818746015,0.8876309102369243,0.8250405329476345,0.5729502508209475,0.5100909721119337,0.4338217199107507,0.5698351278695051,0.5351985796093428,0.583478289985453,0.5351110915800427,0.733303365866452,0.39048508513946995,0.6317916087679704,0.6432789852327837,0.8502345908682917,0.6476304898761698,0.6423736942139109,0.7038209099280112,0.6540121175419039,0.5834230841390308,0.25378959630237524,0.2914954514130532,0.7189404469087598,0.49202468670687843,0.3795432041880619,0.6837520791438015,0.5726919882808886,0.6742748735842499,0.546957538654201,0.734309466885065,0.5663840190151082,0.5190758553207292,0.8438896795588988,0.6148959345467767,0.5233351487947644,0.7353942342825519,0.5198605057989318,0.4455355253589715,0.6178710642420091,0.2053981228650988,0.8667494889089318,0.6175990558911251,0.6890312613392565,0.9775439136048053,0.34165691299736956,0.709470143679166,0.8997647853973262,0.44746021844759304,0.8175509305548836,0.6193088492463557,0.5444293978659054,0.3702461216831452,0.6862718301584384,0.6547667244029914,0.8135368598319677,0.7891803343716415,0.6163631832330938,0.2345545299714507,0.690767363694275,0.5618637342854688,0.5244033714670573,0.7085553874222771,0.7294101879085153,0.46828904703104623,0.7666799955388542,0.4959901823391552,0.9033036873066028,0.6129303709957168,0.4049027659982214,0.8178258746904805,0.38992429593154826,0.6338099051200213,0.6781570603259399,0.5765411434416007,0.7068255749313161,0.4744065006279706,0.7180205459545373,0.18078536815349092,0.7720472879066856,0.5406729578012005,0.6987917465114554,0.751368442962539,0.5836196364856457,0.34835132165481814,0.7081544473365671,1
18,backbone.res3.3.conv1,0.35755855485609905,0.5973673205574214,0.6670843480827717,0.6315848698252796,0.8133118614703241,0.8316407656794419,0.7773136410765724,0.8231466564756386,0.5158653826154717,0.5138041873280199,0.725996711328153,0.7748688240817537,0.6464800089577073,0.4856863086509869,0.839834304567831,0.5458967784707297,0.6673016706235879,0.7630496850924121,0.6374991005822815,0.6566342309064226,0.7237154738905475,0.770430679200391,0.5447696022373835,0.7597084211521655,0.7776619780488981,0.8171655751200744,0.8413573909216698,0.586997766151692,0.5334981896624135,0.42677142928237144,0.5539068790237888,0.542693368904886,0.5711786848488272,0.6271950719245099,0.7220041353730571,0.3512959650259412,0.7336139194828775,0.6434695059567913,0.8049084335963401,0.5901972202539179,0.5496700887944462,0.7743434621381176,0.7261280718650919,0.7408899763474623,0.24467795341443477,0.29042274281771707,0.6695128989817392,0.49334749511767667,0.3910291885966105,0.6129932075005493,0.5824568048742131,0.7194601846237393,0.5441423307512785,0.7334884505581052,0.58497012344357,0.6942397348176197,0.8827023960855839,0.49620388569530466,0.5766902198345456,0.7210793485902941,0.7073071251778097,0.46907223179461516,0.5733517198986082,0.2770545848444987,0.8932952548462695,0.8208562900156658,0.7537470779078793,0.9578164418578491,0.3613327822433055,0.7113628686558854,0.9090055991400744,0.4477480917245211,0.7954397447349605,0.6329941227859198,0.4877158747688936,0.3512216230933346,0.6974939807480143,0.6393452445723008,0.7952556431503536,0.7864279739098843,0.7170395750614286,0.2540336627185677,0.6754588461518545,0.6591703744121042,0.5699461123892422,0.7107156775868221,0.7865040546391571,0.5218490551188327,0.6762558572080082,0.48910618435494196,0.7776813611948236,0.5850048974116074,0.23305282457798893,0.7264994269610503,0.4058640316333292,0.6203172771112743,0.6814755566725588,0.6428031725872139,0.7847730127323711,0.5172085301280596,0.7052770524412345,0.27969174597378715,0.8088720281067121,0.5146751441384441,0.6487504869390716,0.7487323732345031,0.5141301009414103,0.2794023601170913,0.6678454259617238,1
19,backbone.res3.3.conv2,0.2714980743051825,0.4841603611055362,0.5485009314992193,0.5961167569360529,0.6839740621968474,0.8750429905872582,0.747629411009561,0.7261647964830269,0.48716919678303217,0.5512094960964651,0.6103806279293885,0.664121360994714,0.5654514443191573,0.3767426177670997,0.49446669318592945,0.6717989774083541,0.6380084376586058,0.9440474069590277,0.5648093394326207,0.6113451507241426,0.7155394344496396,0.5535293152546148,0.5162310737465812,0.7067924953544321,0.7857996838910637,0.8660959506328204,0.7473740718510872,0.5777442707707665,0.5236145367125596,0.3261362563592262,0.6556201490135101,0.5053161143871863,0.5541281907998183,0.45692528092980955,0.665324421715771,0.3030720798571448,0.6971110466153674,0.7933402410692091,0.8540025401070285,0.6105143591720461,0.7807370690707879,0.6724195522689509,0.6446517370024155,0.748453460008606,0.22419895581199428,0.4726873223637548,0.6608098617600553,0.5048118872145122,0.4310691580152039,0.50539662450428,0.5622756457058375,0.666976577972051,0.48205470751250706,0.6488005079683243,0.5138421598614604,0.49939531783057894,0.7397293549236196,0.5447068504633232,0.5603645298709463,0.7510702814245761,0.45294720715082487,0.3580920471283789,0.40003852954835734,0.2510569581392661,0.7726963413646386,0.5354145252545646,0.6815200051534582,0.9266806186499809,0.5039232819101722,0.6053908763111663,0.9655370566276483,0.4116713986162969,0.6877023623438613,0.6218817119176879,0.5969616527672342,0.2820383376015847,0.6519664507235088,0.5949492658120988,0.7632254976435467,0.6329613717246922,0.5815992134093574,0.2646962093096378,0.7688330814880409,0.46732255597653954,0.455011445029045,0.710330465267341,0.7015274054339967,0.5311207474826536,0.5022192398758029,0.5946255272285006,0.8383416508254278,0.6990800259220039,0.32662748908266453,0.6993136024625507,0.3495691779628249,0.5983304746093182,0.7486824405440781,0.450339623846916,0.6776345228087445,0.4233021651935035,0.7814264968240243,0.1903365689154497,0.7627440693085872,0.4373018517814247,0.6873471650298326,0.8113668493765748,0.37635749607960595,0.3655257967609975,0.6190627284462049,1
20,backbone.res3.3.conv3,0.3290498966279166,0.7093858247349103,0.530456396892673,0.6833717544405883,0.8602239025683991,0.8270718642586846,0.8998291172978384,0.740835368794643,0.5635096718230731,0.5042456739670317,0.6763721045312115,0.8101388749036836,0.6485037138467427,0.4947280361270228,0.8053915252828784,0.6144304092406767,0.5906303979986435,0.8687852588982016,0.713612350101632,0.5624698398224456,0.7724861291239654,0.7673306330068079,0.43754128853878727,0.6572516487658908,0.7707771897260396,0.9083283397551123,0.8464012493012502,0.5208755203561616,0.5144751307504134,0.4714551912619519,0.6735944910980532,0.508092082979503,0.6290912998338278,0.39570178257579364,0.656540822552649,0.43928568658921785,0.7051761605587422,0.6849435332172505,0.9589019741707491,0.6097573715077166,0.6295538021295891,0.4347127085986731,0.5120336126527146,0.7261290175258105,0.2500963308465551,0.507625303509591,0.7134612555513112,0.43205025530971775,0.4409386462477438,0.5482827347640952,0.48324307510298475,0.7442213378398835,0.5297407508336982,0.6629768845536961,0.5622670623608791,0.43436810482908506,0.7776732702512295,0.5555460356278231,0.4627436766723868,0.7601828760689199,0.49363560950467233,0.3639105621019593,0.48943835466234237,0.14776149055303348,0.8135503121640364,0.6050615971670998,0.728009460442732,0.9244881858215275,0.33301565071375894,0.7174790582018299,0.925943940866959,0.4678799629592577,0.7930631338359166,0.6333984778972332,0.6050480433594694,0.4101984538175539,0.5158732050721919,0.5616709387331518,0.7246483803923448,0.5507723503656087,0.5396048064544077,0.23576855790964185,0.8100627123034972,0.44066522877613445,0.5604351228562953,0.5675897633894734,0.7764035623935717,0.5506030016214911,0.6677629862714517,0.5453705543877952,0.5570332506164205,0.6211281831303511,0.3834702566969883,0.8169531207316791,0.34674345720794436,0.6197527318959001,0.9065524317629216,0.4116391521238064,0.7976564759414785,0.4162133039593396,0.7245843400538072,0.12118714025033557,0.818441294176655,0.5423280302924256,0.743588644329982,0.7948716314265153,0.4595088782380795,0.28928027785674487,0.5919089691100091,1
21,backbone.res4.0.conv1,0.2986620878871698,0.6739287928840524,0.6597079555185269,0.7477686930920864,0.7613056225593176,0.6470882319080902,0.8849301233627823,0.8657289418722706,0.5695492132964058,0.5365114227867941,0.6500162728449287,0.8456252076485646,0.6490510420267888,0.5779095197819554,0.581365159056547,0.6193975753503043,0.6344563438636037,0.8074633652516914,0.680849906246266,0.5087057376888119,0.761414052013631,0.6962328395514499,0.5384981329691968,0.6331164973550703,0.7144887312568452,0.8848417324041219,0.815577880178258,0.6004304554464147,0.3513914102720687,0.3786506687799318,0.6764896095045196,0.5688134113899226,0.6111627050966081,0.5632536617053385,0.8151276439044646,0.38043674293832297,0.7017643046768544,0.7666974850186826,0.9133937507512423,0.5887297463567771,0.6912419201626063,0.49235270384463065,0.6335337488739216,0.6544846249690691,0.23269399762649878,0.5472360445336227,0.5479163520031286,0.48403189356210224,0.36609384989564386,0.6365671739914439,0.5150252685559579,0.8049852937765497,0.5048506872788516,0.7461197284462033,0.6319851714295907,0.447748644448281,0.7289014528750376,0.5454360132146705,0.5356471883634212,0.697898696323343,0.6332838298545762,0.3294003071091495,0.5378688290928012,0.0918296985119197,0.7102975837600868,0.7419916540855708,0.7619488263098926,0.847918923412855,0.43633461384260974,0.6357363517609446,0.9339962605124695,0.4618369411614397,0.7674738807598119,0.681255662393696,0.3948827005141447,0.3246405267562476,0.5445069395752934,0.5454391486122022,0.7285044402802174,0.5836963753873353,0.6755388977030339,0.2794199731975947,0.6368556697320789,0.39392063901468877,0.48759667705686294,0.8610304110370628,0.7041241879505079,0.6771385230286467,0.6239858613386368,0.5554224730453049,0.5688262583239806,0.5483318627613749,0.322986607551279,0.7539971275351468,0.37696851146151095,0.5789362716393965,0.8469174634961492,0.6585322384902872,0.8589498974929937,0.6295388600673151,0.6886878942075036,0.34945563518533185,0.8414426323039899,0.5024858780506083,0.640863592408679,0.8041648789333555,0.48275320081716433,0.2868848612641459,0.8160142122145428,1
22,backbone.res4.0.conv2,0.2840670764807656,0.5325078818551114,0.3768030608231578,0.5303146234077555,0.7982911221485829,0.8405702224218287,0.890062269782574,0.9260705119161091,0.43561636705859846,0.4591938183104571,0.7074151928991603,0.8493921009932168,0.6169506922820687,0.5918113550025735,0.8207241895697062,0.6291479154612055,0.7611310084519035,0.8444979955235006,0.7032646895768749,0.5889040224864814,0.6022635449995625,0.6013213210681732,0.3895581615874771,0.8339978706828391,0.7315314197079156,0.8122794569312708,0.8964088425693361,0.6244050382381413,0.4557389752845668,0.40442953589334696,0.7246194044342534,0.49512849849159113,0.5997200792103129,0.6840563318016394,0.6911497065200228,0.40042617448779094,0.8271722260526189,0.8420559600751639,0.9363820787219856,0.6306555809722741,0.5984876560816341,0.6669886727187918,0.6199047969919118,0.6922135836447241,0.26594667496142715,0.577949652438778,0.5649198618461827,0.44378432804494194,0.3667369798190195,0.43183644960117984,0.36302973057252486,0.8502003429705876,0.5658254905083109,0.7200403058365735,0.5269641634828801,0.45915678174965086,0.5247477887622695,0.5926113395648258,0.6021352474805091,0.7756141619424635,0.6900727970231472,0.31643215967793675,0.6319583032414419,0.147532494221035,0.8863245254158667,0.6661887534606653,0.6548052577628781,0.659145607250918,0.5221732548286243,0.5829753909508366,0.9178291139362268,0.4440187238846416,0.7594542717153346,0.7323033786214689,0.48678216312243816,0.4059600165488161,0.4766727768759182,0.6337803496995141,0.7614467529119656,0.46393559135736356,0.648638071925852,0.16051445256530505,0.8432821416437579,0.633102980046134,0.6614550023832136,0.8581478513228172,0.7276492106095843,0.7094494190638813,0.7308333209626091,0.5611389956797971,0.6849776645745256,0.7346681091814118,0.3482455658078146,0.6924040184527138,0.31558685809091,0.5232907917999982,0.88564659328,0.4112174784569902,0.9464671798427082,0.4307363559868206,0.6610849019569086,0.18026000730672181,0.7656799580727672,0.4684241559862226,0.6893640947163425,0.8024675477827761,0.5612565012553977,0.41161699067616936,0.6195871679584473,1
23,backbone.res4.0.conv3,0.41873499100582956,0.7423506797596481,0.4937650448184705,0.6235560826365623,0.7696439183041156,0.8733349957383909,0.9104638502844468,0.9004898038903913,0.5465359936637951,0.5277794113562382,0.6829643397793508,0.7459622355645746,0.6678689130795463,0.4841565093778473,0.5305016083425457,0.6794878461773618,0.6008859081907534,0.8347838179978718,0.6067855435882142,0.6400496867503016,0.7748270915719517,0.6002576093667097,0.4038620554641746,0.6945108212110579,0.8033670750058709,0.9042998430683661,0.8921997184245501,0.7096396997647807,0.52891256472697,0.45896873163296076,0.6798919841839,0.6076127711666888,0.5974597268910377,0.7224974309667601,0.6795411348700005,0.41049779962565847,0.8127461975704526,0.8659437192871676,0.9398722423714923,0.6908573165478494,0.6460792402380059,0.5760791865966564,0.6052738986252503,0.5990967605373134,0.24151997966472824,0.474251024392717,0.7405175390588761,0.4142364063375674,0.38088512667227437,0.6237769165597491,0.40437479116866026,0.839158732152782,0.5394450219486228,0.6692383035685604,0.5708539532120431,0.4468692431013397,0.6257164516848168,0.6156370507346158,0.5254157360269988,0.7759637412883927,0.5444551982382447,0.32510428073471886,0.6225527957653855,0.12914641123438358,0.7908177640006835,0.6525961557135066,0.6581450452458077,0.6724121884939882,0.5672357954941999,0.6425748492324604,0.9411447203311608,0.5025054105766794,0.9090109076642832,0.6599452501556854,0.3956285198204206,0.46059883857151246,0.4936374136878533,0.6817488437986441,0.6840476341208853,0.6572040163170603,0.574014485299648,0.23397092381838028,0.8469751230472871,0.4126636505266124,0.6219493417772641,0.6180492887524313,0.7212968548566566,0.5471343779605833,0.6723385726885486,0.4647639770453179,0.6155689517430126,0.7303705456553057,0.35467830348098484,0.5555763705236442,0.4108928071245166,0.5680279075311082,0.7854822981068027,0.49118515814627073,0.9157137474837459,0.44715676847869956,0.6534110123793058,0.14727561896438926,0.8021806720588476,0.46552667859764596,0.6635041916594109,0.6750938049234679,0.5125264030058913,0.3465029789342885,0.7965673908572114,1
24,backbone.res4.1.conv1,0.4909656515755444,0.31249081739137763,0.3999285105933422,0.5338778893915439,0.8136310788505821,0.62285889427459,0.8493901025982257,0.8701649403209821,0.31270029614154415,0.4428080525137183,0.7397026481283207,0.7250196043797753,0.6480378318359405,0.49352555324093605,0.6723031903102713,0.705583924152352,0.5857640544630999,0.7194718408895624,0.5500125770232625,0.5357180956979456,0.8063000853163221,0.7473208422718945,0.5395393784329415,0.6882838886256192,0.7630605915226129,0.8821396222489174,0.8644828412070183,0.4473304230512173,0.5621104042371644,0.3277201884213599,0.609463244628286,0.611479947274438,0.6302730332573082,0.6559107700475847,0.7137522877981103,0.37664263899385175,0.7575444030617465,0.7810300865896449,0.9409115395555301,0.5831039788762762,0.6542533726909759,0.5148956926478575,0.6618652735897774,0.7499790918983562,0.22771005046847367,0.4530457502972039,0.6908736635631358,0.47733447378642224,0.3981584077521698,0.624508826500024,0.2986987741032629,0.755838414559391,0.544149520838578,0.7135610395226877,0.5230864381352843,0.7064637516557847,0.6983755339682416,0.42478563739268954,0.5836428532447487,0.6759993576300878,0.6822495618916344,0.3493133672263396,0.6165297166878174,0.09722480822570617,0.6880040538070817,0.7927981308106692,0.7226304283567768,0.7618856557528225,0.3410558421882704,0.6323450160679138,0.8650185135552416,0.46470874667453915,0.8452938381957178,0.7136347344969158,0.7165345007586754,0.325858118340989,0.5798561237418809,0.73891797183723,0.696347085995147,0.7099634257639044,0.6171209854572872,0.28541183500940326,0.757810954959103,0.4254365590397404,0.6585617062958077,0.7700821491043807,0.7346881747374195,0.6438287267228598,0.5933583907742908,0.6225595356820367,0.7680650689400812,0.7634960468237655,0.35423204446894085,0.6986521238292791,0.329669414648137,0.496405051667765,0.8345629661027227,0.6906846784145514,0.8223969969265688,0.4743257221161812,0.7286382394142836,0.2727617082772405,0.5537541729173144,0.5799674361791581,0.6095074442271079,0.7801416199108453,0.636022402030567,0.3722978720899609,0.787084354370616,1
25,backbone.res4.1.conv2,0.2763568754070783,0.5299730726240303,0.7567357220815968,0.6683792071913914,0.8410802783054612,0.8225121984511333,0.8943170839542994,0.9245370316250082,0.48129629501832255,0.3197484799201179,0.6362071581084706,0.7906066080498678,0.6907347656749767,0.53836075878182,0.5472899051098982,0.6400481939435133,0.7008994747792272,0.6691765070877024,0.6921401154465929,0.5874121629328285,0.6719770377424863,0.9046373237505329,0.5607583946460285,0.6757206513652325,0.8162059351703614,0.8440239760702092,0.8850884305138979,0.6514181165703076,0.5434214153678195,0.28582091607382715,0.7097000267076248,0.6016098340196576,0.6486833673915333,0.7573959922934734,0.7123737928914577,0.4593198071292738,0.7233092407004574,0.7561688347295609,0.955073276083344,0.6483625038333988,0.5174026834452349,0.6065436870921448,0.8154504379549942,0.6320302435386609,0.24227502453886873,0.5167638247422458,0.6740090552005982,0.49579322079342447,0.48823260412414154,0.3964950353758888,0.4170947364115115,0.8412095847526118,0.5557538366454665,0.685538983933625,0.49003724489204237,0.4993141499181949,0.5847925742502232,0.38430708644866257,0.5786009776914206,0.7350992507099087,0.5255928673770562,0.23052452871511164,0.606641815079983,0.29537136140685655,0.7823954855638511,0.6785355976850558,0.6879765431030544,0.6538522753002659,0.5811572217340034,0.6684793716747052,0.9762446234938682,0.4916008543746679,0.9201352359524524,0.7019240163974194,0.7194161286695894,0.426435918306993,0.5020832160375908,0.8199777484501298,0.7210871513293297,0.7676825796988882,0.6817139511845002,0.29245704159116825,0.7318609474717267,0.5846475098140638,0.6278671784770806,0.8254890935771142,0.7844260009716739,0.7143499374011023,0.5474246638831782,0.5947462070493219,0.8594980788358406,0.7317473882411836,0.30132503931769195,0.7950257488489274,0.3294909631315602,0.5302253329696169,0.8911696270759001,0.4523414409738504,0.9421829116722998,0.5574575659546329,0.6228032131362666,0.2203808450880723,0.7036875764667618,0.5625680335491986,0.7046474542703902,0.7071249047997485,0.6804685773176918,0.26445553117147624,0.8558592799099783,1
26,backbone.res4.1.conv3,0.33565027463591945,0.5812719187112019,0.505593563722722,0.6998737621168354,0.8489428740867354,0.8600323965601412,0.9203085325539558,0.8993730188110588,0.6119403012037091,0.5349884321960566,0.5574251159807795,0.6902491263460621,0.6804033585890571,0.4438967480102006,0.5762876658906895,0.688055073289994,0.7349540522027204,0.6783104610192654,0.6436522196336951,0.6922573534318422,0.5655334258363846,0.6098397497160319,0.345992054664623,0.8325548422528295,0.7009709500900141,0.8577295158355528,0.8480443109792197,0.6377434031281727,0.38407811366661837,0.4088295188736683,0.6549128931374733,0.5675889777594082,0.5841346583541135,0.5993672532583209,0.610658980116882,0.37654925123060534,0.7633182259642354,0.7809839839645983,0.9858199120726645,0.5814429787556442,0.540890154401165,0.7765490088605751,0.6696652400578414,0.6762664022287367,0.25827661130344753,0.4865493912708672,0.6841741906372023,0.4740571582417609,0.39137165675895647,0.6400577543351974,0.41892859521674,0.7630523317023821,0.5359707002193077,0.7304328496737132,0.5457754392175067,0.7561577719328384,0.7755694410113637,0.5163315717590669,0.5398304173603334,0.8141501323016556,0.55114767520136,0.3509209978493952,0.604400174579594,0.2296285705922068,0.8216956372919902,0.7999145130998963,0.40205429687098515,0.7001151799564502,0.517498839454792,0.7034100499369574,0.9841540118339158,0.47355429690343215,0.8842745727934119,0.6795405426599607,0.409078251639726,0.44334721681642836,0.6040989048677244,0.7746784691504986,0.7782666768238609,0.8153576749241876,0.5949539098328035,0.2725141313175659,0.6610079852087677,0.4975680568992753,0.6418199491233333,0.5951897022138051,0.678842479558688,0.6686818153070186,0.5760601957829037,0.5670656656178262,0.7192402681438655,0.6077460803962393,0.29385095806347106,0.8523641668816604,0.41233129412178493,0.5456193688165186,0.758480902948533,0.6113943369214074,0.792417561015243,0.25992961293036065,0.6917537030354668,0.30412851647135686,0.7352178952445635,0.4693396040450775,0.731535682523839,0.9034535939678839,0.49589330928009456,0.326562530014534,0.8735241468426189,2
27,backbone.res4.2.conv1,0.341152418540373,0.682458696021875,0.6889473508302265,0.7495334804024139,0.8728472131469632,0.8837751220648272,0.9142023649010219,0.7677376138003973,0.6475218229820068,0.41721355444233194,0.6701102649935834,0.7683963492061938,0.7044053869701384,0.5793297486864959,0.6035488282549313,0.6148897194076979,0.5531001202014563,0.6869154704351051,0.757006080658291,0.5942476881282467,0.7462251703970398,0.5768238789199982,0.5360515396690472,0.8006184828482977,0.7202864632096463,0.9529003283083837,0.8861799062558952,0.6808001695225498,0.5494247705591375,0.2774237649735025,0.6881836157907685,0.6135844146089081,0.5512736831471937,0.33329033067334374,0.7905550583080937,0.429276702051893,0.7216764137971781,0.8742880503194004,0.9794945786112288,0.5166842921823936,0.47359190059135337,0.5022063247436099,0.7286341518282244,0.6678864252997186,0.2722970445048298,0.5524990346828917,0.6440387578002584,0.48977809437266573,0.5467405870888837,0.602118386237662,0.42172663963391127,0.8205925984215198,0.5515993965557909,0.6948723039262161,0.5557040648441252,0.5937242544610687,0.6714520161098394,0.3989522016153192,0.5762470306473971,0.8189258258882588,0.661885887150765,0.26803847933131975,0.5727888044433538,0.1792317575120596,0.9611143514232159,0.7629953170546973,0.6504457023807493,0.6758990707728137,0.5813950801653968,0.673587720245128,0.9781512446322042,0.452370981303868,0.9202932917149873,0.7369497880631544,0.62810443445152,0.36238369074583165,0.6053327318840243,0.7923094551255525,0.7771150769997377,0.8089479314116493,0.6069251531019142,0.30530981067147833,0.6325998885894151,0.4440086408947624,0.6970192515288143,0.7239202952799095,0.7505541913144479,0.8100950889109995,0.6394344339296718,0.46602731564055,0.5664042414398472,0.6032493700089683,0.41091709608516275,0.8654773337319704,0.3491385324613708,0.5539425602549936,0.9373732089343348,0.44151367847584777,0.8185709045747129,0.3793819216525581,0.6774365652924569,0.31650940194546745,0.7841226434406973,0.5221125896495981,0.7815906832687168,0.8920287908214902,0.563318761207557,0.2725060306544643,0.8502937419291375,2
28,backbone.res4.2.conv2,0.14486667043377424,0.8846083553910753,0.7125980228177783,0.6663804966062212,0.8826119016817404,0.8823347283873502,0.904332779972129,0.8423896533681853,0.6331084954246123,0.4204834559005426,0.7698548980573671,0.790360657728437,0.7331210319606569,0.35759736669901204,0.6340005192924559,0.5838518381390918,0.828752632817603,0.9186683562577874,0.7313584345253628,0.5374535475384595,0.7808242405917014,0.8506546859189877,0.5254062239214099,0.6874289086115181,0.6350731488330656,0.9303694537152493,0.8635911174935381,0.5575422601950386,0.3963108947683687,0.35519036933557085,0.6787585938443412,0.6245411145953345,0.5747839981601254,0.5221124702906883,0.6766910001708709,0.468051526652979,0.7080291905297885,0.865568123891282,0.9812054408449469,0.6020655685070133,0.7359921323155432,0.6560470183300577,0.7218300358674802,0.6245945575986901,0.23677047125525463,0.5170629637009387,0.6828491734224374,0.5103722622517946,0.4596934908032834,0.3129817343956438,0.46853906622108404,0.7477807614131812,0.5698208698441817,0.7432231590874917,0.46579816487742687,0.5356651022400954,0.7516267014966002,0.3059417176607158,0.6332828883410098,0.8060615803225264,0.38449811582713483,0.3036820012827845,0.5992039179480013,0.14391924542056675,0.864827817453892,0.8200811578538977,0.6585926052620871,0.7738801946076189,0.5616615720030443,0.5976617678795518,0.9820599781051634,0.42991623657427086,0.91389378615761,0.7047286729576928,0.6575485921479466,0.4149583459851999,0.5302158889994798,0.6840942582945481,0.7465664320504207,0.7903951935543774,0.5099227191181318,0.2888787874509281,0.6379389301970789,0.6489508970657766,0.7088877233061068,0.5791471850702373,0.8137200738115263,0.8062931537721034,0.471824386724071,0.4767336736460031,0.5402569942745795,0.6250816177734373,0.30797091759618034,0.5610447517835886,0.3668039558490794,0.5061449846368204,0.7998800643228697,0.7003776853936291,0.8245191409310474,0.31356025385859376,0.6696675655650313,0.39586160664405423,0.6945420841881244,0.4590199837738955,0.6946307670049745,0.9111994227953739,0.5110455312753174,0.401724242387566,0.8748476618056245,2
29,backbone.res4.2.conv3,0.3760462895782418,0.7202935127709607,0.6916877063747247,0.7125469217062333,0.8614626466923033,0.8757437177034729,0.913699704996801,0.8429878222824851,0.43471063558943485,0.5579120727782192,0.5512785632247511,0.7827135291461892,0.7218391328398684,0.3212245315953142,0.6154447828125278,0.45243595670622355,0.4990864450547879,0.886103206309069,0.7304465184048232,0.6726952726028048,0.5870545433685893,0.8024875305620045,0.34281952542319805,0.6990914481902774,0.5411208611617607,0.924203802767417,0.8878167426749166,0.7017657811613274,0.5176385579873906,0.3065998653089494,0.6256887373553457,0.6433009534169201,0.5754036535427992,0.46802324635645676,0.7661019618562418,0.36522703831088477,0.7567392494628402,0.8053320946642026,0.9703447832333324,0.536485525083384,0.6993046931992418,0.7477462499250347,0.6819034869769316,0.6690209810556375,0.25409963008144243,0.5401371755041859,0.6994663916821431,0.42241126835634285,0.4083857996640344,0.5537234618306529,0.40701988593787536,0.7583020037980593,0.5344711884018504,0.7020518540904054,0.4817053626160807,0.5152062120553339,0.8187764290893025,0.28670743622940403,0.545823597649505,0.795766017116076,0.6712741066044647,0.32656095522731016,0.6211410483861315,0.2787081363787281,0.6823223406835963,0.8388713255054355,0.3504085928501838,0.5212556804255956,0.5237979251996784,0.673057598565762,0.9851778218420294,0.45237724523746914,0.940454395372703,0.6972152573516751,0.6686065381104944,0.45440155401171395,0.5015859430155756,0.8273217149969369,0.7709647727496807,0.8201377747144306,0.5448856894237677,0.2693660422639596,0.7740249613462435,0.6563552831673017,0.667905449614458,0.7284164658302182,0.751965431335743,0.7666645884022738,0.5165452369874782,0.5457483604967314,0.5627495036423581,0.725721691210463,0.28177193111729554,0.8537310967803566,0.35159197086674104,0.5217682355827707,0.741341144957692,0.679769277410217,0.7915527651785532,0.25083212377052294,0.7065161155874513,0.33958330848647567,0.7991128486454289,0.5102388267517344,0.7420580397496367,0.7931062912042596,0.5457597893041327,0.2915990468729745,0.8601549308665681,2
30,backbone.res4.3.conv1,0.2871271656394981,0.7320884649437535,0.35087643137014274,0.8103519466958897,0.8722454623963848,0.8595598827200484,0.90177491521315,0.8790714747384105,0.6880312876034304,0.5105275024564677,0.5953078122628185,0.9137109555867473,0.7147053416700669,0.3957634318045369,0.7182197284747038,0.6242337646016375,0.6609782891145141,0.5756646335973366,0.7384702868361176,0.5133968654488648,0.7061796196075267,0.6881982672504008,0.5597851380190095,0.6369131933061561,0.7790507022602777,0.9130298059390455,0.9096819250106566,0.7329121272911563,0.5334947526597089,0.34674161766500416,0.5907715106053536,0.6357721255771738,0.5183548383283321,0.3192041559010859,0.6522531714496952,0.37219374413027534,0.663412219430663,0.7967794878479725,0.9808729742184864,0.5325090376509427,0.4437089866644786,0.765667923452867,0.7191117817405552,0.5989069741689809,0.2398160515042787,0.3863939319634205,0.547153567517012,0.4848008341224813,0.5652275011440283,0.5760418820985499,0.40881066890365664,0.8797589301235695,0.5191132190568033,0.6985130718163651,0.5191794772786891,0.6274331108359935,0.8201178359367723,0.3057335785041136,0.614875110939755,0.7862637101359164,0.7588328515402639,0.2703390157883095,0.6155184629029508,0.1441205184786391,0.6406813295283568,0.887057644969524,0.4155697823690642,0.6998838372835273,0.6214862509034831,0.6183655083851796,0.9761837117139006,0.4549251838970698,0.8632867372340054,0.6949315243405709,0.6767193111145304,0.42195617452762885,0.5689383437563955,0.810305179235198,0.6835860525704744,0.7847461113347232,0.5888702871301575,0.27372301651293623,0.6185601235584813,0.5736981453685633,0.7251519411092322,0.7374141078586209,0.7318700614151427,0.8688946239253127,0.6589738493050625,0.4900505048492611,0.7662401283274316,0.6421728296504982,0.28324478284071086,0.6993743876653038,0.39902662168716435,0.5443087733895867,0.7894119785622961,0.6125678375202563,0.814782249995748,0.4097094548147539,0.6812011581998041,0.3327565532419027,0.7487162222853313,0.3966580193634567,0.6935904599860309,0.6547532801926895,0.563764052812928,0.3088800853103966,0.8539931082068655,2
31,backbone.res4.3.conv2,0.38842042112603803,0.7027190294937858,0.5617080045199135,0.7727730908643835,0.8691836540529011,0.8425587809847048,0.8971435645712239,0.8872636349281087,0.6176279065513809,0.5659569773928914,0.7169477288881677,0.8760606604069401,0.7172027463123619,0.3370131060781171,0.715073198701689,0.42827200781053665,0.6644265701543162,0.7461935190547538,0.6831950491025944,0.4130240616276571,0.7884759905323534,0.7794274777183742,0.43166912590614587,0.6179238999147174,0.7573108735632496,0.9189493424245677,0.9361362642961814,0.7628791560183911,0.5274364134104165,0.2686205028740267,0.6336934150350569,0.4427917530680161,0.4966960569395235,0.2891254909385733,0.7469427443600622,0.39400708430831793,0.7115234808921479,0.8759148065533721,0.9830328558514205,0.4798292236668909,0.4903659309126616,0.7017361762000152,0.8147303873990982,0.6892474559604703,0.18962895088108955,0.5234743245138023,0.6833235881364635,0.44615005792305257,0.5755171775307649,0.6074111416983237,0.5072700799616275,0.8111422013405374,0.5584305609166694,0.6565346902712591,0.43312603216902906,0.7731905524790409,0.8075302690667389,0.6177564812108166,0.48240281817253255,0.7972002038224465,0.44689636373967123,0.19251459282835337,0.6172901854599842,0.27763076657888525,0.6050461099089856,0.7496307945332983,0.6437359307192604,0.5146575332588126,0.5653981784208822,0.6056206551308687,0.9779021754487637,0.388981682199028,0.9474379235040726,0.7260565498268856,0.37158518577750715,0.2576566150588276,0.5694865002964979,0.9203693163963809,0.6012128470428091,0.793678933702887,0.5913301529991584,0.28159552011070715,0.8482158112125733,0.6571565857117946,0.7059222993099571,0.7156690491262636,0.7645307090361279,0.8536391882388402,0.5458520410812243,0.5586370920373106,0.7428824412736921,0.6109972234118776,0.3825553178076929,0.8243469197367462,0.3549136560898139,0.5665447001587947,0.9218652318488335,0.46737835388431864,0.8393353199929208,0.37403353961001967,0.6821776801349462,0.36837236503985527,0.7789686143497518,0.42529635179504605,0.7608136216866258,0.9320500627307013,0.5373896360855716,0.3684314569442818,0.832551748459625,2
32,backbone.res4.3.conv3,0.28376943317017367,0.7916464568131132,0.7288182358282934,0.7538988503414641,0.8776752579016455,0.8678810473318048,0.9374406933289591,0.8755147936206794,0.6075826605417888,0.5718772322654043,0.5757561068037801,0.8555857004154989,0.7328364280281011,0.32375924133498707,0.6609185308071042,0.6734527336207896,0.7039155190356773,0.9515541415630538,0.7021728972399115,0.5212616987061948,0.7753422423559265,0.8066784005777534,0.527147796488166,0.6635549808343711,0.8206288723741216,0.9322910581301832,0.9320256493467334,0.7151031676530459,0.4706081861876982,0.3190212088447517,0.6231738801995168,0.5498936036002533,0.3534017187823603,0.29437209662186103,0.7000580834291166,0.4050743275225076,0.7531870196413996,0.8271266839840483,0.9859147982389086,0.4637813699864567,0.4296802797609845,0.745242113245717,0.870739785192993,0.7443736463064132,0.24353153381722575,0.30063782957869034,0.6926129495397958,0.4186081521071414,0.4587284916373329,0.2720085599799733,0.32449501971635397,0.8085834393402823,0.5498786097379778,0.5289572550926709,0.4660519211285591,0.5354660384398966,0.82213482112859,0.613256464999212,0.4691003609271758,0.8077769369406225,0.4769934835463436,0.24140187904276694,0.6321976588505267,0.31060502356920083,0.6762695494826546,0.8093581784256263,0.8193158323955869,0.5851149594376126,0.5860316877048865,0.6379989993806898,0.9859155477061893,0.4091602128935527,0.8095388938547696,0.7118128437918441,0.4343514605011466,0.42904134754377776,0.4630040064028106,0.8923924122110068,0.7030440477637725,0.8320972430566004,0.5567472410625055,0.28651076992138413,0.6266219991455104,0.6629945435203101,0.6975562619669875,0.8825918147664981,0.8101404585293284,0.7837075759745892,0.4480977093873047,0.5115868069693675,0.5045442284086262,0.7280795488850179,0.33812650956247614,0.872348631751371,0.372212079362834,0.583702196599137,0.8278009298498835,0.442440730656022,0.8639641177731174,0.339728192715358,0.7143331707387685,0.3292224629095733,0.8422197487491525,0.45290097446204663,0.828065920465174,0.9322331157066205,0.4928984953321203,0.3006409820887472,0.855480547843191,2
33,backbone.res4.4.conv1,0.28243201197332707,0.7755219883029678,0.7070769950273259,0.7751620496184226,0.8698792012401829,0.8725691288636337,0.9304593086759867,0.885394650446002,0.6404900888146746,0.4772037280225957,0.7253839952600547,0.9318372509899986,0.7375365316859569,0.2711663034741765,0.6957723697839472,0.6359968422925136,0.7438319183389935,0.9467418820879474,0.7621212480546123,0.64383524779918,0.7906202029135226,0.7527007476796447,0.5348502233105118,0.7034378849820937,0.8276954657838005,0.9340073136031474,0.9640038717697816,0.42195211408474204,0.5339518787396693,0.3280839693161325,0.645329428430168,0.6267942345026296,0.47225093846491867,0.22936105728742046,0.8562002505179412,0.4208452529339559,0.6802538606788138,0.8508172914417305,0.976262403273131,0.4599658676167454,0.6546247008668992,0.7547313057227879,0.8775914437325776,0.730765985232235,0.18635636236043512,0.24545322339195036,0.5557785256401104,0.4145429349836649,0.5719897194185346,0.26142216926632933,0.5026057084334552,0.8969410813902018,0.5569309592992222,0.6417208034266756,0.47037350848869675,0.5147813158848438,0.8523844976088671,0.6060935944651393,0.5168511259098275,0.8133098330526783,0.7437843882954859,0.1642215223595054,0.621038205107808,0.28116150679044155,0.6484465249989775,0.7953671104522064,0.7851120482871566,0.4653263265662259,0.5851495149413982,0.6461962443045909,0.9773990251590167,0.4251949227680176,0.9457566023898182,0.7367694795349696,0.6709982555758339,0.2945804222745346,0.4756738519816973,0.8546159639887887,0.6978403694109673,0.8288468876018847,0.5387150946379831,0.29611837278417,0.7191182643550782,0.6115186058452663,0.6779165048855309,0.8798255734784552,0.7983777361297079,0.8018342202307176,0.428171278951746,0.49798612340909004,0.5905718175204742,0.651942798025953,0.3367707008596242,0.7599838926576917,0.3667154430727275,0.5601265096229953,0.8154193154530955,0.7101075098013548,0.9374759983490791,0.47853370345812296,0.6613519582372742,0.34648549657440153,0.8153457918426308,0.4216945161532591,0.8348486559617324,0.9305440819765611,0.49062198388760186,0.3642240794587971,0.8791230309454033,2
34,backbone.res4.4.conv2,0.42526361906742705,0.6887069390276611,0.7137038580445245,0.8340892160972408,0.8742995113967477,0.8322267095955487,0.9252898810497245,0.8955512181337124,0.6352213051602149,0.5719532364679323,0.7617866157966253,0.8929837991873918,0.7348165877367945,0.3290491763078808,0.5675822053701431,0.716384403096737,0.8030838854317449,0.8084799790870306,0.7374940254019526,0.682290201999303,0.7940804161078613,0.8154958639511204,0.4497164818400446,0.8591079862443483,0.8191158191734496,0.9353052906314634,0.8850415088283023,0.7551286392352954,0.41658337734322315,0.28870645864636596,0.6357163244384091,0.5927028488894153,0.45947330153909766,0.5570377357506024,0.8201203418097848,0.3717461056512504,0.721109845464645,0.843295162147259,0.9631282276803871,0.47024410058136434,0.4257996569681783,0.7696001763516078,0.8845246261224746,0.67520289496113,0.2418913736337295,0.3232612426217353,0.6981494071138887,0.5205752882845051,0.5626284792339288,0.4366112986288962,0.3010840150190687,0.9070004190465786,0.5451290651858673,0.49421165714594323,0.4212765562816026,0.600193830005776,0.6151841641865151,0.2944757766453364,0.5804981131692495,0.8031363826400794,0.7535123940076239,0.16027842686773913,0.5361982460230381,0.28236928995445015,0.7061718215957534,0.7829756272044852,0.8457345647777172,0.7770926876716026,0.6046236059636193,0.5793445736604755,0.9451672821028192,0.4902344954904674,0.8578705553279612,0.6980356376082869,0.5083668110267978,0.30686730784646643,0.45296077896053305,0.899255992221652,0.6680555830679782,0.8407590137911232,0.5669911104833326,0.287910237307331,0.8589380741196023,0.6788275589034549,0.7166636385990975,0.6986050486301206,0.7616952708402293,0.8474854986928982,0.48340465326083437,0.5298497652472035,0.7879107580085041,0.6387856955816879,0.31573322954153293,0.83924172183796,0.37813191693263376,0.5222488752833188,0.8641268408350371,0.7116462758507524,0.9379078045506757,0.3695263181369263,0.7386390757607549,0.3631042673205254,0.8325307093135846,0.4109439978094323,0.8182267946375826,0.9390325405467603,0.5139641660553829,0.35843191890545445,0.897282029693148,2
35,backbone.res4.4.conv3,0.5189924072677522,0.7698610494440419,0.6940576247213721,0.6800394305065738,0.8844056803646859,0.8258366294725232,0.9215705045627085,0.8959911228520382,0.4841872154206786,0.5269446503923035,0.721625493117655,0.9065875044710325,0.7184064457336578,0.34980237514565793,0.680243822535317,0.5601736198483024,0.725262388018067,0.7698310494911768,0.7305485401393461,0.7284939180732997,0.6959315811522189,0.7652814861192497,0.3876493755410833,0.7813272426683001,0.8216146746898019,0.9292864037473302,0.9248376671176042,0.7339460686946582,0.3964826055841182,0.3169130633995581,0.6125672087657958,0.643653307681139,0.5815329823605719,0.5457503242783874,0.7962225117780326,0.36710619613562573,0.7211005743606774,0.8497979797261244,0.9785545721376038,0.5332824005565852,0.6072815569985038,0.6834056267429741,0.883326887521216,0.6532664320659999,0.2517679764682711,0.3154886521250718,0.5801611073653398,0.47331259725602426,0.5098677950043641,0.3099100795266785,0.34173121442839965,0.8654116432566017,0.5385517542355739,0.5587062883374668,0.3856715003121461,0.8030204030538607,0.536573847072264,0.5891599933989886,0.5047142767533559,0.7991544975794573,0.7316772049047079,0.18734949264502246,0.5998268685849063,0.2744888474244518,0.7025749065162248,0.8077601189164398,0.4120574675718403,0.8898287477139867,0.6284744584979444,0.6129267271321,0.9801400449657404,0.4862309813200591,0.9230809104096115,0.7077775714591518,0.48356265564170253,0.26987794012865,0.4898802730686556,0.9122671325678274,0.6777920563648875,0.827527117947959,0.4804377095271806,0.28655220671668885,0.8049307990265568,0.6892097361858895,0.7181429411619137,0.5695475139228029,0.8199968084780203,0.8495111478418691,0.4758654669790283,0.46476674351179514,0.7704645024856697,0.7675187543416677,0.28523145374084424,0.8679869030175341,0.37839641220987025,0.5558271442551596,0.8323414484393648,0.7102562709067313,0.8962910788461785,0.38555125127143486,0.7449471048652774,0.41587655361610026,0.8234536104381882,0.4005171239615248,0.8138024752883444,0.9568693836299286,0.46582630954443927,0.36767244306372415,0.8754304951270456,2
36,backbone.res4.5.conv1,0.23833291723684843,0.8163820925108206,0.70491171440225,0.8211710544321813,0.8751494581447674,0.7988281174642147,0.9051472289001318,0.8994059187757172,0.6322939581362608,0.5367755700861229,0.7476370555342455,0.9347313237678839,0.7157129752826119,0.3978858467278573,0.49925675899634536,0.49131697527970963,0.8300931489604871,0.8042985169184468,0.7286870194933022,0.6131033633450539,0.7046978124724365,0.7933132272337321,0.39987696516998067,0.7647928903309512,0.8250688457672138,0.9309282045947844,0.9493859637101968,0.7427877494378166,0.5361527960769923,0.2807977647486579,0.5072852167084371,0.623866119133745,0.5697714010412086,0.4509623547842742,0.8005906170608936,0.36694695412145073,0.6982935684468831,0.8483518334595481,0.9776044253935577,0.5492226138485623,0.4163502457080132,0.769780586032782,0.8750648620779902,0.6507140696935625,0.2535222440046404,0.2507743699066502,0.6179960476086024,0.39057758563305434,0.5299365688508242,0.37299611258859794,0.40115241423755854,0.8601171056013597,0.5403226664624746,0.5368632914549952,0.4866785572306801,0.6296966612648648,0.8639769496712931,0.5852549073691192,0.4954777197186369,0.8004844684306834,0.763138042590172,0.15270142700141942,0.5914708724034488,0.28383824633831667,0.7602849001805004,0.7772464265381054,0.3938378598982478,0.6069100855757199,0.6230908264838678,0.5830739428414873,0.954792637114863,0.48446826068696547,0.9120314163532341,0.7223660488747649,0.47410086768611365,0.2996699547765757,0.5052528891598009,0.9173822239695311,0.7335865675673897,0.8209079819952732,0.5272914773465508,0.27945136345636656,0.7644977915226246,0.6399739451684491,0.7152431701742297,0.6375649653939108,0.820308251636495,0.847859593257217,0.44692527123890724,0.533063896637609,0.7674990178691359,0.7703431028363409,0.3358052578060976,0.8639003206328191,0.4047216188707795,0.4917715714866944,0.8384119170795813,0.7027373131270876,0.9255597133180925,0.346975762438483,0.7553285377929785,0.40358213484161737,0.8323589405476809,0.4142594974488338,0.8015830729094379,0.9585144049072656,0.5156086017790117,0.35752895279378927,0.8781632002047112,2
37,backbone.res4.5.conv2,0.46400424703914345,0.8054600543706351,0.5648136183294725,0.8494803727820585,0.8602635824454309,0.835872841944262,0.8600759274758024,0.9240386456523559,0.6510648458975752,0.564106724106873,0.781531204043325,0.9168926715118985,0.7105288927918708,0.4795753305075752,0.6347327536029184,0.6643530363602358,0.8818387169688482,0.8877733674602123,0.7231225460781343,0.7506732938562526,0.7587977655629795,0.8390370553349082,0.4514948670334403,0.8040565068730466,0.5863322660171129,0.9459487464585503,0.8899896706542066,0.7503782217465013,0.3567540108602347,0.20313372762767457,0.6725606598690362,0.516420580026539,0.3821239210988772,0.4521198760691868,0.7986830865662374,0.423161070790185,0.7225756059005607,0.874362263199963,0.9635298636201128,0.45723619745444494,0.6964779145447069,0.6518871578221489,0.8665120586518373,0.7301014865585358,0.203723032555767,0.5112343891759251,0.7108226469990953,0.46351891212413904,0.6076850665348803,0.2514401582699505,0.2566978563075903,0.9008439369552418,0.5593321578111301,0.6115542456108706,0.29281089548985223,0.8039033273528643,0.7127407865347256,0.5053261777843405,0.46427571085578423,0.8012575385578006,0.7626179902452375,0.13632408483443906,0.5713700739490349,0.29069319392514,0.6392582909291655,0.7788067219419536,0.3148941318334034,0.7363279391534406,0.6267888526479058,0.6167731577641767,0.9407387895450172,0.4678551081329399,0.7865198199605485,0.7365120181231463,0.4732812863690533,0.203295537090847,0.3974856551895769,0.866641368621052,0.5955769614739557,0.8383649737497431,0.4278785462122171,0.2968306344541035,0.7867845161586486,0.6611703721733433,0.7038854185360552,0.6811742174890761,0.7859198351296841,0.8251438016938325,0.359941535987169,0.5446039471302709,0.9058130327750528,0.8129046423276561,0.36579824720704096,0.831700085556467,0.39729005146008217,0.4079224586850612,0.8728296043950168,0.7101073440309132,0.9481283660598094,0.5274928165260767,0.7458994871333022,0.3585505484646239,0.7856531772701792,0.34937490891220446,0.8466890789286929,0.9590153708226008,0.39878136306924694,0.2532380189940561,0.8988418429271836,2
38,backbone.res4.5.conv3,0.5371184852029778,0.7617171252096142,0.729247623928725,0.8601655298169276,0.8703101271741366,0.8545542663343574,0.9005659734610002,0.9158552027245735,0.5538228888910044,0.570742750333895,0.8685893184423551,0.9375720484151651,0.721787713281578,0.27918108466388664,0.7606286085090556,0.6701004862685059,0.8710984372965274,0.8723870712502524,0.7320887359066304,0.7229956772894736,0.7674121334639648,0.8926709552221828,0.525617343903814,0.8250199014277128,0.5578866844242196,0.9393800939359956,0.8816340240840017,0.7764878245541477,0.41155020361978395,0.1873076759720264,0.6731489207969488,0.6175225703178173,0.5752428130025182,0.6110442455280365,0.7900551818484935,0.41868559989674126,0.726923981860236,0.8630088347257966,0.9816825568783396,0.5284038741974632,0.6520002706997146,0.7391981004435282,0.8757954799313042,0.7102195827104587,0.24118328000482772,0.4838905997189529,0.6065045215664431,0.386191547484962,0.5450870933100151,0.27690117476785714,0.2599613702192189,0.9085412085621398,0.5543668710306479,0.5278745292261925,0.3005331733858047,0.5139933308403685,0.5116163596782195,0.5709273166318231,0.5246839490765142,0.8033333510957263,0.6531992922088162,0.11860706171719522,0.5318475637962066,0.26951829671699307,0.6665833482375261,0.7912322397374916,0.34238999314214463,0.7676137620360262,0.6310763873456484,0.6330080369037123,0.95197669709038,0.44271487693189093,0.8063189939959948,0.7211893283875775,0.44927062487533215,0.20458753364423446,0.4450527898410015,0.858992327338734,0.6687066540735891,0.8314568218789437,0.4546661699776523,0.2961174424179532,0.7499956595163524,0.6123649227566011,0.7144075660178684,0.849752688131378,0.7929728043522498,0.861639750652576,0.41388287127816836,0.5113071366710704,0.905181726525536,0.8747671661035962,0.3459514552747344,0.8295685533434506,0.3568642401068539,0.4963710765568743,0.8799541919249256,0.7121336434478359,0.946185398351204,0.3262732306799885,0.7448183635979094,0.35323887651398,0.7867647261510772,0.3178894308163212,0.8329230111934729,0.9516832565884544,0.44706418730374475,0.36702888298789166,0.8857584891638964,2
