1,2,3,4,5,6,7,8,9,10,11,12,13,14,15,16,17
0.5391918098964178,0.44049200538500227,0.3323547341832587,0.5294532804498919,0.5086630894156132,0.49343967012702095,0.3844587215282068,0.5998568444099995,0.6488288066248349,0.6092365873490112,0.5746750204204318,0.5274514645920245,0.3957897338916109,0.25938193604211096,0.5965731182851399,0.33384626104890813,0.7735875299598721
0.45622670444160646,0.4030680202306828,0.32438143221096294,0.46345739274091025,0.44629158255471224,0.4131106021940195,0.2792792664387232,0.41616577329489723,0.45783940494433484,0.4601973161263013,0.4526325872991997,0.4062090143751676,0.3353837150161162,0.30396230949693864,0.5256873275512921,0.35149274646343037,0.5604305216850423
0.2345316247391326,0.19353838633270282,0.16108235794975564,0.2310707498562737,0.2144638622762491,0.2816354150615337,0.21825434938605273,0.2682271128307556,0.32908018053728416,0.31726649022224607,0.2730077777465673,0.25091468002446893,0.2636097017478559,0.2777169702577311,0.217237390583972,0.41589084891233125,0.46296417459211325
-0.015510980686456436,-0.004792255119297099,-0.005391867050237254,-0.005909298491052992,-0.0033211994944598857,-0.02503345541969286,-0.014673048601708224,-0.0016249245558724494,-0.017408423510430607,-0.00603847703504467,-0.008996784279679164,0.025418228704029787,0.024231890042912187,0.020165837709921003,0.02127005542210101,0.03463164412729848,0.04742599984162594
0.20957754500673795,0.16456519309154696,0.12317133199761189,0.19944010961096187,0.22215194152669734,0.1921571976548664,0.12158816016560418,0.2771278038230247,0.22989951061203373,0.23346183017849698,0.26636345985483667,0.27881003038335167,0.271330385954579,0.1882616705988627,0.3279592262061492,0.1780594280816939,0.37154877322472374
0.24486838755514978,0.18124236419634823,0.1411384260976104,0.20197770099568482,0.24816633032698332,0.2409270979212153,0.12956913871740122,0.2697717904135332,0.1576253683418852,0.17817905470399512,0.19421747604910622,0.24344553857748982,0.22700891044464871,0.2272763038299902,0.36866990677970324,0.6341806560437013,0.6601149578962309
0.1384523805758366,0.11090237986488055,0.08050003853775835,0.1459912223880502,0.15980769951615612,0.1318231429684242,0.09444862017731318,0.13576164422787534,0.08380408479790297,0.0691724934677789,0.1076331537493687,0.12859264932199355,0.11496172607013465,0.09489391172026775,0.22238158858672544,0.13664891029694728,0.2592262261185442
-0.006427591862326773,-0.0022221940082839606,0.0007057116736336542,0.002047358611131584,0.004683904326898975,0.01941007491095104,0.014907946582290544,0.019816295534073602,0.022814296675815016,0.017097385395444774,0.018301519961417653,0.024508463981845672,0.02899000128452606,0.036459925798004535,0.012919024702965154,0.061032487914893886,0.05792449588313656
-0.013505598132373842,-0.008694922451072373,-0.003716227248976784,-0.011106868415053251,-0.012368870000418102,-0.014801446828321092,-0.00947889989259386,-0.022305570035202945,-0.01966465554431965,-0.020969242443260316,-0.018630824129505723,-0.02273093426322613,-0.023086452273613143,-0.01743362095248647,-0.02055549281161092,-0.023951806677257013,-0.02500914055669953
0.03036419887989808,0.02687925844220901,0.01955258064753338,0.03139827250290313,0.032689854262578706,0.027166041381554002,0.015955271009482207,0.025274633416870432,0.03378827691758051,0.026286281834536445,0.02273856314394003,0.02030585435279184,0.01842852026868088,0.011207079128346393,0.015965051210035115,0.019970693557737305,0.03136487914123316
0.0002847368694132036,0.010325899125846222,0.004583931005592409,0.01925460064921318,0.025701879979520545,0.032351474495123975,0.025321970652850415,0.03897662765828911,0.029781507037549736,0.011537462458816556,0.006999193730798433,0.0033425732586016554,0.003039400125388966,-0.005651334202219939,0.05884703077407412,0.04952482939958151,0.04551579484349488
0.21574101569039356,0.1903646728779673,0.1447287504345559,0.20850361892188493,0.21928436443357738,0.20981388356529773,0.13640354783775577,0.1838005873839937,0.14788188049425274,0.1496101274346663,0.14756207367823285,0.15951938285238287,0.14991707558955517,0.11300674631470459,0.253286075671821,0.2728046204159515,0.35700199028420065
0.3192005585152978,0.2723645349508005,0.18167083383889668,0.35265586693816353,0.3689537791631903,0.3480438924067891,0.21820686930495253,0.43365625746768666,0.41588737151935035,0.42338011133871783,0.3729751934188031,0.29690465048134146,0.21327329726155528,0.2275347861745476,0.510590991522673,0.5774814425134085,0.6179743544413475
0.2596970281502188,0.19444395304746007,0.1244505780931018,0.2053506761201631,0.19251417763406056,0.1756046188055811,0.10172784601886217,0.2454108638459456,0.35460015019755164,0.4751038578918629,0.5112835408016851,0.40772264332999814,0.3406389023182561,0.3367283548719132,0.18388608659993444,0.5636928888644043,0.6790064871963801
0.18332764795910902,0.18060981584324318,0.11203710469844864,0.2140122034695522,0.203080567498787,0.20078382021345367,0.1433004388272229,0.22322382598240614,0.18445540198748267,0.1342553754811165,0.09909105467757948,0.03824007667662691,0.010296278027888723,0.01708791052526779,0.05070200257191127,0.10677724666864269,0.17659440362016973
0.003051639680015845,0.03361661382227429,0.01567237940418842,0.0556732441041222,0.05475823842569293,0.1017036054428038,0.07818464597682563,0.1088843346414958,0.11596826301923839,0.07310303622496608,0.03842838641581043,0.0007890357241815805,-0.050193516848858234,-0.07643198833215603,-0.00263682670526688,-0.07349897438296651,-0.049142048970449666
0.12875032389398036,0.13000583889352266,0.07334486289161307,0.13503514014697596,0.13178299615445646,0.12144260559025158,0.08153712875790707,0.13694088664542675,0.11341050563784867,0.1226045847675048,0.11867502592292396,0.08028368765496056,0.052563515051278785,0.06608096723946964,-0.06291337270957031,0.08786015628546004,0.2858539866433055
0.3119007869463597,0.24612065662159302,0.1690952105707728,0.2788115308656329,0.2900798219524067,0.24489572633528991,0.16239382999312926,0.3041845181680621,0.24977054143465047,0.31858765707655784,0.2037714876963791,0.10134725178433399,0.003872257797825515,-0.006939672363021919,0.2196691581386855,0.18269354702037832,0.4031385152989089
0.16366069873688155,0.11453050123253306,0.07115708572457113,0.13806932468042774,0.15868684671107242,0.15283994391919947,0.11099036969148547,0.2303037915136722,0.16531893287323499,0.1426287404698155,0.14267427557971582,0.1342516418873242,0.14877916520152518,0.163967730507473,0.12737527687380323,0.11963469000121281,0.05510118222672848
0.43293916586793224,0.35466011422662724,0.2657001749569555,0.3894326010075178,0.41143355783579527,0.35119478640871077,0.2688354931072029,0.42010597147174605,0.41660392730902396,0.39516665841299353,0.3685456282056106,0.29147712298561873,0.2066054051480257,0.20202716268874177,0.3668936333211912,0.27659471146275666,0.17404979231574078
0.4104277524806639,0.3517374423232026,0.26714010421891654,0.4287635034865828,0.41616083204517285,0.38244867271019567,0.2711416085922097,0.4934654342779275,0.5154920101625813,0.5025807788292626,0.48026270474340377,0.4519200170146974,0.38076605975437205,0.3732059467122112,0.4924037559018445,0.33864333123646867,0.5136562441463783
0.2709435181113918,0.2660427375304978,0.22010483298316966,0.3609894765924199,0.35840918475347694,0.3313331072885749,0.24415048711649875,0.3074286598702085,0.33265264647947457,0.3133588483238584,0.2853728622961984,0.30160574921565786,0.324192044372799,0.36612379547619245,0.3584596198909239,0.4862727533849718,0.3482593259259315
0.43742110093050857,0.37409123049118764,0.2800955367112895,0.4405622492814151,0.45072805885898193,0.4371847666341884,0.30172957109379034,0.49069361603877976,0.5230816645370877,0.45953793265133797,0.42528231847186365,0.44291131092510616,0.31335519458619154,0.2384556198934325,0.2830159458054409,0.19347226147277238,0.5123749383458531
0.2737268373763871,0.24785061522310792,0.17348636537323314,0.29077022326069757,0.3082746441412501,0.30655931935924274,0.1950543165733265,0.31456360631625846,0.3246980560906013,0.3148501326790107,0.25913427736136174,0.30791881504723556,0.22358948164776135,0.22622812144277643,0.22800561534283245,0.1495362827502887,0.3036659267949171
0.21826475457606442,0.1999769805959153,0.14231001239883342,0.20798859955757018,0.2171133633945864,0.21456722242956133,0.14151961436237073,0.17629575386405613,0.30661999684469904,0.26550892780666596,0.2275810951728865,0.1254303994510049,0.0309955376032439,0.026507002433477735,0.011768112706341037,0.4476682651570591,0.487856704137675
-0.004002324634388796,-0.005182400579629548,-0.0002441657918777105,-0.004185299818859477,-0.005052368821362462,0.0076845640164292526,0.0034355652161929882,0.00897680144965595,-0.00719508757375366,-0.009079138334539568,-0.010230315168034207,-0.0016906039020892706,0.006583404875522124,0.002016358490777574,0.03514552719694794,0.019866490815116388,0.01996159543301037
0.13925769419470532,0.13356851706555667,0.11074025148551049,0.167786472349402,0.1632476900492343,0.169667515506547,0.12339619475969425,0.17336281360904504,0.16610240201153736,0.14360329717956485,0.09252133918797775,0.0696330136087819,0.07747692226549321,0.07110108755140022,0.12251844757411304,0.12478470990313122,0.23913036606457636
-0.017497827418172227,-0.022186648497756065,-0.015088257710416593,-0.025505648997408283,-0.023382815594112635,-0.016655897849430168,-0.008703952692875015,-0.02013753112692707,-0.015495231286277856,-0.019953990369371222,-0.019637307587726395,-0.02213472443960373,-0.016633157748566576,-0.014076829394404413,-0.029227404888569307,-0.026454647907171287,-0.03188582290058282
0.17477111289688294,0.13867862581038085,0.09256340890783793,0.15863613198506654,0.1593153945854483,0.1172623038822349,0.09817092358850671,0.16402361422503672,0.17222343481258465,0.15477030337045114,0.18884253923403194,0.1811208163178151,0.1497203607386611,0.12314362780920932,0.06642468125043915,0.07394175593598559,0.21648534173139883
0.125460279962209,0.11871026830556121,0.09294874917863315,0.1311784137623772,0.15810320150304114,0.19305259780433318,0.12119952327347712,0.19530468017862393,0.18672674002007827,0.20934165346967085,0.17912987217905008,0.16507209348991378,0.08962086669407052,0.07531918121494854,0.12634873593442641,0.19544952208939023,0.1744328117721218
-0.05746178693419966,-0.048995112279991086,-0.04326231980578574,-0.028862941597955466,-0.0369675336513626,-0.017790905434342922,-0.03924536486004473,-0.026906170415151486,-0.007489508783971134,-0.061268273128015,0.014540998861824111,0.06826900323544137,0.05287973511892311,0.018820155744122196,0.04082512635663046,0.09728273503459874,0.04087858584963926
0.2504571892266964,0.22912313509572635,0.1462478118245187,0.2597352867344399,0.2662889999674649,0.22983080657543353,0.1367590794545101,0.22064009448495855,0.28447339876778016,0.2636036446411182,0.2660546548461932,0.1704837450327054,0.136683755543499,0.1763753436169896,0.39474486632189626,0.5339103594415614,0.7881703062942452
0.16659946626987243,0.19252138747746772,0.12480023288935431,0.2103841554170428,0.1925656276962168,0.18180721572788783,0.15465069964460545,0.20945373752420535,0.22116800288822766,0.234271713052441,0.18886777444585864,0.17368706011633103,0.06246973300153249,0.05263202038027896,0.12119265208111718,0.23096693876358051,0.5115019552622632
0.39278520336744566,0.36287545496712814,0.2649147655814374,0.4364599853740293,0.4595601785992399,0.4540199362340651,0.28836552888739236,0.5249203231571196,0.5002467727667392,0.4594600049940657,0.3809131721309679,0.33908500718156054,0.27084312004650735,0.28316572664247097,0.42364292774161916,0.5331009369165071,0.6681117270190767
0.14996490698369724,0.1375220127415539,0.10397917513300182,0.1784975365492415,0.2221174929627009,0.21393570492399025,0.14223156539823564,0.2651424472760846,0.1882381246986151,0.16443390942664413,0.15872642806537468,0.1647090317672869,0.10664014559426808,0.09725160243510135,0.21926578431239885,0.2554962515281002,0.39611086104206417
0.05801547028375199,0.04262058349389515,0.037360581446147796,0.051194171956031,0.04964296941254803,0.08112477453833629,0.06382114129460258,0.12294811398088874,0.09225583993437984,0.0686996094533745,0.056863211629994824,0.06377453210598422,0.047558606558243434,0.04730306013684884,0.08953906989571361,0.11402636402698366,0.0965635862688904
0.2700975030194893,0.20726327644373502,0.1430485226112084,0.23352961111314066,0.24228181177457161,0.24582129806625314,0.20675930477632162,0.3200295753123893,0.2971508936820524,0.26517575168259366,0.24434279479661694,0.18403552936985487,0.09023219226869719,0.07343322976965977,0.17887258135416467,0.2718810022348927,0.2680873205139183
0.08232699594523404,0.09388882462443364,0.06646361704234238,0.12249824422282082,0.14313297605911257,0.13053253771365883,0.07300712924377094,0.13686583081472917,0.14894834734843376,0.13121029443209575,0.10368207928939951,0.11379067094956886,0.10555937647866674,0.03137239066606177,0.017514175151437966,0.025043009989850488,0.068030016401602
-0.037033404915986966,-0.032245735704480125,-0.024148057783425766,-0.04068185401221171,-0.03828283266008717,-0.040009667424443354,-0.02649910517637363,-0.04117661715120797,-0.04059547823343332,-0.042910590656668766,-0.04308477255877739,-0.04107599441670915,-0.0359343972512547,-0.028282230977466526,-0.035385444523152135,-0.04231372594962809,-0.035054952471280106
0.3845452031479447,0.3649542278488604,0.228283272765003,0.42898377575914765,0.4447504117894537,0.40458443421627743,0.2752466975366224,0.45992039896989906,0.45467100853447195,0.38968829421296247,0.3492957769165705,0.4013110228684946,0.3145652775160129,0.24940940698708963,0.39530017492981157,0.590249765437602,0.598861959358469
0.1900209046075066,0.20548837100830739,0.15644523766115517,0.24894447290836585,0.22962188533367817,0.20638857782636763,0.14283717824276565,0.1704656469256018,0.20476099897239503,0.20775487627188355,0.17054680478084586,0.11538077847960468,0.038979116974982075,0.039825141822675596,0.11123461574794051,0.26610791313620263,0.6908519786737629
0.25663712058109,0.19450657355073325,0.16310383247073731,0.22542423225288383,0.2069328575371651,0.19491256950826794,0.13376752630013436,0.2214872986871468,0.2145359872430746,0.17927158354240183,0.19260306086370865,0.18666708324484962,0.19740260999648868,0.14171951779070013,0.1766955429213706,0.21359660840510206,0.2629713691393267
0.3285649340526649,0.3026623342401362,0.23421983584955192,0.33948377083828507,0.35369664121336486,0.3609246390870209,0.23835446500708535,0.4654265747555315,0.27761410861859814,0.2771994303787187,0.2914747165736515,0.24886733984502926,0.11567597925151439,0.12174666648042508,0.0814605057067193,0.2851280824417489,0.4671765220742136
0.24888798309507978,0.23417173134381014,0.15502328190992,0.2457084079336194,0.21952587082163977,0.24862729972449912,0.1756136763463573,0.3143535343490556,0.18906388621200648,0.1278319329368372,0.1230350367549162,0.18506956038459843,0.10817764336776173,0.06959925290143718,0.06984486456231419,0.19093152128621405,0.1848158821665606
0.09005632790482142,0.08739698989595128,0.05889358658894136,0.08859205646352093,0.09321526250122802,0.09947040047069516,0.07546861324987461,0.1219642438402559,0.10165066628059181,0.126326339282433,0.09829384336119554,0.11305240107806758,0.050092281305650244,0.04309633073189854,0.2531042862451746,0.11653320371564858,0.24490477380305956
0.18119163355976745,0.1895354400144162,0.12327913923822723,0.23970518666864085,0.2450575881316508,0.23478740162845096,0.15251239424289992,0.31175627352391816,0.3173648231896527,0.3066810765932058,0.3241842270334791,0.2870551373081228,0.24361872291532002,0.28160976534619425,0.54389425891499,0.2784548852798731,0.4229366060796924
0.198090421666688,0.1508983216474745,0.09950386851664487,0.1711366705607861,0.15321117662678294,0.1286593764181935,0.10337971018056881,0.19974293024105758,0.25351172922045623,0.24639271256815928,0.2225066478649956,0.24933639806290983,0.2368657947553174,0.2053412807748742,0.2572564247561093,0.34036875656270277,0.32367064408534924
-0.07718198856657632,-0.06277141578303026,-0.05217627616665494,-0.07672216374475625,-0.07424129934879989,-0.05488943033794177,-0.035589260796387585,-0.05605078350760891,-0.04959030149379107,-0.06403455109598076,-0.07027968990257058,-0.05807295485086523,-0.05355983315353741,-0.051397674646588495,-0.07830277991073849,-0.11221324667352145,-0.11892129355448124
0.16040933631352944,0.1321636034466015,0.11435183087149907,0.18674510517618065,0.19703934980837878,0.18912785066381269,0.12512665408356793,0.1469112208115021,0.11135622071006683,0.108376302203319,0.14320453006800474,0.12464586199235386,0.14291101573158213,0.14622936414400667,0.1377771837980842,0.0695886583664448,0.09257775964925108
0.4972438528112859,0.467960099305782,0.23419301184320332,0.4365490961537525,0.4312817563979379,0.34225454995057397,0.1991473049136407,0.4681922121182288,0.5544076739728414,0.47829159928730425,0.4245751408388061,0.4098110771242915,0.3489716270850944,0.2485710090341186,0.39152393552894843,0.48985841734056296,0.47233444498487975
0.17554224577423277,0.1686056440400187,0.11083242173880774,0.1733451162734837,0.17588995617578126,0.1748272198798285,0.11974393422718323,0.23172077061758556,0.20526842242698476,0.14816605492596657,0.13832643157874663,0.0782944428552583,0.03905761274313149,0.03386238621567626,0.15243774841168922,0.26953514923784794,0.2502299718173364
-0.0010691087720498323,-0.003043979754455001,-0.006933192411378848,-0.011352230240513744,-0.00936834849950852,-0.011677019165378421,-0.006142404171052251,0.022586868015967473,-0.005870181336087353,0.008493478188322806,0.01647958764444726,0.00019241729560596688,-0.004456166375308413,-0.005173633413319551,-0.01852655578135059,-0.0008419721663178551,-0.022649070148094697
0.017538551379657326,0.015500293566386828,0.013587683183390691,0.021519920630316478,0.02387979395967215,0.0231267094394359,0.022361317241548908,0.03768605898177083,0.03815379345325641,0.03439545375326843,0.04502814902720274,0.044900856153105496,0.03358520633238697,0.029168028100634593,-0.003544611948427349,0.03491250926176573,0.052787995147594836
0.0759925018584754,0.08798530344154962,0.0745490439409652,0.1017795693362181,0.10403750828802898,0.17178795559687418,0.10249984637202665,0.2154682789583714,0.2288048352059823,0.22272126734444173,0.19585100084741475,0.15990497269184564,0.08305714256310887,0.08687129876633201,-0.01861896346557713,-0.014492956200825849,0.08851307351686685
-0.1138807010787894,-0.09726784828421967,-0.07341115443384265,-0.128151873425481,-0.11532270991035573,-0.10432477590113733,-0.06888622411392112,-0.1270186102472422,-0.12915392024881106,-0.12038603618689954,-0.12179745066481253,-0.11798668734541513,-0.09289558981305655,-0.08769974761584708,-0.15312081890765122,-0.16257178593397664,-0.18110263107045832
0.2201367328778319,0.18139798250420355,0.1366238792865315,0.2513502995987431,0.23147107273963027,0.17579968299775273,0.10984870747004581,0.21463879507601327,0.40237378136892504,0.4531029472384889,0.3760045740213155,0.2691552542161159,0.2642666972152026,0.2466786102296573,0.30677897905880125,0.6056909805733546,0.6196861283684739
0.329571368686521,0.2705053727216398,0.2111772611388709,0.3089158101200125,0.29189682821600604,0.29604546414486904,0.22232318260286496,0.2246286985322615,0.29795117563336415,0.32098671560753966,0.27629488553434217,0.296585070406404,0.29344419195092825,0.321693102155999,0.5702164746455297,0.5568089582995042,0.41402012424668594
0.25004658320468715,0.25149015605607944,0.19105030853394422,0.3046029617770891,0.29658368733853485,0.3170621555785633,0.2195873166329539,0.4131968484023433,0.39505950154636665,0.3231644249221664,0.29709405982985804,0.22256526046873817,0.14890957660841458,0.1568154934193533,0.3376691239409174,0.4269870814377038,0.306172265882365
0.2573115460022169,0.24682786624575914,0.17058521770691593,0.3012803704844472,0.24570864797344208,0.23958105278403344,0.17710774636146878,0.27607469232965914,0.25075219309087393,0.2665252499436463,0.2360852178544124,0.22872786206671444,0.17970532781263782,0.15683138999661456,0.26987754699785893,0.4187520072846071,0.4543227127339198
0.3132619306217151,0.28870697215140834,0.22918820202030876,0.31242346228938506,0.28765243358040193,0.2633694792540166,0.1716114723322895,0.2733838520350176,0.3474855150320259,0.3450729058880782,0.2719109738141432,0.31420422698658934,0.36313982441078785,0.3032335374269594,0.2935787723298667,0.43395164398618463,0.38109126062444176
0.42788271804042016,0.39611188337738146,0.30675740402528995,0.4509392266428536,0.44762591166347643,0.4406008203559142,0.3015962270175549,0.4752021488730254,0.48122906539356136,0.4689761178310297,0.4342183593634314,0.40886484102497955,0.36666240134512845,0.29332649431956437,0.31081496062993047,0.44948845447219576,0.43151206791797025
0.187093988551866,0.16077549423977136,0.13265382749662205,0.19412262910258773,0.18894568953708735,0.15828797440708894,0.09940854219890956,0.16732906615294987,0.22218861803458909,0.22833514004039174,0.21795017574725042,0.21433559415043774,0.21101644193854566,0.21250029675857215,0.26808339850486246,0.3898097274064203,0.29675293409576126
0.163299511565878,0.13049738611950293,0.0879809689079888,0.1511630506125883,0.1579757414698467,0.14252018043255316,0.09196044579871535,0.1376904580093555,0.1687184590939735,0.18675805975483833,0.16450196848148205,0.1367491402443089,0.08406602566751473,0.09772830051278124,0.2120177278202161,0.07600808672315461,0.524452419837923
-0.021336231466493587,-0.01907743897192575,-0.01847071337872981,-0.024874293259492763,-0.02172544923216996,-0.020942254056839874,-0.019319849875689812,-0.03740936603602131,-0.022454224817224224,-0.008142680843201588,-0.019817932251572936,-0.010832246146339547,-0.0047073642247124564,-0.0013644374429201554,0.0058498515954053636,0.010613677709677269,0.013727133170236003
0.043177823167174154,0.0503860722511132,0.020071486049434945,0.05181424831849421,0.04932177820163986,0.030529811040237942,0.02411606619120292,0.05040760333590143,0.0383997109556131,0.026575255297196076,0.026429944979645466,0.04244429003424902,0.055854334028921176,0.06533655277139346,0.08058713205587663,0.003703931375844455,0.03162016569618623
0.03205564803446952,0.029925570419690715,0.013807787389881795,0.030789300686748965,0.028787112984302303,0.025957533712358705,0.02195167102299853,0.04524359928170275,0.040287407755995826,0.04113352500195418,0.04727333694423395,0.013568675963103674,0.0022737583069114657,0.0038665935726740906,-0.008854893342226852,0.021331433866460487,0.024037788860313995
0.06814929057266071,0.04784846945543819,0.04054315556439474,0.0603422129389596,0.056596935771635694,0.04990770941347814,0.03189068157266753,0.056277830748929954,0.051134037856088714,0.07138783358066494,0.07376334510060491,0.07009625743523348,0.07013330020126574,0.05201031643771363,0.05994911317588645,0.08251330739280487,0.12539141162378992
0.3374159742468752,0.32774073644913715,0.2110744939752999,0.42279604582587316,0.3712702410819128,0.3718079748005431,0.23375496215340444,0.4086252444095717,0.4462285683983398,0.4567312571801968,0.3646073587711583,0.25949931202531495,0.2051041500210219,0.10706341810667228,0.15891580837287905,0.39350268969662816,0.37145546945573416
0.35381054480762747,0.31396716246449774,0.21892329665676874,0.3727415190809287,0.4133149898968648,0.426971480587015,0.26747090165289816,0.45949569858908557,0.42271771775311096,0.45097863637057084,0.45841808441041154,0.45335780450108576,0.22631325395944912,0.18905240329930184,0.5182673490937367,0.4746337018725343,0.5888497066464738
0.07842333685444296,0.06957241951092323,0.04911059739921551,0.0713054495819535,0.07151142530585665,0.06605863532672719,0.03408324366104472,0.04477649863832971,0.03258551953982962,0.02476849562593742,0.021775561972598487,0.022146288260808587,0.00983174691038869,0.007159143122227529,0.00754089807387832,0.023651672519190575,0.05242026455987602
0.05795183136281372,0.04945291174834982,0.032624375606474985,0.07614788721999352,0.07664985917875636,0.06924018305294949,0.0504922808712604,0.07879961451569417,0.06757518931250363,0.08388753968998049,0.06765370504379482,0.06584360006354692,0.022505469424975777,0.018307421318827264,0.025270535645372922,0.09701969781054044,0.13578154980900112
0.29084789758636603,0.2949630606298208,0.21268752724704082,0.3184792076364781,0.33061537093576693,0.2887573481602145,0.17228715478229642,0.34313290514933015,0.32889251201692327,0.41258964162246875,0.39439082039591744,0.3776588753057182,0.3262393674562884,0.3746167734144219,0.2284894390889002,0.19169888464907928,0.6703957416286992
0.08497880067563487,0.08029378919535107,0.05926068977793239,0.08344013015207258,0.09079176323882861,0.08452144606035152,0.04893505562229652,0.06018223132055071,0.056932499127011565,0.04976044573132891,0.04302683784953913,0.053189709108226874,0.029729806524652735,0.025952988801884607,0.039713644728664746,0.07089148407724925,0.034202411134840016
0.4919296310821017,0.42428924899593556,0.30370306634860644,0.4839635412922906,0.48326194030053077,0.41523194859374923,0.25135167314909634,0.2946896971783708,0.3342846148947157,0.29933759053625725,0.241542756182258,0.23720182701437528,0.19684634102053655,0.1424289823074162,0.5713100080439548,0.18098937399291914,0.5597492943761058
0.046199307590199135,0.06012806834481791,0.0539438564718672,0.0712249116783289,0.07216794554640196,0.06711952168488515,0.05938710696769512,0.06961250604917443,0.04806467043822955,0.058322741654175975,0.07194621952230679,0.07767645678696451,0.0715858837659113,0.06327447012107865,0.12323924501902796,0.06399895180197346,0.11983866563149954
0.19652513890712522,0.17534404964019432,0.12270974412155128,0.20715665467787484,0.17887184368476508,0.18973830773727207,0.12543856653574045,0.20491159906393852,0.2463360428309015,0.29354764307059866,0.31110062897244645,0.2718170085853201,0.21551405221142236,0.2591494672245346,0.34163685703394125,0.14383182635369532,0.5505012105177884
0.02729413972426778,0.017282441535993367,0.011187509813532852,0.013568747327577893,0.018915931087450294,0.02163577686942897,0.016193179325541613,0.009171158004403612,0.014002635666792544,0.002778172184538394,0.010600480061196241,0.0025413619536161403,0.01385746043956284,0.01055995239645045,-0.012308661153279122,-0.0026313776548949484,-0.00627569473510961
0.45041452109278474,0.3949443245456358,0.26914075423130496,0.43977091748056113,0.4495030859263821,0.42848847620238223,0.3071744309048656,0.5064185859379763,0.5057039457139108,0.4740621010029591,0.45445733234576313,0.4919300340197173,0.3463774646960771,0.3407160960458651,0.5363167732733672,0.4705540029759898,0.6910123333402195
-0.004715763522345009,-0.004558166437017062,-0.00809131840015139,-0.006750456793954094,-0.0025389718167747573,-0.0034879171470429547,-0.0018271909080041723,-0.003755587504616439,-0.0021650982518725747,-0.0042781529940151535,0.004798432466171582,-0.010679709072869881,-0.013214595237749356,-0.014039773664762317,-0.017329559410459713,0.022220941744004578,0.01458905791631746
-0.02204077592176826,-0.016194946993129716,-0.015152152056659275,-0.025235273700822944,-0.025014801759596764,-0.01763714295778879,-0.015019990837492092,-0.02532706746925854,-0.03245043374745558,-0.028912689065359664,-0.03435239961903628,-0.013152227529078676,-0.005732101236899393,-0.004711470856694942,-0.020359206023754402,-0.012975724900145369,-0.00941080655771455
0.11025269530652285,0.10264750525384801,0.0777912087663978,0.11451482982841414,0.11968112588047664,0.12483484120968211,0.07854250734358408,0.15268601822353495,0.1826099582650769,0.1800745021627084,0.21782589988537057,0.16443699916153298,0.05069560263696964,0.03547503669451364,0.20716402370206397,0.226769611747414,0.18952571322166242
0.180805160913347,0.15505648747848427,0.10486138533276745,0.16402271198434057,0.15871086109705396,0.15568856382558985,0.09058966039377755,0.1803247570004297,0.2045717470642736,0.1844596098969731,0.3043131416635518,0.22162149555540214,0.1884929442621423,0.19368910214919433,0.174899306913924,0.12105186659175664,0.10634832360546947
0.197092173243234,0.16474805432371142,0.11739571234737448,0.15598219771919133,0.19473951917743346,0.1543599081562619,0.12849528555079584,0.27333867414061586,0.25971280292279864,0.2009652449061426,0.16869456118454987,0.0897796316895713,0.06519173425028081,0.05776488841259461,0.0028349946890138173,0.04829450373947504,0.31658760290781823
-0.014941953062954552,-0.012511014477929886,-0.006830390762696236,-0.011250146386970292,-0.00845539202680213,-0.00826416039376454,-0.00943894529710692,-0.007989419156388953,0.0005825522185098806,0.006610634161015816,-0.0009105245966510064,-0.0032543855232173525,0.003024614924645198,0.00420431723611372,0.010563846211633615,-0.00011241743424461892,0.019568522667724304
0.2432626770748202,0.23262375683511816,0.17506296354989492,0.3176018385530701,0.30300080825832315,0.3015297434192788,0.20041720769309926,0.3900396835279286,0.3261455612587573,0.3012489689202722,0.2932778674826497,0.37883080085493454,0.1541871046956901,0.15471097540541479,0.4205369182003359,0.4824539927505903,0.2649373022105085
0.24018141833630466,0.19927467651618902,0.14397232391061962,0.24358057438842054,0.24584606725131097,0.23129992747874936,0.1469841341968742,0.25936258161448145,0.2733892397328814,0.2585218685882552,0.26948513763981086,0.2560904030144405,0.14946254066915715,0.14334929696120718,0.23087652003832485,0.2759236335927489,0.21476279530131748
-0.015366289559974258,-0.011998952687590403,-0.011758122615327032,-0.010791198999129227,-0.019639544453674006,-0.013897230591252365,-0.021462552842501342,-0.00383501008270356,0.023016581909689617,0.0017664840523255192,-0.016554389973893184,0.0026705348514414248,0.0008920827978291658,0.0015488967206647676,0.023217685255152373,0.05451686944309938,0.05806907001098752
0.12636359671095032,0.1515752000480572,0.1334474809759542,0.20044495705510482,0.16757359880502115,0.16428770478173557,0.16664535645745693,0.2540892246157465,0.300430024991099,0.2829118120362186,0.31267696917733856,0.2866193436822529,0.20070730101466844,0.25153774718465627,0.3986555983334531,0.08823336670789532,0.540959460440785
0.28095405795809364,0.25231354745946205,0.19416183861026778,0.33906800969659256,0.3493880584049373,0.32449956217501436,0.21002886621489564,0.2845990395337007,0.3269044457360637,0.3798705221189841,0.44003036194545303,0.3550728548636019,0.2317430027483736,0.22704105333546665,0.4395841645403916,0.3644910394864033,0.6266085302268503
0.1157370953429898,0.09403399319619754,0.05914015521069128,0.09649735566386267,0.09746258872993059,0.0917604341910832,0.053166520410033856,0.0822150574948059,0.07053675528848455,0.02568467053538865,0.05296744391679244,0.05784794951304206,0.02906377001793294,0.023618629907271933,0.1159033412525663,0.12586126426343497,0.12986158431572403
0.03557738692125214,0.045369304806229686,0.031694265788068665,0.04788209026313311,0.05720152949484799,0.04278482134526593,0.013421577893455947,0.06115711013827298,0.0398562690690271,0.013432957319936671,0.010417393441391835,0.013974677289340516,-0.005759172341302151,-0.010723173887491938,0.08793286690308645,0.15818962879993692,0.16523144557086747
0.04552099704451804,0.07159293747297685,0.04459582226927409,0.09536784964921782,0.12214759563553688,0.1372280586879189,0.0916644850040359,0.21166928608579144,0.26101661909768786,0.28046241847773995,0.300656326697061,0.23061172580244413,0.13863210145446414,0.1143331321626342,-0.06041279714557019,0.21096864845596985,0.4303602216651918
0.2770165978592837,0.2517995348843567,0.1808219951664309,0.264174699820773,0.27675918124050464,0.2563068749371343,0.17803815025486505,0.25005877156655926,0.28068989935106264,0.249641046166363,0.24725686529548177,0.19461285394758174,0.1279675014426645,0.11243628601613849,0.17650152551809434,0.5336523162201532,0.5898324304153328
0.2672245633068383,0.22947386260639774,0.16558483037598234,0.26869804169210754,0.26625984786066204,0.2428092147671827,0.16371015661189448,0.31586190266254827,0.3225745742202904,0.30072865230006013,0.26473929941331115,0.23219640662725707,0.2023831767133814,0.15492508896590831,0.2192692474587256,0.4102166119144161,0.39107171632746557
0.06429453318409574,0.08019095001947665,0.044165460204629116,0.12037103505466301,0.11840194393189075,0.1535883844388895,0.11343634532016063,0.20728021946817585,0.1511570325994499,0.16406577814084675,0.17147707374728216,0.14208311686786732,0.07013882539292841,0.11317940749101141,0.009717777911757259,0.3886751924116634,0.46628952389910927
0.2314845083979605,0.1882054483745043,0.13793117903793833,0.2182970742816324,0.22004548902154222,0.17955102367915063,0.11576481962150018,0.18337868001156396,0.18036849764120072,0.21859120544530625,0.3805428150906536,0.39287183173055545,0.3967449436606988,0.33255642683477726,0.43666675496652113,0.29056556288667135,0.34190824992505786
0.17554099615108776,0.16125481781555737,0.12378010590941495,0.19617685893462117,0.19309993144496748,0.20569705849032074,0.12878311059347297,0.18055930570959203,0.14596960697481656,0.12797763092812733,0.13614405745369362,0.14651841287328185,0.08824889509637351,0.07881351552525219,0.2862997179420041,0.14257090335398448,0.3927041080135886
-0.047418210906023224,-0.037504934055364446,-0.025076194430340683,-0.03832189692953117,-0.04206914363330829,-0.040499102079547364,-0.028542157910862006,-0.04134808582727695,-0.0384708733729946,-0.04368367104748799,-0.048998237738237804,-0.047069636692459935,-0.04271655943367908,-0.03827594025657419,-0.04530232601849419,-0.04895959900328565,-0.05093710854153472
-0.0468463474100813,-0.036491364102799496,-0.027220693571905374,-0.044170268081051706,-0.04353325201478063,-0.04163012434050189,-0.03154496844022472,-0.047322029150918654,-0.04286927922589373,-0.04611469892939345,-0.0468656302246607,-0.04472912032679964,-0.04155981835568712,-0.02833721138797241,-0.041846979179670556,-0.03801486159479885,-0.04663672543697699
0.14879858177978064,0.12629748091720985,0.0978406952068077,0.1789913937945562,0.16893445101381144,0.17523020457046096,0.12460369450912358,0.15686544124724353,0.1756748655331791,0.18318718451536703,0.16918102596425083,0.2047224507900493,0.15928218717390652,0.1723991667178839,-0.09655350982872281,-0.09971553608671141,0.01094477702036394
0.3728862782465384,0.26399482926805146,0.22919257849238275,0.3531203893706775,0.31397765846398107,0.2789870775536116,0.22433919424510498,0.3241462545315353,0.28335332595579393,0.3280294941749681,0.35600520004744163,0.317419299418856,0.2612453070962117,0.2216297016205864,0.2731731621668603,0.5726651772060108,0.7726560336428336
0.06576580084641495,0.06314532077855971,0.020434981598087973,0.07659573164955086,0.0543570841430613,0.06587082153121088,0.036009334247895736,0.1098967377708492,0.12245335515487454,0.13416829131682484,0.15844411699064323,0.16399969761731886,0.19962579046253093,0.15354176978933293,0.19825069997356795,0.14605583965968952,0.2445428243280432
0.12842680380371532,0.11794840517762,0.08215368933387979,0.12832083324634241,0.12756583214288494,0.12040130634310917,0.07944154755886065,0.09904539136304562,0.07528004633137582,0.08756816534672635,0.07950648908371344,0.045813259418981046,0.0296888132582258,0.023862035521584248,0.05796264817299441,0.06861326907006067,0.10650710604939284
0.3204460058692049,0.28081919105776487,0.19938698219472015,0.34649227467688254,0.32915653450714444,0.24990478743888336,0.15399056861418295,0.29761917273178723,0.26556942732170313,0.2591009597032376,0.28013678111764906,0.24481714579159045,0.10976556621887851,0.12178059326599748,0.15929019661714572,0.1486401119971262,0.7084370201660303
0.2125306403109497,0.18676472406724628,0.14780341497627333,0.23938927292847367,0.24887223708351783,0.20551712956522622,0.10592391944534194,0.19924409661193776,0.22324576074428382,0.2511897571204683,0.3062877138456902,0.3032343535230577,0.22047639814392203,0.21014869386848517,0.30715616254438616,0.27950677258727147,0.3859285908686376
-0.0008880597753676345,-0.00011317594789501443,-0.0023687367727119888,-0.004103901831593301,-0.003353631523238283,-0.003489853967415012,-0.0010338734442207874,0.0003749305313101409,-0.006467950404063725,-0.0013985167725644135,0.007567465140732315,0.004053524933555773,-0.006974604571523694,-0.00695025976796669,-0.009337358804361597,-0.0002261883579535906,-0.0008624596478128824
0.14029580053525,0.1317559803538573,0.11939067624739559,0.16992541743227244,0.15129654558304637,0.1450167947405437,0.08953734742134305,0.17368155755423495,0.12165113217859691,0.124581510216417,0.14857665327919523,0.1408101028702776,0.15926217481866622,0.19326363112337414,0.33602531275755876,0.15190682440081293,0.4416528953408279
0.19156473304031899,0.17407894369737628,0.11669862678884009,0.2196244833206671,0.18127588950176432,0.19264056952928074,0.14366128042143902,0.31716325807372325,0.22427357384118463,0.25063666824267444,0.2397111904939821,0.24162799407917507,0.1484136260745526,0.15710255654704294,-0.022738266049965643,0.04746551577521229,0.31267422292840286
0.2762592689586705,0.2415732465965322,0.1928949694621446,0.2543733353638453,0.254260292306987,0.2788086331024353,0.18779281351714736,0.3054404097998047,0.31246077515919357,0.29175216933859444,0.3722734498561321,0.3220879999094316,0.23434980845565745,0.17746659973023046,0.14991624691697622,0.36023819008371516,0.4274020334809368
0.1164678002629009,0.09382054735904584,0.06038023811865023,0.09886233789247434,0.09379737906177904,0.08569356720248844,0.047765289994200044,0.08441322551672029,0.05504931934036482,0.07174780070013535,0.0507764086084615,0.02639410018611043,0.010777082217951433,0.004400940255411099,-0.015800099400720927,0.0209515494110449,0.07409069325355372
-0.0316790123043075,-0.025017670946769734,-0.018529284472427732,-0.029656240219031738,-0.031699825562764336,-0.03469040328466927,-0.024502612824696974,-0.03213518280019943,-0.03260748109516744,-0.037605181518727694,-0.037134587036443845,-0.035804853632972526,-0.030528846220637788,-0.023712345775383732,-0.030967520542754933,-0.044676986137959195,-0.04516455125307847
-0.01713617190965595,-0.015697125718470876,-0.010656961197679343,-0.014497104813791248,-0.015853011236389387,-0.012262846965539056,-0.00788315536502791,-0.01326982352332306,-0.014974413134256423,-0.014643343539619049,-0.015030208301279881,-0.017232520438720606,-0.014891555398078843,-0.016104257780000762,-0.030545806142748762,-0.029848376865439966,-0.02701684149130268
0.3243780893797217,0.2725912734614367,0.18932812353095238,0.3091952905947538,0.32760845125093746,0.3257345422181702,0.19768753850232368,0.34736887306733427,0.320259714664362,0.3353064272023229,0.3165956483478819,0.2893172986747179,0.20759045960154546,0.15668284140279468,0.1906693172218018,0.2804601267096402,0.5249865586009711
0.08452388589451142,0.07856636588117272,0.048848026241077605,0.08668163392446523,0.09366499164311526,0.10271839399264608,0.06110058652540562,0.10530542490085679,0.09955775727327522,0.10344717934921477,0.08836559367182617,0.06744513756681342,0.032695644871865694,0.030676317780067068,0.006603597669332506,0.023460793500149773,-0.016789364722291672
0.06868220389505075,0.0648477142956941,0.04302669363229923,0.06380400470374956,0.060827832310905376,0.06298515945958169,0.05348546966281086,0.11297633291168997,0.08689270510760627,0.1094162798497067,0.10708474044509787,0.11235879670486382,0.12429886225777975,0.09193647110009497,0.09664985100695254,0.10162328145461265,0.08597144472847706
0.03989902269372146,0.04207954501191785,0.023878582459475942,0.04459498429850996,0.03787888063874589,0.030351331675076535,0.030239337641914943,0.01984693175712852,0.033372051999809825,0.04208335022285825,0.03595291334105729,0.04039521238915525,0.024560953837674215,0.019929431680987552,0.04229613610289223,0.015398631948789836,0.02011758053561088
0.27491459695050274,0.2624348285099508,0.1878826185846232,0.30094353394512063,0.3106050686000424,0.2970528645603858,0.2271630015472969,0.342443376005514,0.26012113233182105,0.26746754872206974,0.29334989190569044,0.3384505474598372,0.24176188395759424,0.19338921823875488,0.1747098192162433,0.3882018386582806,0.5240425207747648
0.3847799622826789,0.3579129778949421,0.3128726055952022,0.3967818630882249,0.41208793141422584,0.3949290610319862,0.22356424331156471,0.3286994026752006,0.31415335576830533,0.2940231862124788,0.2997961123686119,0.2660807166212722,0.20122373380962413,0.12276062794694546,0.1543408790178469,0.19245164242578958,0.2816030103175182
0.08622679695495938,0.055075219693735425,0.03760124532009652,0.0666165941481322,0.08252138549548119,0.061026035581025435,0.040602454901743856,0.08998477029868901,0.10556319923503364,0.07499117508632248,0.06763301896044982,0.04014730019201921,0.025896702566161757,0.019366209563858008,0.011648471467991316,0.014584489141735905,0.015359164146697081
0.022950311832559536,0.02081315913049436,0.015927136289858815,0.020298620257553343,0.019673216089978112,0.024214678309867763,0.021650243639442998,0.0014193446765694714,-0.009144683949745266,-0.007535641512781729,-0.0032334480425540266,0.008711919169647732,0.017016567232937183,0.01601962168953699,-0.004616288253742676,0.04325457421060926,0.06119095409326839
0.017981182552640473,0.028854886671545118,0.025275707060324788,0.026102518488848727,0.029765547384062018,0.03146915125638651,0.02910971948344661,0.054359201820125096,0.027155623215899694,0.05420214861839481,0.07231025290139141,0.07119083359339273,0.0765691389399689,0.06013825918446397,0.05527775482879652,0.04260133703516395,0.027551689826820498
0.2031439716597656,0.16295386332483597,0.10755756087102682,0.19356401739297197,0.22620727908920008,0.218469808395054,0.13248634113815805,0.2762566872815713,0.27354150322689136,0.29387281917017766,0.23600162830142263,0.14507558599050496,0.06433996577711358,0.054106267462693765,-0.012295548185025925,0.1712305783261159,0.3789588416519862
0.2714787281001324,0.2321142187338544,0.14685760570753728,0.2453959705323111,0.24628885247542423,0.253366530159464,0.14808324420322683,0.3680645993644918,0.4151503321063172,0.39690750213212683,0.3104421424618637,0.3380243185622294,0.19449496590297,0.14973880725661878,0.16909790022384494,0.396577411932044,0.650636077675105
0.2997726175402942,0.29945566126525497,0.19609930152553173,0.3110039219308949,0.3312133178166263,0.33423765198858735,0.1910528107863261,0.31023565265842046,0.2551239102301945,0.2310069803091716,0.25449985904879063,0.271792885592982,0.2692450508428271,0.2673489280695688,0.5190766626104379,0.47326596583083613,0.663308887850289
0.07203659644344318,0.07472420983593607,0.052743724774367486,0.07258537423666096,0.09473465538925065,0.07962702923652952,0.04524650089114834,0.06869455310846162,0.032485779699169895,-0.0005408117978722852,0.013809384095319864,0.04665109346369116,0.06265801650144134,0.05476554703313571,0.18254727734548234,0.24573035597187556,0.2141523197191657
0.2900637879034502,0.24264719678649793,0.17475262921049484,0.2508999770855398,0.23940231594469435,0.20961352157984303,0.12848787696671748,0.2470621176607248,0.21061455740610752,0.19944179208250923,0.1885163794338556,0.22651589315413023,0.1856455927359536,0.15538023080226973,0.16349161634128012,0.12633870261965852,0.3169233328678264
0.19933864373318577,0.17100984787585932,0.11776287310383368,0.19484586371441134,0.18587036297498566,0.1814600017374608,0.12285908473485047,0.2202803071066293,0.24251147707392565,0.19737594056284125,0.2032480349203926,0.21113381524442026,0.1463225807661774,0.12194051105185955,0.21260273581310452,0.23339016825975561,0.244219304269483
0.2868937337863717,0.22792649090720404,0.15436305234290898,0.2407818733305368,0.2618916073806941,0.2628748197829028,0.15785587005945187,0.32684117825655734,0.304118641476154,0.385222686640867,0.4227446675295402,0.3895460196533088,0.33252470932308775,0.275790135650934,0.6333284080316313,0.6922429591435475,0.6600029745295303
0.33087157980336535,0.29510242617070775,0.2336672216098825,0.37296905303176237,0.37100025872888326,0.34600920520408,0.26711099260198384,0.48420820686067206,0.35570742317251397,0.464238937679818,0.41285917096958147,0.4745443689136602,0.3562594824659863,0.24209822135886339,0.33378238673218985,0.6389058011441807,0.5454478978590066
0.012820945798038542,0.010145420855079065,0.00855318710923993,0.013150067709159137,0.014690936271415192,0.014782816031950818,0.011329461377710846,0.007316343842564418,0.007336017615437947,0.009930308820405723,0.006384012438666681,0.010844768115822282,0.01060174140212508,0.013305787661261389,-0.00912154365528448,-0.016222151463765943,0.005315047128691478
0.15634836225506238,0.12453792536401195,0.08488069567198518,0.1473303531808384,0.14878727394730762,0.13521459126910246,0.09294931796003472,0.1601680491600767,0.2062191318870464,0.19148605361096674,0.16653074137903123,0.13511216595487446,0.08995499211699445,0.06174174452007381,0.10310293567759045,0.16426127832734583,0.1875621205947551
0.0191498927320778,0.020937968686630625,0.011572307347323136,0.023267880484076933,0.020139151499343984,0.012373270522955655,0.004978598364696716,0.00713627898314132,0.02284356105234292,0.027211116269042872,0.03087350337397502,0.018341474649387186,0.013354225448896457,0.011820762006758911,0.03162314092250966,0.046641826843949796,0.03990785248172843
0.19877357406404955,0.1793229674217793,0.11865077796833638,0.20091221832099745,0.1927395453758561,0.17388070925514545,0.1141247781019952,0.21239255743249635,0.1670320623373153,0.18983315140114915,0.14379540551786626,0.13085582735149479,0.10913005567541481,0.07366302004497681,0.11539941100016074,0.21566324699178732,0.26801520715781235
-0.02769774650690035,-0.01169660869610519,0.004511787578220849,0.0190254894938215,0.006326524366104671,0.011358494166941601,0.02642963495247673,0.022077254326115583,-0.004985757390692675,-0.01548750324051875,-0.02684419984489224,-0.010798821183173752,0.002801664088839698,0.00430049768727552,-0.011716451413063336,0.03842354614712879,0.0700247569481214
0.012488080483452188,0.006126723698534344,0.005046493203481369,0.008448412463008455,0.014832616948776021,0.01965661770419654,0.01943470952259848,0.015717669946027822,0.017943195590652192,0.006888753695559407,0.011131715829449947,0.0019098222151887017,-0.0003414528999946685,-0.006200492835920225,-0.024420683994819992,0.019623644103899752,0.022250011594762375
0.20825149817151578,0.17566241371629956,0.12574228010097951,0.2074261571183202,0.21198406912353354,0.1904766718487672,0.10936632562732702,0.2617910170666995,0.22712031025972992,0.2663132466306001,0.24750309627979988,0.1809509346120705,0.15496035312264592,0.15891481180324968,0.1625821292181846,0.1548886678336088,0.26474066805257696
0.01966362368746802,0.019006245607415182,0.014247416485539916,0.024012706761323763,0.023491602117004986,0.025012885075457677,0.017056262956568216,0.01979140562823746,0.012910402105237535,0.015755226096409787,0.01580042363002841,0.020006352460947605,0.017648069109827,0.01258792086643232,0.029082077183461792,0.022861641470677478,0.04129086762527494
0.16771751623586129,0.1403900592971964,0.09504706617829266,0.19896384012650417,0.21435077973138156,0.192661988569595,0.13230572232203963,0.242262988979976,0.24597241719371873,0.23112422974792077,0.265407965260431,0.25091405118102245,0.3771229372611767,0.43909617201136975,0.7589501709190026,0.6364782815403356,0.5894951555613841
0.1996097839402942,0.1549437773267094,0.10216828671493018,0.1893654606068573,0.19860128206263195,0.19397715446370817,0.1416308541477319,0.24576973414811296,0.24076721068255677,0.2531252640007942,0.2843988063844506,0.22042582466846083,0.1978691325490754,0.18272141037183148,0.38652428284739676,0.4216645099142045,0.5920187452154951
0.2957746460702299,0.25941667311014915,0.21241626379606005,0.33049857771366264,0.3670826591794122,0.35532096112899486,0.18435622902874543,0.4256670425083538,0.42395943022123134,0.41166013267554913,0.40806970822729205,0.3100628099173994,0.26355899661442,0.26117841428062777,0.3742058314233439,0.24380926620952417,0.4796261027685215
0.3257826238956644,0.27351884637906887,0.2099656657159815,0.32417663262391744,0.3065711119242468,0.2943556865785548,0.21570841570165986,0.3447114192197809,0.3657593492177929,0.38534415355783225,0.3997332188471499,0.3922707763267355,0.30324327602861834,0.27648116900163394,0.31394192498404905,0.34443852589928453,0.47347291168980443
-0.0074132884721023005,-0.002998890767350992,0.0005676145368007569,-0.00653059682769352,-0.002236885816090134,0.0010743228331587334,0.004627318945610355,-0.043190882656403896,-0.01571395033017228,-0.016396129459023922,-0.009695073901858108,-0.014129150791866923,0.0062564963957613025,0.008665965993244276,0.01835990718356902,0.014341552179474646,0.016550816369490056
0.23486227884404884,0.16305970370583522,0.1420931540380712,0.2645418348221296,0.26657336592178626,0.21973196417481736,0.1823171627223947,0.1798947435692763,0.41688007289133217,0.4574180568820527,0.4752213863627294,0.3959388723440257,0.3062323036655569,0.21697862898724818,0.4787655582632424,0.5272822947291547,0.606841876933918
0.15923470022665112,0.13676631334463543,0.09356560587022003,0.17363242801480175,0.184050898040496,0.1783360127974593,0.11897981521793428,0.05425961394127351,0.1432372998518761,0.24037304193310913,0.20900229446616317,0.27205452852914574,0.05137063392672687,0.03283464474559784,0.09035530710169347,0.2014554081934877,0.24664961222622755
0.18834136569820753,0.19404676677858493,0.13222614820670628,0.20579748353457228,0.2002560717840457,0.19490797317343642,0.13121925073691781,0.20372588451791335,0.17747260409154614,0.19180497432840543,0.14933545788692762,0.10468066368379694,0.1075800459964024,0.06815732128835146,0.007601505529068325,0.11778188366094598,0.08298241848151448
0.1606250961650421,0.1291285394646415,0.09354517165176034,0.15862742707133626,0.15584080965584318,0.1462699896436963,0.10389592065124396,0.14861553772668018,0.1606997120726679,0.16719551757450077,0.16029045462762787,0.16027688891145636,0.12549659905197735,0.14591761647940618,0.32018935368632323,0.26955641558890814,0.337626097618545
0.09207844397825844,0.08156922127776634,0.04905758399020947,0.08919026310465544,0.0945538764265272,0.07949512620771358,0.039643976191302464,0.05160437216702412,0.07410146473433557,0.06943277026705877,0.05526784847259683,0.03200588634019195,0.01234245669743129,-0.0074676007371798575,0.050147596010817155,-0.059135797327303036,0.052980023077646606
-0.07697406932527917,-0.055021664561157146,-0.02966386299590193,-0.04791498429534341,-0.039975653263211085,-0.025743381559532038,-0.01154804607356855,0.31918191947489655,-0.013303759750357826,0.0024212877279784855,0.002089895845892446,-0.003896863685598234,-0.023272957094206036,-0.02964232421623465,-0.0314678252701991,-0.06585856387325717,0.06761879847069538
0.06092688221174825,0.04735357270434039,0.03898181873773598,0.049428962731907965,0.0425102973901951,0.05071206661997384,0.030240310672817267,0.016114334764614897,0.0358958098735456,0.03027880524913933,0.017251957850334426,0.018249329431999587,0.028574858092112156,0.021734040294926125,0.06971720870320473,0.04736041941509298,0.052756605559360834
0.35438536218317523,0.3137172211897881,0.2644602701388304,0.4180695895262051,0.39802687578177326,0.3855469710864078,0.24343835020025273,0.3813438232416725,0.43642953538550455,0.42649858322079276,0.43189688218810907,0.41516275339986297,0.3647229525682636,0.3881116166668988,0.6173469266271084,0.647519203861248,0.5770277607411922
0.22711575687400076,0.19256461413733553,0.12939007264799263,0.22938017363129712,0.21474314839235792,0.17172754332125134,0.13017862338773006,0.19441601380516926,0.3194424683523423,0.3368237071850765,0.26031749920450953,0.2450634251418714,0.05615042411785125,0.05134447897791427,0.10979330500726932,0.20967567504335513,0.2531438846122062
