,Layer,68,241,344,180,1114,342,822,1099,141,117,293,1353,362,329,133,99,33,1090,188,134,1357,514,192,269,942,1211,36,381,401,1031,1108,600,245,1043,383,113,1278,183,274,1145,1226,1079,1223,406,376,941,1209,969,171,100,209,692,570,1023,66,699,Cluster,Task
0,model_1_act,0.3057130341619656,0.32655326521885464,0.24618062826656062,0.2765210300784925,0.27449634201797457,0.21601027993521124,0.22524364316420686,0.18692327540118292,0.21385692215502947,0.2473796189183502,0.3967453749830065,0.36550114520512106,0.18715242280298763,0.30549209876782424,0.2787304895830532,0.20030652551022335,0.3331753347057192,0.2960182280651233,0.3189586313278511,0.25472835090842877,0.2690558079575197,0.25605103322933603,0.3553628456635329,0.21003638949346093,0.2938463996979574,0.24787126231400936,0.24947622135618097,0.12200587863358864,0.20232025550452415,0.32841125904085133,0.2709467826393534,0.3073040210811414,0.2727912853578135,0.3189615260227832,0.25978473549491293,0.2271678266567073,0.396091210631453,0.2636925900826676,0.23163659657828806,0.21015594528399603,0.21511694246228244,0.23833948461904192,0.20082420017881922,0.20521725644029565,0.3423549787149553,0.3394799783469906,0.23535415821532346,0.33845968389636144,0.28302462949913754,0.2704592899657836,0.18055558374271963,0.36027165954354595,0.3231472384450909,0.36248766409587857,0.28308384670113673,0.45558852015252854,1,DET vs FullGradCam
1,model_2_cv1_act,0.3235617029069204,0.3142663530397164,0.2548511090283384,0.28103239768001304,0.30919370822616105,0.2353609488587524,0.23765312921266862,0.2201090848269604,0.23328060856979746,0.24830522895701998,0.4203952588999303,0.3694609474566167,0.19818459315992926,0.2998753907713948,0.2795844723326217,0.20194165965380936,0.4024675479739332,0.3060422388152814,0.32468486172762795,0.20521830636352845,0.3119520773529117,0.25590568669120395,0.355553168039322,0.20331178474518063,0.30837857191261087,0.24405592932042813,0.25724585189627724,0.13481414614369486,0.2287360149420968,0.33082096874812783,0.2963175366008242,0.3177977894628737,0.2813916173289988,0.3220916747766201,0.2690203587916791,0.24977369115473164,0.4076814011204561,0.2761865788955472,0.23953495024370344,0.2504226346769002,0.23673303800980713,0.32843332583646007,0.21390885069351337,0.21742380583054646,0.3452235028781731,0.3394969196738975,0.2575481262428009,0.34579679678540803,0.3315331096797448,0.28901203733787867,0.17774705469957774,0.3242575015349565,0.3471865280851627,0.37697380476351317,0.2856696103957314,0.4650548017981113,1,DET vs FullGradCam
2,model_2_cv2_act,0.3163302736299002,0.28198005190360637,0.23754566782461756,0.26654716541314577,0.25601049669695136,0.2004993365907597,0.2003135460802708,0.18070278668920495,0.1803705552548559,0.23039492744912973,0.40704257994374643,0.36956399084335145,0.2584098033323062,0.3601492400742702,0.2303325982277991,0.21779533755208902,0.3190869506126039,0.3164512587426918,0.2811700664474915,0.2090565242148261,0.27113264838536094,0.27748576050800294,0.3536260537036245,0.2183197860417455,0.29164360110806825,0.21965165871737793,0.23435491972411138,0.13487378582250498,0.162916991341556,0.3225788623295735,0.24440299714162467,0.2936098569559483,0.2579522154842266,0.35341368636699705,0.29212236263117386,0.21436121977704722,0.40242873396432505,0.23979407251492035,0.2618718162521569,0.21005820183193274,0.17799699075424266,0.23644897462541525,0.1814448430089117,0.1845500249421915,0.338993913537029,0.3483671011957684,0.22957562754360056,0.3482258350726308,0.29769308904590924,0.25542543978121346,0.1641267903439651,0.36270617932620264,0.31284905650540706,0.3853843770156561,0.30356131282006066,0.44709805855392853,1,DET vs FullGradCam
3,model_2_m_0_cv1_act,0.30904860536099993,0.31123538673925405,0.2582398071509689,0.28535915266759654,0.29512777274753516,0.22787201644943195,0.21154422504663736,0.22645884919336146,0.23433097525072616,0.24190192857454615,0.41404880531606497,0.3699322635578522,0.21158614569356984,0.34123547451125413,0.26420004422800525,0.211356341648988,0.3370349471834209,0.3134600980056255,0.3359351382513453,0.2603476691369173,0.38989377790288343,0.25561918745821316,0.34635770826420575,0.22139415275002722,0.30895757090730946,0.244363359238523,0.2786456089088329,0.1608726260018785,0.20763062055991202,0.30907179304773963,0.28480169641635583,0.327558572881568,0.28889619846456605,0.33197456909244183,0.28903749110692456,0.25819913246110804,0.41764546299569305,0.3070167981613103,0.24758746958240477,0.2575753396765196,0.2579219236360313,0.2903715050414585,0.21395563894203126,0.21138957777564488,0.3388616279690661,0.3635189479844186,0.26051957901826844,0.35876685424873717,0.2931851675899457,0.31649723161883303,0.1858927235131424,0.3131634743388957,0.33733235132299316,0.36863281751856064,0.2575078824931085,0.46100512243855757,1,DET vs FullGradCam
4,model_2_m_0_cv2_act,0.31153672046462116,0.29616742628481807,0.2335344839591505,0.27469211734576504,0.2660388018737967,0.19604597797043496,0.2031578918549504,0.19940842671381098,0.20018080962906243,0.24200495378869782,0.40584313013786333,0.3219457515720616,0.27268582772998673,0.35939060435149645,0.25341427111089554,0.19070699347981737,0.32881683391862876,0.28159418827853416,0.3171306613803719,0.20252753212006275,0.3417849436035972,0.242657719026178,0.3529901498394419,0.2225147647006014,0.30007070819387466,0.22651214593457766,0.24462256142194852,0.14455789068585378,0.1960029255006645,0.30751306885507174,0.2688996055266751,0.30618249493334954,0.253503525414207,0.33210465581755744,0.2640157161345302,0.22258173038910486,0.39402009150180284,0.25888165506526434,0.21413162103850403,0.22240327889081277,0.2052057134290543,0.33857233187232694,0.1868936555169611,0.19743537046683754,0.2259015985199568,0.3341385306920667,0.23516693436014538,0.35912260198554025,0.2866545995341808,0.26461135673007413,0.1781862725710598,0.24745754903723094,0.33158335081349294,0.35019257917845803,0.25469415223021985,0.45256691841541746,1,DET vs FullGradCam
5,model_2_cv3_act,0.3460608648185624,0.31494029548592267,0.23238482067835092,0.2668413783471516,0.295123118492472,0.1942633970433845,0.24292941121538128,0.21155160441371543,0.19720247939250657,0.22790859794530133,0.39996721648964056,0.3180138720461611,0.2059567030342327,0.3728455527008569,0.2431283938595025,0.18949082649823829,0.3645307271406426,0.2800092996702752,0.27991318647673274,0.22927430895577425,0.3343196782458817,0.23503845320556957,0.35275787332847336,0.20924857697685237,0.31064375376431114,0.24096917154586805,0.2527752936602976,0.14099359784692708,0.16392007217372234,0.3288565702102407,0.2661624880734581,0.3141724360096779,0.25068670601234944,0.3082847216572934,0.27003311916177364,0.21812070031532751,0.389650612805708,0.27565972510544695,0.23310939084658228,0.25437536851010456,0.23104397096120188,0.32486457255751633,0.2248296547108451,0.22676287967003345,0.19982719213346695,0.3287467209145857,0.2469975029017507,0.3516548319977618,0.3116745049860519,0.2565345309563678,0.17840259598551272,0.3421451268013405,0.327006449150611,0.36196987130374497,0.2381854063274716,0.45657424647295664,1,DET vs FullGradCam
6,model_3_act,0.3220115383458981,0.2955077946152365,0.26980060744833656,0.2828246070968226,0.2907180638380499,0.21043929665481192,0.20699814115921092,0.22125668480872135,0.1863715558889637,0.25486727467490083,0.41411313245927034,0.3699200691419142,0.2675468638495446,0.40114388988632566,0.24339416043945097,0.20934742683566135,0.38157144243482505,0.27955202845730925,0.2988569024002805,0.22031677840974542,0.360677108933683,0.2549472287892738,0.3440809618925711,0.23503622581623165,0.31214993891707965,0.24910130345638595,0.25894800916925825,0.15060496513453214,0.18219105191051016,0.3224956607586687,0.2473073965146875,0.32913608007904266,0.311887507443536,0.34982606087921525,0.3041829594977143,0.25730464398621666,0.436706150293757,0.2710461104254723,0.23802361805535022,0.2550488062060358,0.21549253542452732,0.36557107132622724,0.2362979884200668,0.23055300678435828,0.21749631440886902,0.3280910837915779,0.30676239643505143,0.35844031780234503,0.33560459384988556,0.29735172300289997,0.17773982594993876,0.2841589500415572,0.3405086440860465,0.3899683151014448,0.29927284194611564,0.46014376511970784,1,DET vs FullGradCam
7,model_4_cv1_act,0.3445855283956381,0.3155100800943582,0.3077989230029144,0.3110875586802764,0.3720290700730123,0.2228488882842729,0.22677378543902396,0.27590004538643714,0.2580103515515265,0.2553135128747635,0.41772238379304366,0.35598900007717366,0.2991275117251365,0.3423423235985391,0.277080308775372,0.19451517233290413,0.3999311134365793,0.30370007463697923,0.3064000420762586,0.32290875275645975,0.314592420011455,0.25116178378499027,0.34959221709410065,0.23964347313499867,0.31558662956506406,0.2412577756177726,0.24789027780428152,0.17673575784245385,0.22019102736417648,0.3219261290735574,0.3201543469719006,0.3187258404428576,0.2889341093261131,0.34598637907457097,0.3001339044145506,0.24792625543056582,0.39171120387937525,0.2908179405578077,0.24409418184603984,0.2750414594999763,0.2440946023203385,0.25105021976352254,0.23072041799845,0.2254249755821982,0.256079201129038,0.33692957656289274,0.25227575015610815,0.39757025144461716,0.3172515966246942,0.29542706849675565,0.18897244530740442,0.30629457964920903,0.4103805622109594,0.3846403762418159,0.2961084872736309,0.46479523985151344,1,DET vs FullGradCam
8,model_4_cv2_act,0.32967842109373524,0.27074084548194627,0.2789946356809392,0.3220490503774243,0.30814199207793774,0.23930180118532404,0.1959394984418603,0.20308298812741668,0.19836720259102913,0.2743325813141957,0.423057800368691,0.3288385247870564,0.29135731778473856,0.3002669586252922,0.24345105818882412,0.19942879422811446,0.3711895670500827,0.31041800901360983,0.3115377498295688,0.1970346223404904,0.3490338818463114,0.24418666957022367,0.34822372126830503,0.21301879391322634,0.28360936764247785,0.3022644634169889,0.2976063835384215,0.1588708622635898,0.21821557987670415,0.32642214199730774,0.2227806221755168,0.3141869395683933,0.29382702192453003,0.330744481370666,0.30674050497189514,0.25009217229085584,0.41003990460189077,0.2253612311055032,0.2675671751546011,0.2966231608981167,0.22328910428930052,0.29321790850737245,0.22295610757916817,0.2095578050814365,0.3408835559389482,0.3308700704095195,0.2925707412112107,0.330587430939379,0.30727310712087735,0.28693515822670623,0.1887670852260322,0.3554846197566474,0.34454866327412753,0.3959760505334021,0.3201519124595926,0.451718336283813,1,DET vs FullGradCam
9,model_4_m_0_cv1_act,0.3035757456271649,0.3132340121269545,0.26012071612265497,0.26501848980101544,0.3251346630728724,0.21061184948355113,0.23347111211250204,0.25266472725167655,0.19881292724166746,0.23020522426859216,0.3988796678949577,0.34384126720680774,0.3042634741300811,0.36156927516290505,0.22950876003448745,0.20039241402067948,0.37629000326370915,0.28543474634383464,0.3105782031331817,0.24124491261504283,0.3078487112578311,0.27059600599519756,0.35006685409095023,0.2516969696406818,0.30743555208507,0.24305868243380604,0.2571891161692294,0.15781175332148784,0.1853577789264907,0.32724876210717824,0.27074185885833507,0.3111011776458833,0.27419965017810705,0.35174972669006827,0.26751658318841587,0.2461281733363191,0.4154702995280874,0.26667758811109293,0.24927253407913016,0.23196219308771915,0.20962844800442368,0.3355720909782782,0.2169282322975673,0.22633522777733983,0.2095027251608611,0.3207199347538578,0.28114341772814605,0.3712284250396385,0.29700278660054974,0.2882346467810569,0.1760688557721971,0.3675297061724029,0.3641984445527208,0.4038337900883257,0.3534109996746584,0.4479623584180189,1,DET vs FullGradCam
10,model_4_m_0_cv2_act,0.30808419751999433,0.3143751922569445,0.24894241276388193,0.272635686505954,0.33500922631947017,0.2574918468951336,0.21974175424288175,0.25765153734557056,0.19418415723822968,0.22712672841874748,0.4134567810788165,0.33133152931262605,0.227829729145373,0.35605198975677044,0.24060286482336166,0.2604085261300684,0.3450342549478586,0.3377577364321907,0.2983616493321018,0.3374497048610872,0.27916028258833236,0.2920339712379176,0.3510547475251832,0.23332734842301292,0.3173880213288994,0.2574122507517505,0.30583171757671324,0.1779976340124264,0.1843551265720394,0.3298363675654426,0.256855809845409,0.3297572598846508,0.27834535964893914,0.34944834825309856,0.29524090537461467,0.23457687819601206,0.43282285102983387,0.2186456040454946,0.2347888799847556,0.3065999328278661,0.19990405893728824,0.3230106289669881,0.219002404391491,0.19776774769808825,0.31219374305187314,0.3428343564402312,0.28799985033223136,0.36613492547497634,0.3305851108952267,0.29012865572037777,0.1828299767755037,0.30323098157316736,0.40023667875170016,0.46068184435131837,0.32235857895271863,0.46114088742865644,1,DET vs FullGradCam
11,model_4_m_1_cv1_act,0.3276629582429149,0.3173496880913188,0.25360789569416947,0.27674575119015565,0.3144726229398614,0.2855589667163618,0.23002253486601287,0.2760723182840296,0.19312361216763851,0.2504300387548139,0.3980061377390223,0.3501484969106907,0.1727142025804664,0.3494160729310349,0.3558499673198365,0.19295225339139754,0.3213093896844375,0.29723561311750823,0.3017462121898285,0.24422359294132623,0.38781876278491567,0.2929832665106734,0.3420276555052618,0.2434466667191311,0.31171623896643796,0.21846472337078865,0.2560773274946773,0.1854617727244699,0.18017721234377504,0.32071179377874265,0.317939434015483,0.32685782182952233,0.25352260613876465,0.33603925620084235,0.2945510700953089,0.27437146453414374,0.4388167600589106,0.2528041177349588,0.2240797258106724,0.25171770999355175,0.20857433803395165,0.3137266106978545,0.26090231322939333,0.21698450843330658,0.2692258306145665,0.3659543210409929,0.28701392938554404,0.36824884837422334,0.28341148389904086,0.25558580369634415,0.2021827104798131,0.3188889035960162,0.3773564595929105,0.48946501110576424,0.26711682218954996,0.46462079813814133,1,DET vs FullGradCam
12,model_4_m_1_cv2_act,0.32819944601487927,0.317215018085113,0.24495211880954787,0.2511917573809054,0.3917538673345682,0.23897931676868614,0.23597651863329908,0.23144576936571187,0.20584334057902054,0.23469766545831436,0.38987176193655043,0.36155220746782357,0.2919089408530011,0.35514124783150236,0.2960466211223434,0.18144063521372936,0.4041895730477997,0.31219497671816043,0.29846368953838404,0.2342555487090972,0.298213872957777,0.2688911552751604,0.3560820764326644,0.2619626356687067,0.3499945461797629,0.2089558638621312,0.28076675450340094,0.18427475873925206,0.19242243325014735,0.33401917846440793,0.27119437556742126,0.2941475261444073,0.25975571871805064,0.35289420383969644,0.3231856672715723,0.3064203769617864,0.47373490163059384,0.2422335376574941,0.24583116479324357,0.26823167097990125,0.19566238136172986,0.34217541413537933,0.2331103966427764,0.20730848572703878,0.31867848215813904,0.3738604290391815,0.2778895468608117,0.37831260843125364,0.317787300728962,0.2409160005369325,0.19708750726664137,0.3337781402938982,0.3885142438002915,0.4289855811333882,0.3177656868950723,0.46250633405828223,1,DET vs FullGradCam
13,model_4_cv3_act,0.35036809679569214,0.2899990631466412,0.27204629164937527,0.29221708598027984,0.2749075080130037,0.24882777581494053,0.24043259544697373,0.24565885371305202,0.21564247448642915,0.2518339702383463,0.4383532452327845,0.3382313945944505,0.18095601777288284,0.34302352662834645,0.24471725703488523,0.22678889720619108,0.40591910481998256,0.3222855475809606,0.28342663704089044,0.2553129303072358,0.30945997843404505,0.23160517934955377,0.3393101268216403,0.20429026293646954,0.30704104966282125,0.2384269916148372,0.2728953731388156,0.1559796508765241,0.17736931819534102,0.32742170589826286,0.29014288873687466,0.2820763793756944,0.2384657786555715,0.33803542215883187,0.30607037251575325,0.23116659692716596,0.4110819212156186,0.30316047755943193,0.2507171067590233,0.23280240351383852,0.1988021694319397,0.24908527574351833,0.2307307133007906,0.2415226433213209,0.24091131550937436,0.35264619100835237,0.2629959222556568,0.3684373571915202,0.3112421884931072,0.2638037759873225,0.18313556985451,0.3589314024585922,0.3622184611388862,0.3864509831819675,0.2847130498679887,0.47187372943667316,1,DET vs FullGradCam
14,model_5_act,0.38776152660659235,0.26869474728205783,0.27654071744907355,0.32172887962893965,0.3941776195215853,0.22941988592203835,0.24986996357700633,0.3570670469417905,0.19956301822015984,0.2804576080422404,0.454898845336589,0.31871119174757506,0.20555133309495366,0.4220571286850822,0.27364362939530856,0.210243145841743,0.37913339061949836,0.33703847399280507,0.3029213643594741,0.24206412262548216,0.323231890773,0.24466111981549718,0.33247170043712615,0.2098506242294437,0.3559378475498765,0.3143708589640662,0.28421669396219434,0.2086621243848765,0.21215092144344186,0.2925489191429554,0.2624514633842111,0.2953883882009783,0.30492272240526713,0.32728102353648447,0.2954759078914162,0.25671753808636394,0.4076199553111169,0.3061256652707451,0.3099427294368067,0.26117409256551866,0.2887113219282186,0.269577719535397,0.29263046014675215,0.20840186941837086,0.26381313629378955,0.3384013263016329,0.24716342543451975,0.371636557641518,0.3189618352675871,0.27908702838608845,0.2035078229077138,0.31456686519070715,0.4208662076033361,0.46279537912751206,0.2808517904027512,0.4628498740555194,1,DET vs FullGradCam
15,model_6_cv1_act,0.34614709372172137,0.2912476103732419,0.30821632434935203,0.31839681269336334,0.5017767661219774,0.23583755132178919,0.26289954790948084,0.3898061656405136,0.26585212420843246,0.30089960848800906,0.4325746345745075,0.35863363295719336,0.3217430277070592,0.35011103029959345,0.3750651198605026,0.22157378533017924,0.3807872640944253,0.3241840619611087,0.30112293575755184,0.22524241211244556,0.33491040599149235,0.26955238816813004,0.3306166232046086,0.22151547939518845,0.3270778133744972,0.3043243295455054,0.3534433016565829,0.1803555235537258,0.21188837615941483,0.3051930401833946,0.34845302269496475,0.3075033776902204,0.33260205294315887,0.333479804146233,0.3359705931855037,0.2747592896056491,0.43358347053718965,0.3074361652481142,0.3060094278357335,0.3451226657541379,0.25124036822499374,0.36446175032657313,0.2986976509022258,0.2934884069009302,0.27526401274562556,0.3394241827575797,0.3058131869875354,0.36606238602775654,0.2812593368338193,0.3318828183025763,0.21942483736554044,0.3121722788581858,0.4491112229294541,0.5314468557079431,0.35480957141319097,0.46239332867489347,1,DET vs FullGradCam
16,model_6_cv2_act,0.42398185223926493,0.3201820682576951,0.26705777152201005,0.32333440294617405,0.44882194242694795,0.2710400557912564,0.2969209500628089,0.4057743436195541,0.20019583704131283,0.29528300980245775,0.4683478286381549,0.3396966898365802,0.2913569347166068,0.3861268493662082,0.28896129210716487,0.2201973711464691,0.3180077767829082,0.3569759621478041,0.3188171801871291,0.26136246951868014,0.30162900142467775,0.28749698623321973,0.3526604227720263,0.21874498083563573,0.306236413318242,0.3549856816344638,0.2914105619414654,0.24038147266103743,0.25787465989225944,0.3282836029907678,0.36228444979870783,0.33392518830646956,0.3442031046630016,0.35854687565405197,0.2817588646138352,0.2549711629099997,0.3873300029488912,0.3029933099397185,0.3310157348074995,0.28838874192740416,0.2445105702522173,0.3177144315460892,0.2696249820166901,0.21476172716079983,0.3506796688205392,0.3717568496599453,0.30821908602701736,0.39632902383344937,0.31825525384861214,0.279291968157819,0.25852145617066274,0.3107335430703271,0.4651220517387584,0.4565024152123918,0.3223358206172205,0.4862387325101907,1,DET vs FullGradCam
17,model_6_m_0_cv1_act,0.3298360961176012,0.29800648226998644,0.27513831501297714,0.2630430299995361,0.46642919881398126,0.26289948899898063,0.29474449057333085,0.3787851263607556,0.3075022381075887,0.26375505300040475,0.43708740053318457,0.3460773767163097,0.3023812416840984,0.4215359220933617,0.30430282255427127,0.22192587158425578,0.39276266152495865,0.3803844811347195,0.3256101675035126,0.2614563508062614,0.34453883284294917,0.24286054780074035,0.309683554404914,0.2224290723834514,0.3292552135595851,0.3040694228761302,0.3170398868489046,0.18189530634711285,0.2219770158869195,0.3202994400585582,0.2901572339202798,0.33158796639330684,0.302108712205068,0.3403610808275798,0.3250439482818133,0.2854569993842008,0.40256331667294326,0.3362485194977426,0.2786020249536258,0.31671387235658244,0.27416885574274846,0.3235904599083829,0.272700579544655,0.22365789815079565,0.2953952595089629,0.3540161255726732,0.2986041253565461,0.37543442717450454,0.3044315353890464,0.33083066120403376,0.2034411535773811,0.35806607039740773,0.4940231938006329,0.5118337443208181,0.35129061998146144,0.47920258612721267,1,DET vs FullGradCam
18,model_6_m_0_cv2_act,0.3501175153375867,0.30484642605811374,0.27497801181274306,0.2921593374232386,0.400810909107753,0.2722716776181134,0.2588621772538357,0.37607327791138506,0.25606047117829944,0.2838348734953825,0.4572302563546892,0.324903780597282,0.26698138429317875,0.39564885678787753,0.3046588573671582,0.20946708110138657,0.38326138110084007,0.33792219813351193,0.3351693607956781,0.24843941785340598,0.39029998083856104,0.2806075325816655,0.3143602088221972,0.23342298881565346,0.34758984362648043,0.28071746841976897,0.2557772030736463,0.22928721444041375,0.21773110789693564,0.3249195210063703,0.3676959993856321,0.3234057513457234,0.2975288757077921,0.34364422129738226,0.3239705168988578,0.2618162200481267,0.4161501798844326,0.2802736093422236,0.25951038005089666,0.28057967844286585,0.23334840172882712,0.3520774592003907,0.27204416844612545,0.24100834949351319,0.3155385494153433,0.3307100751843036,0.23943370800378302,0.388339943439181,0.31714881523028676,0.2940068119063355,0.2086233447885132,0.33611015245341985,0.4179113538263343,0.48946032510715015,0.2641464316565099,0.4830086970188223,1,DET vs FullGradCam
19,model_6_m_1_cv1_act,0.29990923817147275,0.29027911364119824,0.26433660685579796,0.2870736998693713,0.455139223021614,0.27893074268927737,0.25251295212396396,0.44655881175921075,0.2353729647939329,0.26488015081024113,0.4259333346797755,0.3437071004618186,0.28498864009747304,0.4121797538228893,0.3082956251207993,0.20503077419794824,0.35251555744884766,0.3282744926115887,0.3419886117172882,0.3281858861372488,0.3244986438433454,0.279666701877194,0.3190748556987624,0.22351628062580295,0.3774700657245784,0.24598485619654992,0.25447037386190796,0.2150693530624584,0.21339002925764958,0.332903531186053,0.31489136824112995,0.3005060531348582,0.3283726118091705,0.3340249828536502,0.302322082064936,0.2678135789617413,0.4199732936741373,0.27277741823276414,0.22752139721292317,0.32100734038053913,0.27735153960057946,0.32226925176830074,0.273586788124355,0.28907928465381094,0.2931433978489363,0.37155921543319675,0.3174953010183622,0.37620282013081674,0.3016604177281372,0.30132232854683305,0.20096795445562746,0.36202995674118216,0.29498212557413406,0.47965186123052006,0.22293854396562193,0.4844110712475297,1,DET vs FullGradCam
20,model_6_m_1_cv2_act,0.31655854555832696,0.2986170394429684,0.2591329053852997,0.33598062614425456,0.3620168340211534,0.25169838873896005,0.25759693413791607,0.33987829201878894,0.21750161468659004,0.2598929346835032,0.40524405504913075,0.32753860940428675,0.3348796766383125,0.40001609371762,0.32489987830989175,0.20125440197032118,0.3541738284825104,0.3267588487187885,0.318536047378731,0.26397065791035945,0.2944957297696856,0.29254298144683827,0.32381401865610543,0.21466193213430584,0.3391270762888401,0.2427991561926801,0.23753786780297548,0.190425215565587,0.18610171080724486,0.3174089259209401,0.33734478853947175,0.3168483732852922,0.28852466569686697,0.30799919546855165,0.3119215124538416,0.23228585105659488,0.4261238759524993,0.23695967618065472,0.26018109125211075,0.2982442631832037,0.2230394849569852,0.3478698655307708,0.28588314929689745,0.22223785075215025,0.2772426654099704,0.34360619329361636,0.3117384294515982,0.4034059282746725,0.314369589001338,0.29472784085142295,0.20151070812775093,0.3492861871494252,0.4328339876760599,0.5129046950419385,0.3212287773843289,0.47950240181188913,1,DET vs FullGradCam
21,model_6_m_2_cv1_act,0.24800291814465128,0.3139430564146474,0.26549663601178686,0.2827546681076625,0.3437838612676158,0.2652386717485562,0.29118894147626717,0.36546425735863014,0.23046038377609426,0.2797591059553908,0.45030296689639326,0.31958880240996723,0.24766305455927204,0.4630012675995561,0.3387248389193015,0.25487592962648326,0.40342811698862335,0.2898605164786239,0.29299708308434846,0.24946950302081936,0.3303259852512219,0.25058594213393937,0.3388432492653977,0.18407720783218467,0.32886426454682016,0.24509644167911313,0.28815282520247254,0.1851340844644433,0.24717023396740773,0.3235182015576697,0.30464590059071167,0.317595841986323,0.36789655471664384,0.308707757974156,0.3001251384152714,0.21630057325424532,0.4298818778646834,0.2728490941136255,0.26932533113700763,0.3410533513365075,0.20323024066861944,0.29953747780954354,0.3084909933642399,0.22496462587184152,0.23232505893356026,0.4179864990929557,0.2519593870823072,0.381820886775442,0.3242365296548407,0.32901038030919494,0.17999680491463288,0.35079133006740415,0.4255477165413939,0.47444282818332323,0.31588564755084086,0.4972142206671703,1,DET vs FullGradCam
22,model_6_m_2_cv2_act,0.25727887166721064,0.3189027146833085,0.2698256595874509,0.261071905336904,0.4415894475242208,0.24109804069870092,0.2541472884041683,0.3555817661278998,0.20801747791374697,0.2668319869691565,0.4266923049990493,0.32049748181351645,0.32139016330343395,0.41950795770428856,0.2905226464047258,0.2633170174709865,0.40180020481358636,0.3349921842928291,0.3321464930531393,0.2444347029620688,0.32172050332368934,0.291001881457026,0.31764168404144844,0.20351715023498854,0.3094907079129649,0.31023106090795777,0.2844568471960937,0.15637231835821794,0.27395688656407313,0.3201355582860872,0.30688045426135735,0.28190963664412677,0.3881794591654443,0.31002119370343295,0.3453169791525232,0.2208431683960417,0.41484118790886426,0.2730227502635688,0.27672077681767077,0.3683274108289655,0.2105474226362958,0.3224216709323358,0.28742286748670093,0.26498339948209443,0.2729307232632347,0.35143555033548773,0.2589362513341483,0.3855802292085191,0.32986577759472807,0.3429433493155943,0.1786199124778444,0.3730565068876799,0.4546881964813551,0.5592592966556021,0.22853732251432785,0.5084654629587486,1,DET vs FullGradCam
23,model_6_cv3_act,0.35674819662324164,0.27966528683074404,0.30166956033531245,0.2956212727496965,0.39065408578803473,0.29822898255663777,0.2668653846907559,0.3473170722879053,0.22302900771990722,0.2856052616060822,0.47814586358259925,0.3668898204843487,0.2622514929867737,0.4222652592881949,0.27913828032389315,0.2382165991843195,0.36739768906054204,0.36547135318952356,0.3646403829483336,0.2213678417404724,0.3566948887725068,0.2946110238785579,0.35355944136863854,0.1803802613562681,0.29698302578331615,0.3912637139906097,0.28012997759426,0.28707409019497326,0.25311604722267944,0.3251288666651051,0.3900537514984606,0.34394604125645095,0.3158077309438205,0.3439879269571958,0.3094256117895472,0.3112858433944224,0.3880831814446314,0.29788683169585495,0.3390094258181893,0.3360348665051854,0.253147888332058,0.2871111726851545,0.25763994597853157,0.2652968860425302,0.2972455262668279,0.34866643610776404,0.2825165648114573,0.41644627529290057,0.3020028697388732,0.3223425234409986,0.20729458644596807,0.3124032914137309,0.45804957814853836,0.5525573386292989,0.25802399476664667,0.47218277403060605,1,DET vs FullGradCam
24,model_7_act,0.34173255728891705,0.29834332249059564,0.25808862607190064,0.31601447305270086,0.5797777154816737,0.3109503618358727,0.29735953038145974,0.5393770155234259,0.2999304742711854,0.28862566044530874,0.4311372479097168,0.3705922933602748,0.2938697399446655,0.30879683215913784,0.3472256012907997,0.26424234060140517,0.3761473933120577,0.3996177881292489,0.34899234499803167,0.2793424163962163,0.39030968136106986,0.3691555203524436,0.35315003053623323,0.2256453145934749,0.32128491387317065,0.3198501817789052,0.28653046118640446,0.2815615808564827,0.27518395405676,0.31951013441403975,0.34892884569115407,0.34903714562260824,0.36129159797484345,0.3326447027800296,0.35468953633185957,0.29026089756648593,0.40245321215465546,0.28115557331529434,0.3575708580949058,0.36605281335760836,0.2545146170501566,0.36195251288929037,0.3116681531468028,0.20726188955160446,0.3501360660312896,0.32796331267596734,0.3592406559684358,0.4121278351200765,0.29923720457522623,0.3535660800135357,0.2764636391504424,0.34518073214493217,0.5703240662542141,0.5986899894346271,0.3593169396505314,0.5341373115875266,3,DET vs FullGradCam
25,model_8_cv1_act,0.3180830060600077,0.3387684893877026,0.2852998021181666,0.30462398371901706,0.6139593891655909,0.26440182386738986,0.2898207967101254,0.5404537813338569,0.25893354094244475,0.30400186977617843,0.43491203391602495,0.36907819271470416,0.2830813055483828,0.36930584038757447,0.3110167353557965,0.2651667822245036,0.39081932964078264,0.3551665653437677,0.3872170697166943,0.33648361948417405,0.40620197047008094,0.3012011503789094,0.3401343986747037,0.23289387276729864,0.3007946921026205,0.26107109634763953,0.3516726098964174,0.2419832574900066,0.25947168230278334,0.31875170672471953,0.38784108422429575,0.3262227934724139,0.3308997432219218,0.34261577475321486,0.35585492956576287,0.29438328229775024,0.41381348541870316,0.3874215398871164,0.3586230195493518,0.2924036957474036,0.23209535391925232,0.3444415902478021,0.3037658181454288,0.275702481585283,0.2742620449235868,0.33758578853303645,0.3158816991719328,0.38316532979106244,0.3404309659101516,0.3622540777236029,0.24547512000271404,0.36190637590933755,0.5909116748688195,0.6105501532018237,0.40368034634037414,0.5044592081840417,3,DET vs FullGradCam
26,model_8_cv2_act,0.37330787953994565,0.34046621751012446,0.27361519325943817,0.27530719326951103,0.6266906428499122,0.2779000941346841,0.37036155979072455,0.54117938107789,0.2915287412427303,0.27404462253533446,0.4455389589088247,0.3508277104385377,0.23774208847658188,0.35399534718757586,0.3611397411109905,0.2374538265223008,0.36476183760682634,0.36858376778917973,0.33628586709035085,0.31689790452949773,0.349398355194982,0.3861697255812018,0.35989762254713054,0.21475455828137172,0.3219121990515268,0.33568976854662963,0.34014178685498464,0.3364983145638397,0.35247602159827407,0.32400039149370413,0.3969371014569696,0.33847463989977816,0.276595415531872,0.3435536039126658,0.3729097411804503,0.29082881994996385,0.4201178672938474,0.3847368393934129,0.33146942133095103,0.3317036224617018,0.27765360845348813,0.369123581419511,0.2970038286269415,0.24369811830660032,0.346311424019459,0.35741497716382997,0.29659124018623156,0.47433884747529215,0.32565575356995874,0.38826395958758114,0.2036523379994697,0.3121172284817278,0.6448095971633876,0.624298537158709,0.37034217487518567,0.5376900935331284,3,DET vs FullGradCam
27,model_8_m_0_cv1_act,0.2991368871120528,0.3392621523369777,0.2799497688830159,0.2937203977875313,0.6025485180610671,0.31361275689362966,0.36813398447121415,0.5522953224663888,0.3050031568757434,0.2804589877860205,0.4357371156141186,0.37973959654983075,0.35698287900775666,0.3376534211667231,0.3832582856428081,0.26483189159542103,0.40334119462442464,0.34471477439012116,0.3954854659094832,0.3592019089024407,0.39012709554443487,0.3308147179530848,0.3146721656500936,0.22562094005113975,0.30958103687680966,0.2564058355253223,0.3053630094087986,0.26695204670627193,0.25994328846114834,0.323711461147961,0.3976450284570808,0.3454034072536023,0.37946189642640993,0.3465782966458818,0.3373741159417887,0.2843684552685787,0.4076701081874286,0.3307509366424845,0.44994726449277594,0.35602256593641723,0.2611113411917774,0.3494604398085709,0.30371349738129505,0.2448297192049242,0.35317744408956103,0.3055201397492041,0.3138757932942199,0.3986827381159784,0.3277753132749121,0.38258148526356917,0.26727736727521845,0.3692147036373734,0.5818063940734086,0.5945819229777307,0.3638497889282647,0.5066429524429562,3,DET vs FullGradCam
28,model_8_m_0_cv2_act,0.24224257353785236,0.31541219086760447,0.28056622341750204,0.29559392540258855,0.5588312638162223,0.2997475938418331,0.3201688279075184,0.5659687533508788,0.22277801758493293,0.2679301408321768,0.4778966910545502,0.3639297149554133,0.33754320308110425,0.3499117968586707,0.30665429707894215,0.2467622883768555,0.3285633213579888,0.30026371984228145,0.3589544827346475,0.30433214150801985,0.31321093104343584,0.2978484098211296,0.32317174763920475,0.22572887535418593,0.28753757388633966,0.20384192461842937,0.3582082094144885,0.2247742987890918,0.20733133342102517,0.29330892203064207,0.34843216721320963,0.32663840888332263,0.28168890997209894,0.3480094139835206,0.36568774854323066,0.24364723890623244,0.41340668459400187,0.29810463452486013,0.3209454255696286,0.28652055691651224,0.2604178228784283,0.3879887975958884,0.3049489483647515,0.22221578588178634,0.30279844542666706,0.3357744074550698,0.29686488302518604,0.3675245604440553,0.32108938227927725,0.3866812966185966,0.24538741130855762,0.36304359802081804,0.5662138238440572,0.6044182343274579,0.35411268533534507,0.5023327146214208,3,DET vs FullGradCam
29,model_8_cv3_act,0.3503283485323766,0.27333334535259246,0.2617587312304994,0.2348758820565734,0.5845233651577303,0.3019399835790576,0.2595368879655614,0.5970289287753268,0.19676426242829723,0.27742908616290035,0.4427326255152449,0.3447998813863437,0.30158446630518526,0.3308345390288526,0.275352166707119,0.24890296529510744,0.3595012866172063,0.3275304200448652,0.3144536621024352,0.41697254697506553,0.3596218176183765,0.30347867200490447,0.3538388860074899,0.2136038465669855,0.3134994243787621,0.2731503932998084,0.27375358115053305,0.20674031706556553,0.2649203917805903,0.32443553749489823,0.3187097636984758,0.3570683548213033,0.26142391875840826,0.3441830962748603,0.3635146194984283,0.28365999110162987,0.415368833711875,0.43676384432257126,0.27898495036074905,0.31801493013304005,0.24016107435663547,0.3779200821437753,0.28010260239035767,0.18191713878878812,0.27457518267056436,0.35586564880623445,0.2909080288823676,0.3793136257284208,0.32533152538300814,0.3516333212090059,0.20509016551890105,0.3684907824402607,0.5600685329823105,0.6223867194320657,0.36708198737069214,0.5043382538129022,3,DET vs FullGradCam
30,model_9_cv1_act,0.36302175455987495,0.3004458536002648,0.2694014935075817,0.24647598548273905,0.5833880110671208,0.3029294628067274,0.25496105675849495,0.5944725911711749,0.2480798935153471,0.2787072144095285,0.43762425037869696,0.3495823234114011,0.20214447283935924,0.34674643656333753,0.2790005120235882,0.2230103933163589,0.3596337657852104,0.3369471198730731,0.31673994376568554,0.2788208517195077,0.35807821075910357,0.3065813926175798,0.30265281838447017,0.21893752428557958,0.3166585498696921,0.28243677078647883,0.29656824564508943,0.22014876049581855,0.2612716376286189,0.3266862468079565,0.3253142678156508,0.3635382056983873,0.27513173473239244,0.34103630959092873,0.37566876955472506,0.28777266952239566,0.4143018708437819,0.43881782533197844,0.2734822517203728,0.3213290979769713,0.24813509384445742,0.34801534314992233,0.2947185521909404,0.19186226996056838,0.26995091676768834,0.358279808268272,0.32363925124147974,0.380158902773528,0.32725341311038736,0.36205663068262955,0.19013353617716466,0.35211930407225495,0.5564763996698803,0.6284946213155167,0.3747317192280654,0.5028542353009584,3,DET vs FullGradCam
31,model_9_cv2_act,0.5131362158195621,0.32136785951290275,0.354986473742335,0.27732240948281844,0.5267009170103923,0.2512558125013779,0.20353850492092146,0.5745166431368678,0.1524664286886272,0.2336129539245777,0.4860648255170563,0.35533357790271103,0.2050794936392346,0.3970934330010777,0.23429568589894303,0.1483279462420312,0.3524325591062455,0.3761484139711873,0.4694190449552794,0.2689857622617235,0.22321833561748203,0.3645213191006557,0.3368483804479447,0.2206641915406109,0.3246670508676421,0.4917629618897628,0.22916095992071586,0.273711809259577,0.3598498575876187,0.2301814763626143,0.3522430617207091,0.3425391055606489,0.2823307468847617,0.40214390828960145,0.3096560187388773,0.15146447509923958,0.5923799223235674,0.30018025692001893,0.5064955738461456,0.270856347452736,0.22896453521792262,0.18172297697905357,0.23414019962483382,0.205099621209503,0.2359524807319502,0.3848099265398865,0.3489761271605659,0.3632948650081471,0.3298874842057795,0.34309163963021055,0.16602202856625042,0.2820948905800407,0.6218992308011957,0.579443947880123,0.3097390647138243,0.5109804658762822,2,DET vs FullGradCam
32,model_10_act,0.3754080593842929,0.29577861363890795,0.2718800024474542,0.315158995025733,0.5655502968010427,0.32617096792318356,0.3194178658730408,0.6486615131714532,0.22859275939288035,0.2798875667476027,0.5074269644113358,0.3789136824533053,0.2519436107191754,0.4912072946926345,0.2656708058415236,0.1536470856597589,0.38124620021383343,0.4124421884931866,0.40423406848476645,0.2422796852289867,0.1411931332113987,0.26409227866103635,0.3099683419066754,0.1999825444534951,0.30807377098263133,0.45180117894318017,0.2591822279775069,0.266459659629923,0.23621218263549087,0.2275058724358275,0.34431809695796683,0.2750451070188226,0.436220231583138,0.4355484412609494,0.2962903877505411,0.1774912157550027,0.5350321408575923,0.38819872245675846,0.5090819208537395,0.2826503784990534,0.22370101631371025,0.22820764843626146,0.3520271886550928,0.22424719026678183,0.26713078042846333,0.3854896423655637,0.2847892033621494,0.3586729848266556,0.3682557451651269,0.42618157677651874,0.17721522921779767,0.42075699459979404,0.6301811693590587,0.5699831024005038,0.27265859246049895,0.5137437299885853,2,DET vs FullGradCam
33,model_13_cv1_act,0.47106631780211217,0.32591368068176857,0.36268706962866454,0.2132440248949059,0.47148380154967456,0.26916650001207343,0.2973100674326876,0.4910049524236142,0.19448048747545446,0.24588072544376033,0.4805174684810761,0.3854318425374866,0.2778585478658821,0.34801748236408103,0.2229407383048715,0.1059768905442681,0.3089081995577517,0.4459760526121131,0.3705950643573319,0.3015105007053014,0.3008507879890274,0.34186282458755457,0.30320890599938577,0.23448162504193915,0.3070757237227917,0.18220699822024977,0.20303374054379253,0.23792110996318966,0.26022518945347917,0.26428817240401187,0.38062983840788944,0.29376928789869455,0.3505415818465418,0.3949948642585438,0.30785031124278384,0.24513178084450826,0.4772677193452529,0.33278436914151754,0.5317716299412367,0.2569536232066272,0.2285535357454899,0.31214185113827064,0.12911497113932996,0.2794910908454453,0.20466035389481116,0.4061439082740879,0.2663889971254713,0.49241588773670864,0.3647198246788343,0.2799463139347392,0.20389260451184682,0.35961889173838585,0.6164883865533664,0.5690898947893043,0.2656483244159832,0.4853337004237395,2,DET vs FullGradCam
34,model_13_cv2_act,0.38970517278293554,0.3269080156715826,0.31240020550282727,0.2802555507181496,0.3874523308607248,0.24155229449421098,0.22122954840371833,0.42192352122200116,0.1846934780867122,0.20362037075136008,0.5137623631168248,0.3600162398674924,0.19583550963911425,0.30984926343473546,0.2668785505556563,0.20234819469577997,0.38146733389896187,0.3997773200567773,0.4536445227826611,0.34695277723803336,0.3539070691279216,0.37115157498172696,0.2959781403735468,0.25780564661504163,0.3819132832753702,0.3909683529681113,0.18069020284742138,0.31684599560076265,0.27839501551590234,0.18637123002222733,0.34308745391925743,0.2845360688567742,0.26906492820434974,0.351008837795671,0.3250336576391445,0.15804696153908532,0.46362914405277506,0.2637645768894842,0.4227877604345894,0.2716409130779434,0.1866116970918382,0.21141502973514242,0.1515755325540049,0.4134295216053993,0.21093692978757964,0.37396223052885724,0.19936353664319575,0.39658040049044346,0.3933085293473801,0.3166971242935786,0.17467984376610157,0.4080470469653957,0.5185699307109565,0.515813440268277,0.2518643621936915,0.5538401863545245,2,DET vs FullGradCam
35,model_13_m_0_cv1_act,0.3448232554455198,0.3094927834342549,0.3033019343185368,0.23060675424529076,0.4230358023285407,0.25601655666038,0.21578648611405124,0.5127317610924103,0.1687614769343243,0.21100115337862196,0.5386155511752715,0.3872067151465784,0.1415604679565329,0.3719554316158448,0.3228529682101883,0.10711758132196182,0.3400986290595408,0.3672435702446733,0.3443523624752172,0.3895182456653403,0.23794602878992469,0.2952428400339813,0.3445431832944708,0.2703516711076297,0.37337715836615176,0.2497655196234395,0.29938460408873874,0.16315507715073188,0.1743629336859792,0.21458877091409181,0.3650296093886898,0.3002906758290567,0.3299329037521849,0.378997079793275,0.3252567327499919,0.213399490236364,0.48559553787739235,0.31502399612303267,0.3659010004920802,0.26041804015519715,0.22740151354967483,0.18170799253969844,0.16045692514791876,0.1943482141990195,0.19188383251880883,0.39883598885872196,0.2590321405075597,0.4955198729049894,0.36744126418531076,0.30689906539828693,0.20221840735266214,0.2744018652281247,0.5772773411447751,0.49186312663723414,0.31143247627122744,0.5067522566599333,2,DET vs FullGradCam
36,model_13_m_0_cv2_act,0.3439141620786856,0.3125837699312658,0.29454589554054184,0.2304005238369268,0.538475650861552,0.34004476496433217,0.2719834742947281,0.5474782942983267,0.15432771389298952,0.22154446836750005,0.4941821698433639,0.395076449754922,0.16606179741033983,0.4196644026038194,0.2914794000802065,0.13496530246436222,0.41676863746876835,0.3792004434564498,0.40345196874528044,0.30406912403730674,0.31212040642984096,0.2971921095682893,0.2928970152897873,0.16766758924498673,0.34198691530044695,0.4115049092449588,0.18986449840588668,0.25764779454125847,0.3147527451091176,0.20160837524822917,0.372548819311949,0.34452546088948316,0.36061723419148917,0.3971950298691097,0.3177714762740949,0.20690112145801762,0.49752959020148735,0.3624238673557117,0.20858286923356315,0.27998684607964214,0.21399251641191905,0.36938129555474825,0.15915031183732284,0.3755746971817625,0.3362416654325877,0.4002254282507623,0.2576935080205742,0.35989032855157965,0.35753298252219234,0.3849632509173044,0.2168217232101083,0.3437480640886689,0.5768310908358735,0.5802311520356767,0.2055074868520056,0.5056804497136413,2,DET vs FullGradCam
37,model_13_cv3_act,0.32275744146472907,0.2625933815585926,0.29887214011900853,0.23788496338208773,0.5541301247347016,0.2302188103816077,0.24824840098450168,0.6126703002646507,0.27831166993554535,0.30484447965598244,0.4613393701212933,0.3557180207780297,0.22873278156653315,0.37919094340426096,0.2885699034225654,0.11537264568080983,0.3645525948162065,0.3824865500600832,0.4352117157909373,0.3025473004038885,0.24945020842974253,0.3945775482524923,0.3169020915709745,0.2698918782250567,0.3800930015668554,0.348117512325421,0.1836106592531038,0.2124005540163339,0.2579436794689791,0.21591139826055594,0.33785034758489046,0.29739638055851997,0.410006858011123,0.3456407403200632,0.29773408959489095,0.18157454830990896,0.4971608325131337,0.2791510225819173,0.2577034730110605,0.2809421897625991,0.18868458179801803,0.28405521556528207,0.18843023164186515,0.3932300451769916,0.21533928442441685,0.36572397099331033,0.4180667966978292,0.3510729143341246,0.3757705161264942,0.2920174794207513,0.24326495151148808,0.3806524695198265,0.5749058520372228,0.5219255300862391,0.2614119401047681,0.5679033814562763,2,DET vs FullGradCam
38,model_14_act,0.4046399312552785,0.2607502491992576,0.3081394213994361,0.23629130983341096,0.4048051635821568,0.2142781267235041,0.159753847745854,0.4175983290124704,0.2571199058497544,0.297423115958978,0.4717471846301891,0.387223699766918,0.17410402442363718,0.3346507671184719,0.32593258665970104,0.10994748984050885,0.347212876006626,0.36986636365339115,0.3845607837139963,0.1532518836867375,0.28314757142236674,0.397340382641835,0.2569362968406651,0.22671109967732272,0.3219322246722864,0.22762708000420184,0.17886953506620168,0.14622321553957257,0.21652616957972426,0.19388355202569385,0.3641618012911043,0.3124634943700133,0.2779437230071544,0.4406790673214136,0.311571148387573,0.17475965153608597,0.5034996084375133,0.29602289032342655,0.3213228835375282,0.26609536958807556,0.1540952457935594,0.18686488082269717,0.13707865532208785,0.3111543963827583,0.1806205870377419,0.3841276926239278,0.18866433126430476,0.35644111991121774,0.5010450372914629,0.34468205559908555,0.23189817340546992,0.2815383869351996,0.5416679403212915,0.5149113902965088,0.2441667037069438,0.5083075782904902,2,DET vs FullGradCam
39,model_17_cv1_act,0.36032457205246754,0.30063661061695834,0.28234072125830695,0.2573693849750854,0.2807904084934231,0.22619298734219495,0.1790036203767522,0.2314548815718191,0.16826993575816962,0.22296300415520454,0.5534352051536021,0.3901583604604146,0.150905020663791,0.3644360010811441,0.33487533443075596,0.14666864638641205,0.3884153214011091,0.38529051475005555,0.4149354364715054,0.28173151069600033,0.2591313351640979,0.33103158678246053,0.28226480648167285,0.19484822814445985,0.36741704185154417,0.18725851770294946,0.17455938236216434,0.13969721058957615,0.34091479411322945,0.20596135107992228,0.374873459325154,0.3346041272351102,0.23786403816275517,0.3734784156596661,0.323942822283293,0.23544466231248976,0.48760848772569365,0.2846652858560363,0.25676450846319404,0.26563250769901575,0.15330221194949184,0.23425252479367187,0.1404764556346207,0.24380148870104543,0.1741226660531911,0.3841467923098138,0.2538234592655234,0.36631588527194686,0.3507642647768693,0.27884681659981597,0.25946680842672337,0.3473723439921144,0.3914755945351455,0.4815319077473631,0.2337493571932435,0.4878497113954619,2,DET vs FullGradCam
40,model_17_cv2_act,0.36008370905829495,0.29999464751511656,0.31552794693605096,0.312024665898969,0.3625643799172125,0.2172455946420141,0.17553808015722108,0.32022033536743505,0.14776344494727967,0.19523430476675735,0.4729261792952221,0.3586019077505002,0.25730017118146087,0.3476947126710544,0.2770438776504461,0.11346859745555643,0.37582413469356357,0.41990140285287414,0.3725369259330835,0.14101340089628656,0.23598874901198053,0.26039592205392575,0.32628653349060954,0.24849991711980862,0.3083118297766939,0.18601079837960394,0.18039299681085913,0.15615752452001996,0.3302700362397135,0.23319125506734223,0.3169038844690694,0.4059416911432297,0.29139805026693877,0.3672796260440589,0.3053713532351124,0.21749145432727118,0.5359122337074441,0.2982655765022779,0.38303330874114994,0.2772602542544953,0.17441710656894677,0.28142185319255647,0.1720127802810691,0.20285314911815547,0.1856089958063674,0.38483332769803485,0.24488963697732724,0.34658094424279917,0.3275745735930687,0.33906208706616525,0.2911823428808005,0.32289347931904117,0.500695026302085,0.6033540775792237,0.2727258891578934,0.49756447523670994,2,DET vs FullGradCam
41,model_17_m_0_cv1_act,0.3655805741671328,0.25554617786288464,0.3154226666311616,0.27625049030718024,0.30322737445349723,0.22684268139971708,0.16373491427400416,0.24649688568239428,0.18391639375549887,0.34385554830583953,0.5377390169530479,0.38149481915020306,0.17320748302465103,0.34367131515157406,0.23505891048725083,0.14597851576098475,0.4089822575719257,0.40964485778993964,0.3650914642725184,0.1879857959568447,0.2841311123250628,0.3283009621610418,0.32015334428325765,0.18371338091398676,0.35073359942190946,0.18680256558176322,0.19663781213819106,0.17349412294588834,0.151968008247595,0.20759379159301294,0.37552533203161936,0.3292341204286585,0.24320866145447986,0.37113191026074643,0.3250669718144022,0.2335802481187728,0.4801547702548277,0.27975666688762246,0.27001689873488577,0.26545092754105953,0.15433541318087662,0.2131318783867261,0.15013058721125172,0.2007395717568668,0.24837713516524243,0.4068676602290505,0.16607333616832948,0.4288402837634953,0.3571312647114146,0.3085900817914455,0.23905627980175592,0.348531839269583,0.40489839120522203,0.48329134135381324,0.23430090426731437,0.49814575591017707,2,DET vs FullGradCam
42,model_17_m_0_cv2_act,0.35458489313794994,0.2595303188964845,0.2798472838895238,0.2652103367107668,0.3850827441800214,0.2089070912292165,0.17260130905699111,0.33524713797292244,0.1590996172080291,0.22278690613124782,0.46544685085165055,0.38354539575804214,0.124539260799193,0.3524426982598033,0.2672034283871009,0.1216645413122299,0.410215563295436,0.375629968634978,0.3875586685025359,0.19642708930338085,0.23875672391098685,0.324148399771958,0.2936092541405329,0.22622334069483363,0.33816313602623094,0.18601080241454135,0.18248888025593787,0.140004614440262,0.3448498423441177,0.21142960637856809,0.3811144766334657,0.34804654889086867,0.24591603855236757,0.4003495531808371,0.3908031161071231,0.17237755919726913,0.4386445592594058,0.2823291333676483,0.4163043453093375,0.2522221965377027,0.15923111657769493,0.23421583739507407,0.16556930231870345,0.20011377022428703,0.1623459129525418,0.40410463161001814,0.172290492260925,0.3512808207808763,0.338285407930521,0.298989159325576,0.18265220846454389,0.3881864577238095,0.44995288641721176,0.6033540637586067,0.30600804439440105,0.49180695057388685,2,DET vs FullGradCam
43,model_17_cv3_act,0.3414727816645692,0.2851455511047716,0.2878819919090206,0.30129382883357114,0.36914485470681485,0.21138852230407248,0.21180331825767768,0.2906684792024261,0.22081765615273058,0.22747375186610383,0.46824799519054594,0.38383650484254606,0.15953877559451948,0.394023140734976,0.32386884485873735,0.12092341362842493,0.4135112661817116,0.38957222139208175,0.36216422877384136,0.1817326461515032,0.24631189395772446,0.3245984918493246,0.2952939835176913,0.2600058778978091,0.33996626596263824,0.1860108021553088,0.16299242506644496,0.18347817085429005,0.3164793497122406,0.2063488385525143,0.36011884181437215,0.36525105767808,0.2414731410273928,0.3599976521056768,0.31888192974174273,0.1778362254883154,0.5186884845931462,0.2799872987488358,0.4227545521084531,0.25283125723404437,0.15467383246500832,0.2914064314327884,0.15966789329803727,0.18244498277432303,0.24226097774505834,0.41322627053433386,0.17517684497065375,0.3665033094319981,0.35302271579482686,0.36106301773688076,0.26415039326572454,0.339604675250968,0.460891775328808,0.6033540789901612,0.26853517014441136,0.5261515796032273,2,DET vs FullGradCam
44,model_1_act,0.2007763385900914,0.32172436630728973,0.19422798998967283,0.22160719215073024,0.32873012586482103,0.23696586628681127,0.18480492860777284,0.2367110994898702,0.1737604721930108,0.25747972283651627,0.19911896813262367,0.32609937891280405,0.20903133647469319,0.3677293360214663,0.30154719531002405,0.17020386087512285,0.227138162138288,0.2760543081847619,0.23398462617658847,0.3118358042843633,0.23684611126300306,0.299122342783818,0.2678588576109911,0.24635552898916843,0.18604113901277464,0.253588758316414,0.2197286047907528,0.16878668760362273,0.18542490745945925,0.3697852395997947,0.23595989123906186,0.2160801478454823,0.1928548704951385,0.2846606978110523,0.1854655710396966,0.19139755788465485,0.22542018115908727,0.2788767903390042,0.24776493082140355,0.22741095824733595,0.20909746873567447,0.1841202701284184,0.27839700816761387,0.16858194108769053,0.35649821438652546,0.23672861615723745,0.22843594845819173,0.14185083011959906,0.2079988813577497,0.21674770738862648,0.14881715999024697,0.4075020080441733,0.2909025819984819,0.28734471894562064,0.23825483964380656,0.217099053074231,2,EXP vs ODAM
45,model_2_cv1_act,0.21582932820050824,0.23092531468544034,0.18813592973126625,0.2294788606909869,0.3704179590672598,0.24416393604311187,0.20103934904304746,0.27045614832598136,0.18805899502428838,0.22917647172085817,0.2504135508449732,0.34627497865996965,0.22012616522879253,0.3542356705980357,0.28683245411567915,0.16562277323790273,0.3385443268483061,0.2557261814638073,0.23799783577738254,0.24485726789981255,0.28077923463657295,0.2964716317018457,0.26970139447401914,0.23043184634620362,0.20271647718933594,0.24844283942432324,0.2295906352587249,0.18676066238864106,0.1976042511238491,0.37025170859272255,0.2536503359993288,0.2028098670887313,0.1919430209523601,0.30555980802801125,0.21346320345232997,0.17849575686646596,0.23302187978723488,0.30343818096535835,0.27217719983995176,0.26212520054901695,0.23709967190381062,0.24738936938755485,0.2843931015704624,0.1665292406703098,0.3603385933531768,0.22717668957154785,0.26079247761855995,0.19305626888784225,0.2792784750267959,0.24167059325259166,0.13526985702252178,0.35218576041355537,0.3147564829052466,0.3085445072121086,0.210054309945902,0.2337356343790127,2,EXP vs ODAM
46,model_2_cv2_act,0.22500611523233502,0.1919766578639478,0.1764052348864952,0.18042067444700277,0.3432883636386489,0.2134908473810198,0.16078096699578306,0.23266215921853745,0.15006460556245207,0.20983838707608113,0.2038200859626366,0.3394791344196673,0.285872008208351,0.3731292533477314,0.25043090994513656,0.19871617766787858,0.2612132595767181,0.23017511294749604,0.16340765060573081,0.2590715084935953,0.19266991023142432,0.32788827178140095,0.2648185445302657,0.2813943281668623,0.17411009326028606,0.22129311607399743,0.18223184626931607,0.16705336327420817,0.17489849919470335,0.3515964148383255,0.19727170868523206,0.21387353641322143,0.15844982677226574,0.3776400087444396,0.24936931167306642,0.12771758727039328,0.15612947133538493,0.25893756183672123,0.2527045024585039,0.21550920010268834,0.17973452415883912,0.16236236600374865,0.2799479524510014,0.19997115656276385,0.35143141868992495,0.27727506937040425,0.18470967486262196,0.23948019697840875,0.16388273689879923,0.1954527681897144,0.14487201049224813,0.4065883508657212,0.2517514084585374,0.30767256257780157,0.24984902238861242,0.18806077522465425,2,EXP vs ODAM
47,model_2_m_0_cv1_act,0.2158475355558043,0.22813579888140215,0.20275984195507973,0.2307919067731308,0.34455188396496617,0.2733790487187561,0.20039165041573664,0.2726572789154024,0.1797223595666681,0.27265688096254537,0.23204050618148359,0.3105243034114307,0.23032345989602754,0.36870829184938375,0.22936650363748126,0.18591887383092487,0.1994258842603084,0.27449889716411535,0.2354712786902506,0.31920447169243693,0.3864984259572909,0.26867579392391566,0.2510360588949956,0.26119996282812585,0.176609181574218,0.2861584655482407,0.23134182190445735,0.231593265338457,0.19710785183832857,0.3314574616440599,0.2506488785900232,0.2829501905216609,0.24892208702087434,0.2768832959880436,0.18827217085734638,0.23187264718163347,0.233760995761187,0.332715119604941,0.233991364927669,0.26634987540835353,0.2566551755512531,0.21904224304299164,0.2678313286476475,0.18308385051653334,0.3523449611914424,0.3124762473323095,0.2891252993485502,0.24676887751555346,0.21858690272827982,0.29917290065610563,0.15950873916859296,0.31874428519326536,0.29808999377731554,0.2978654306760232,0.19770852205117415,0.23500454109439733,2,EXP vs ODAM
48,model_2_m_0_cv2_act,0.21082510090417364,0.19768269842897135,0.16158574942662404,0.2030117802753318,0.32794568547457487,0.21101490801193493,0.15966385650864592,0.24832794963555177,0.16655658510287014,0.23921134060010765,0.22474729718731348,0.27139464452977785,0.3003099643198115,0.33639484121034924,0.2841823433607012,0.17193342145872678,0.22311108030250154,0.28166566821927513,0.2267593006219295,0.26836855058316755,0.3276511089814205,0.2918402428708691,0.2644826856717778,0.1951129202876327,0.1842271331483491,0.23694703618458646,0.19569453726264432,0.2098735348206639,0.2038336049987945,0.33537140623186273,0.2470500263043344,0.18071457447569655,0.16696652434487888,0.3215098665147314,0.19841755595912125,0.16687881247310823,0.21340409097262686,0.2938451055912507,0.18686550282248607,0.2507472546385871,0.19436956748747516,0.2903562236222328,0.2576936451934485,0.17164327774469867,0.16827828513083007,0.2771589975734583,0.24362352587093708,0.30515899880727565,0.20082644884017184,0.19707970099511998,0.1279743839879125,0.24182868317787914,0.32093880001545605,0.2707267845927852,0.22023087890217885,0.1987778987995419,2,EXP vs ODAM
49,model_2_cv3_act,0.2197281373203027,0.19886804555110638,0.15428039039198913,0.1798352112343749,0.31570994283056086,0.18074730171275322,0.12687174136725382,0.266984542162448,0.20105826080869493,0.22093413147881213,0.224115096650656,0.2384140798516556,0.22752187947232702,0.3565061558354563,0.2626371055692117,0.18942797573606793,0.25672248203434395,0.26524375825856333,0.16460226730846914,0.2951382064049571,0.3349032002028427,0.28782785173346737,0.26488677690758244,0.20141147803508233,0.1519647620927213,0.2477528233375932,0.17924322061930392,0.18450628875619032,0.20207899809304286,0.37372550522823644,0.2433556711100459,0.1896436637855458,0.15924417832480012,0.22284422770816226,0.1946261838699043,0.1410939152781467,0.20544065604446957,0.3094930988850175,0.26134410667917973,0.2929091121222014,0.24682217451552713,0.27931898256218163,0.3091846823304874,0.2522794826056566,0.13620714312301238,0.2882128576741403,0.19977048296333816,0.25330847129227113,0.25978208793680935,0.17649169625598882,0.14356261408865703,0.37935564494503615,0.3025077602772931,0.27731975393751246,0.15249600352079307,0.21918013259233896,2,EXP vs ODAM
50,model_3_act,0.23226694105982623,0.21331577208783392,0.20472509358887633,0.2054460286213561,0.32669669559693637,0.22741670245430828,0.15683282958527736,0.25732230425528574,0.1273668953090774,0.2910518545726283,0.2088889565242123,0.319848220855242,0.2991345667584697,0.38743188952564395,0.2657913221207327,0.1942359943132741,0.3213760699707579,0.25308644405189973,0.20250601072652732,0.3113034475250144,0.33789075970277616,0.29228883130922956,0.2512903487450845,0.23010533067621286,0.21517406543645945,0.3120544639121067,0.18270618617312193,0.18746135309857426,0.15880860790256054,0.3571500954844562,0.21533755353673847,0.22751762423757835,0.24404803452167917,0.3673857599427157,0.2810010055108273,0.19337665309623792,0.18530108035060783,0.30839191990001585,0.21371928138460625,0.2633515352167109,0.15696569058230134,0.32545251709729334,0.3049147979033225,0.19625988708851125,0.1635791746684148,0.2356197967260698,0.34557367327303246,0.2458761605879537,0.2820872802657371,0.26978990349786675,0.15146509513899026,0.26768802153766086,0.31354462636077673,0.3209561714034161,0.18225868553459915,0.23034321204453145,2,EXP vs ODAM
51,model_4_cv1_act,0.23572689556371118,0.28158257753288457,0.2711855422282363,0.19559305019658801,0.39675921459366,0.20587530564479098,0.20878581018078532,0.27150095663612694,0.24801496052932312,0.27709320960066436,0.2546641406725405,0.2763304041861692,0.3313597618808776,0.3227425142860429,0.3109174517422504,0.17255732495416745,0.33047215165957944,0.30408317092426235,0.26478501948252714,0.3832522969391963,0.3094103428362846,0.34017670697341074,0.25988799510008076,0.2841686486202919,0.21781329268371533,0.2458592020667485,0.18693122056385086,0.25027836862751995,0.15013918305285642,0.3782488733064001,0.31405435613692023,0.20930673218694834,0.20859032002265854,0.3642629419285873,0.23145137615656952,0.20482952574103058,0.2151667209042335,0.3264505366719047,0.284424761581052,0.275898817979457,0.25512890884569456,0.20973880678511836,0.30710793614870086,0.18006372350828087,0.19978032657820527,0.3175515615468313,0.23378222055612152,0.209242065451418,0.295183272985776,0.26183978341561553,0.1695635324253077,0.3136784861235087,0.4273481935506923,0.29805497368431594,0.21051199351185354,0.2141201042071725,2,EXP vs ODAM
52,model_4_cv2_act,0.24727428425430942,0.23946721006134045,0.2275275321223041,0.29362462421086394,0.3697809256284163,0.28849494294845995,0.16245001139529347,0.2633564822313295,0.1329684232715001,0.2508344473378546,0.1832244326796306,0.23983725128453384,0.32310453960965346,0.32827473230861226,0.3069638421375839,0.1574826351541526,0.29207918642472097,0.27287731992831943,0.254090800295787,0.28561009254177216,0.22284892826988537,0.30204855014048504,0.25360466102701296,0.24634112321772472,0.14269590394702386,0.31144533041771105,0.24358715214463939,0.2193117219246306,0.2091930359116886,0.373947982347638,0.18841733403144462,0.2508736703411838,0.20882708166547995,0.2900408893056565,0.3144550249801853,0.22561599951200306,0.1994814367088656,0.27443743150909233,0.21694375104374158,0.29895047080901166,0.14786902498827253,0.28501621890491763,0.29171245481490854,0.18321568482545725,0.3543612617758633,0.26098828105442146,0.29719017796912806,0.12889529758801146,0.2385175872455869,0.22687513729805933,0.18376808157414815,0.3991190254342439,0.27017754581063497,0.3051636210022898,0.27901110448652877,0.20554311886011647,2,EXP vs ODAM
53,model_4_m_0_cv1_act,0.22925961395583264,0.23401807742541295,0.19702223740168925,0.1843495106532181,0.3454562073697343,0.19953942802876554,0.1733680241168624,0.3109281489127666,0.16885646852661249,0.21662148409661414,0.21391445429506312,0.22739702020154234,0.33383704118659624,0.34156336969168216,0.2372312398975285,0.19804673531668027,0.28577751694256054,0.251473836846143,0.19498528442300406,0.2797507372401662,0.27917110445431376,0.33241940521306196,0.2640342205186497,0.2413914799131462,0.20987246440135604,0.25721322861520907,0.18081322742498052,0.19376855220473854,0.13102433438530436,0.3610459421590652,0.2525667189105809,0.2145187788406074,0.1882980401777841,0.3692757498744838,0.18045008346268912,0.19687822528918122,0.1340144665703812,0.2928987275687115,0.27030907082114686,0.22276409647029863,0.185817794570244,0.27044495507408844,0.2973323704093512,0.1961017695605568,0.16684266003921283,0.21031348608186667,0.3099395890338634,0.28536299744877985,0.18452146431224556,0.25090051359472326,0.13547817040156349,0.4129349140585955,0.35390419514596766,0.32706023107286764,0.32834765592456444,0.20106869533098612,2,EXP vs ODAM
54,model_4_m_0_cv2_act,0.2218409759414958,0.27057417059408956,0.1821534242010805,0.18645566364683128,0.39763337647580244,0.3083113126650242,0.15841656595320122,0.27987027864675346,0.19903450813903123,0.22607293962266914,0.25177923994501417,0.2246878262414582,0.23784379651444718,0.35246868637989687,0.24531227865012223,0.23655146564143728,0.26955788328670405,0.3154670321648856,0.1877828182802332,0.4061420880822865,0.21529495649968736,0.34735316872448974,0.2624909273124781,0.2451292947802388,0.17816204252611934,0.3158403837997327,0.26032740774770174,0.2366691847019631,0.16635747367836187,0.3665050582682863,0.2342960257927596,0.18808826141411483,0.1563115981241287,0.29303168490162607,0.2820945015215553,0.18044539949524305,0.15368682298440214,0.2497235267190963,0.21264075424683282,0.3153671083744469,0.21851053631115036,0.24081120885446627,0.31888812445932085,0.16894891491332,0.31040985625339435,0.23572130240775796,0.1989486867710178,0.28964886729647127,0.16114473027301623,0.24348992739378766,0.139280329996632,0.24822346530771316,0.36806905761052156,0.387609318838436,0.2745724116555888,0.23846059217121782,2,EXP vs ODAM
55,model_4_m_1_cv1_act,0.24281601288584706,0.3150383431494386,0.19661545825615112,0.17031008700185452,0.3259649751053242,0.3323966752323346,0.16842994432431072,0.32256353588157693,0.15580170686957046,0.2645912054723958,0.212363487292217,0.2632983907219346,0.181968114116886,0.3815824153195366,0.3601410642474026,0.17605221482159325,0.20585983153041887,0.25686954240692556,0.1949314996012941,0.2763176126712943,0.3874224106066038,0.3038557878752486,0.24629283329871599,0.3098172437388949,0.18850038716781664,0.25528969333420587,0.17628638283652298,0.27983861067074167,0.14797732345492792,0.3544157944003679,0.3115223123659006,0.23675035880243353,0.19061752771499402,0.2699665715510218,0.2477979065140647,0.2236569486729094,0.23445738709045194,0.2491259730421352,0.21976560547120644,0.2611895507068205,0.24357224403125333,0.24054257845271207,0.3499343659435962,0.16589138029682174,0.22865663427112828,0.3498706742373984,0.29576038971447205,0.3085457226331421,0.2182669845296966,0.21317440420328032,0.17294754639499715,0.2415415107921908,0.37220379436784506,0.47735492366245863,0.1405448894330258,0.23655324718397788,2,EXP vs ODAM
56,model_4_m_1_cv2_act,0.24417872666019907,0.17629271445378378,0.19430666713341174,0.17747040136416764,0.3858553614951747,0.2502962687805457,0.1608123487288056,0.29150079489796166,0.17524256256062545,0.2372376462815922,0.17496659823320954,0.30112749188368143,0.31279932199666266,0.33351376416308925,0.292181761740827,0.1620548042545639,0.3784296343568649,0.3167689704425066,0.214826970849609,0.29189074324402753,0.2579866321348239,0.2535232321970532,0.2705017241547106,0.3418300508351784,0.1982011102276992,0.2708433814170087,0.19458998858067927,0.2783503581900637,0.11306959975321794,0.36955998039721927,0.23356918841721713,0.18836320920444546,0.22073731361983695,0.37793697469890913,0.3329937889890527,0.259989411203373,0.18804529276190038,0.26022769603515883,0.1727921869150908,0.26158244781659495,0.18507789085825826,0.2586591246213402,0.33535004290486214,0.17654558724226946,0.3060906225270208,0.3245165094577004,0.2053608656822341,0.24200744831835763,0.21382396510196533,0.17389444817596278,0.17530212072651186,0.2572552983715802,0.38005887983863684,0.3778523850809446,0.25801066057951455,0.23972318112603858,2,EXP vs ODAM
57,model_4_cv3_act,0.2568810294362395,0.23000385925595626,0.1748071845175023,0.19687250416958524,0.35785152857947006,0.2762172151441063,0.15914236728424783,0.3022546879685247,0.15057599452700574,0.22287423390800506,0.2843497744479218,0.21952781098794522,0.19263212673364763,0.3448745171337834,0.2534207131797306,0.21590156296248347,0.36669402505387977,0.2913110779534101,0.20379026408142148,0.303693781439927,0.24819751616428531,0.25003769139249005,0.2464579283382542,0.22885149341069896,0.19129991384874784,0.18801686853426708,0.18648293147166708,0.18919935454424375,0.1411728007681557,0.36151855378061276,0.25432873571619924,0.19794162440675336,0.15948251568292177,0.2768701629865201,0.2606117782853556,0.16701332997096704,0.2062242357768323,0.31121470474334484,0.14147214179615655,0.23449665416482623,0.13727763072837992,0.18774111790798662,0.3311326591413296,0.2289427539207671,0.1860143166408325,0.3252578564601356,0.24712549322416688,0.299599611848079,0.22799759522213395,0.16867126286035053,0.1531084552470833,0.33812634488365306,0.31482808574559656,0.29842117047428074,0.2081102970820704,0.2434898311286444,2,EXP vs ODAM
58,model_5_act,0.29625177654670437,0.21468515702720667,0.1991067851489429,0.29433433485813154,0.46658036019475674,0.263320387033121,0.1339700694684106,0.371599303222619,0.1514488257105929,0.30863071357894123,0.2960153826550296,0.20474179555980074,0.19682672619788857,0.4237401967073137,0.28105987470353866,0.19631055856250498,0.3014070879140448,0.35400043925532426,0.21395702076993967,0.3156377711874877,0.2826832950035412,0.26080811081936933,0.23516702487835936,0.21362885639341833,0.22381218695399455,0.3750309671283529,0.19747464909403678,0.24476414318543924,0.24933441959345842,0.3461165986283032,0.2617226572164313,0.20972753228258748,0.2866991973210084,0.26564822174637875,0.23860122234395598,0.21362493627037438,0.18465864973616813,0.3385569996754246,0.19677226605848322,0.2663320950022753,0.34217128008175085,0.25527528309466757,0.3313818785628174,0.18235508637033532,0.2151100086097541,0.2764123309860128,0.17111508129817207,0.28958232834875747,0.21409101023152086,0.20383162424840254,0.20039562953402898,0.358477454996872,0.3704462097207364,0.4069294766774261,0.18579452439259878,0.2253819598259363,2,EXP vs ODAM
59,model_6_cv1_act,0.2597267639131274,0.22153065858585366,0.19810056048140381,0.2759398233885829,0.43734260239296807,0.23790330024866,0.14286808292864558,0.3868868003370359,0.2249232462058184,0.3544406987890136,0.3021573451938685,0.2831953918948759,0.33600895463885005,0.3587658978823393,0.38173658681779765,0.2223278850650676,0.317312610175614,0.3184880531819408,0.1615048149127915,0.21013959045527597,0.3153484678280094,0.2951051165531344,0.22262374480720526,0.27186862435683623,0.24915692788776714,0.3619369191200133,0.2698262361329849,0.22736330771701116,0.237847507753091,0.3680922658739077,0.3021297690510803,0.18910007131808368,0.3353729180533494,0.3062485412867279,0.3627423628689349,0.24417180391871413,0.20383945389219227,0.329863884440692,0.19882100842896538,0.31409475748022553,0.29918857989036207,0.31422008153806213,0.37304835270956205,0.2905739794275177,0.21317834027420327,0.2922202325382641,0.3315656477942364,0.262284247540867,0.23733295861130427,0.31468452413109294,0.2115861771670618,0.3008829093694842,0.43193564522893385,0.5059560264941676,0.3213904071970403,0.22255912820098744,2,EXP vs ODAM
60,model_6_cv2_act,0.26993946791804735,0.32346955620877055,0.16391597642342878,0.29282479558295454,0.5008659209123358,0.34850516804506554,0.2026951168294345,0.4296117456307529,0.19768883064104353,0.3420982870355977,0.2926209454911648,0.29195486488533884,0.30586319731507416,0.38833076850313725,0.29376051363392025,0.17813085176849217,0.36028010086226,0.27677665169224697,0.22407563421722557,0.33237140438456847,0.289047520523667,0.3548950945359598,0.25667885052471756,0.2380970003130243,0.2366285314380898,0.42580371019732927,0.23286035009823122,0.22631569508914645,0.31864442616377403,0.3660297619790691,0.35887676040251976,0.29246782320390347,0.35934195341251557,0.2563669651210555,0.2166864493033225,0.17928613348570596,0.21570280176274023,0.35297444377750214,0.38358729669622865,0.35315077912794524,0.29997516171729094,0.30410181578417306,0.29129445839182655,0.1510147497270855,0.35851089408245085,0.3646660527107188,0.2989141093686131,0.32007288669890394,0.27292415617853993,0.19504781616830608,0.2880218979390848,0.4070968740764441,0.40169698667614195,0.3805456894111559,0.27182193603753196,0.33062383363939096,2,EXP vs ODAM
61,model_6_m_0_cv1_act,0.2330836874862651,0.22071845160228368,0.17290247970670633,0.20647141795797214,0.4666173383989401,0.31299345884847984,0.14721620607906372,0.406641243797979,0.2815866241202496,0.2680837058357869,0.30437908535140445,0.20111433251509922,0.33139932049930826,0.35706805671063,0.3193754122139198,0.2037291963890075,0.27939872812277416,0.34273444607257275,0.24648603262200894,0.25592887836023176,0.32553026864075163,0.2521296915772006,0.24085886415592114,0.30217075973421886,0.23102038103283667,0.38528694916571926,0.2454534439046993,0.25507855861315504,0.24170507023293739,0.380644285204706,0.26159904324172606,0.19582484487277965,0.26808122974778914,0.31095324572333227,0.3556334832683241,0.22887089073580513,0.3430986614243164,0.3802696765373393,0.19562790720712261,0.33939963918965504,0.2977834708963136,0.25588880867299213,0.37117372758960576,0.22184915040366568,0.28358520162881334,0.29320953532317606,0.31132243829032435,0.3051118774995039,0.25052276597813256,0.3172610155345913,0.17523194506654421,0.38396192729657613,0.5143116840092444,0.47714211198966844,0.31175756366608504,0.2998856490075787,2,EXP vs ODAM
62,model_6_m_0_cv2_act,0.2707195072435023,0.2822294528605144,0.17451070397627852,0.24769063207868858,0.4749694901263342,0.28946387880133123,0.18457187451403925,0.3476954997540421,0.2312964375382565,0.2902116362230314,0.3070125270132452,0.2305778202706067,0.27864904079466346,0.3832986480170349,0.3188664210743009,0.15978377170572364,0.3223699988723744,0.25109912064236634,0.23971553201290707,0.35533887776839945,0.3951518037247921,0.26571655854038834,0.18523322183962368,0.29781410796157404,0.27150440417465654,0.3434199454324257,0.1281960005378411,0.25499595440659834,0.18596435573740913,0.3653807250864638,0.2794373379827134,0.2534372905729859,0.28195560399351094,0.3791168067696037,0.21222286711558322,0.19191563116970162,0.21167896009420345,0.2404553498251742,0.14023373793609623,0.21314752996689304,0.291892164521166,0.2971584817757227,0.36700992800992843,0.1644877463072374,0.29966463542921057,0.2752066403525828,0.23249358894818217,0.2816517147585841,0.2330991753040378,0.24940639921269936,0.18057250186434154,0.3756184148359077,0.42396734250460283,0.4360896945228396,0.17095182892165897,0.2915015404041377,2,EXP vs ODAM
63,model_6_m_1_cv1_act,0.3141790373213677,0.26802865981110335,0.17211474904335353,0.24721567290384508,0.4763150188326311,0.2724140449707519,0.15074502866726597,0.5640591457755073,0.18738229237520637,0.3052093542370009,0.172554267092175,0.2456181812519561,0.2921257747961543,0.3888982766972879,0.3364977863046944,0.17161727167830557,0.23030069922052374,0.3401034500207407,0.2944724900038463,0.39639730906648396,0.2853752843988502,0.3018761087717867,0.19826781098950186,0.2503648869248809,0.3530579830360676,0.319525185286623,0.16843388509161628,0.2292438059563767,0.20569724851390564,0.3639363260686056,0.2830033299769466,0.19115627372053814,0.29418528044386766,0.3081878777727969,0.27819305012505696,0.17475010475969607,0.18248248800197922,0.3077737381187862,0.19617013851395085,0.33044649041246676,0.34614668078102134,0.20813131791288716,0.35336929795677974,0.2580469188048023,0.27995735219573953,0.31120241744313665,0.35122158182011576,0.24937654355996067,0.21005267095987729,0.29093075005566255,0.1889410226105682,0.39303000289187956,0.32719251951656136,0.42218998540520175,0.14358077209451992,0.31892276998764857,2,EXP vs ODAM
64,model_6_m_1_cv2_act,0.22142989025641488,0.29267255366237543,0.18448147828087255,0.2611255645546929,0.4858201248402333,0.22211715985499927,0.16627363626802516,0.40516253571304084,0.16741238878175546,0.3118463813715364,0.1706781509895513,0.20961106836304078,0.35391066406857397,0.3299513533819129,0.34550889511756494,0.16622394363734233,0.2501388694563865,0.3506230944890919,0.15216159113729447,0.34812718745598675,0.290128257210012,0.2946949286226208,0.21648316114607277,0.2466198508883159,0.1972534135570066,0.3216592275227574,0.14423387168637475,0.2689840418053709,0.16503054547658297,0.3295946322797516,0.24540317954455018,0.24948881861665997,0.2562341356042162,0.26232601720566495,0.23037309998113142,0.1388071646933428,0.16828440156624241,0.2770132506314198,0.17633681761716027,0.23191910531843699,0.23030797030218442,0.2603797653433587,0.38468998664096044,0.1606549348330988,0.2445693323812079,0.18186118988366348,0.3415378362466507,0.3092688348176668,0.19442400024417267,0.1965858017798675,0.18701956458319233,0.345546484284812,0.4008118803556088,0.4643767960504112,0.28123023837953975,0.25669682581359066,2,EXP vs ODAM
65,model_6_m_2_cv1_act,0.20113824018406795,0.2967558454657585,0.17770659739753406,0.19289016960850552,0.4466584331276928,0.2816564433098625,0.17527937061848434,0.4773794146150242,0.17243864298056413,0.31495703573767014,0.20255690886213087,0.1775513448299691,0.28000352168427983,0.4398783381517067,0.35976783304428944,0.2371731713938399,0.36923365594531,0.2972373960162606,0.15853177764107396,0.30765585092141906,0.2720513885622589,0.2652990070509364,0.26012391855979744,0.1979980965705913,0.25568619788312125,0.3163711219769237,0.17043538200694838,0.22907683347322355,0.37888217892916576,0.34406534403672273,0.21035896952317235,0.1574088450002376,0.3220072051965664,0.24341850024078251,0.28330633531716987,0.1521735928160414,0.1617856860146724,0.31162957424448157,0.29220307225568953,0.3439325609996299,0.25495829837758444,0.1982175397462852,0.4157098127107994,0.20589271537922046,0.1511552321397776,0.3189576264068667,0.3101365917804351,0.26046557558977307,0.23905232749820296,0.2860913796992774,0.17652896030527182,0.3122640018756707,0.40619426977731704,0.4164335021981768,0.2753280009263847,0.30088177757714124,2,EXP vs ODAM
66,model_6_m_2_cv2_act,0.17684293008693863,0.3254416831809705,0.21056404249814237,0.21589623913624362,0.6184684513888706,0.18753595169522272,0.1397058848881807,0.4755240761929777,0.1728506072510134,0.23158967096062863,0.194654078345618,0.17468718388095542,0.34968476763032996,0.36255229069670886,0.2399376533958405,0.24872649383529485,0.32079693898064854,0.40138834051904226,0.1988515803944655,0.2688344454090551,0.31114057374141096,0.2470749309180408,0.21974421395679541,0.21114709918256197,0.1459322006117135,0.36542374159216207,0.17565323537658176,0.18675327767135763,0.3715522942250134,0.3071595466373761,0.24717644500987085,0.17234599885748092,0.36210845352115295,0.22926148265509877,0.30240351378026237,0.14689029724986818,0.21800732316889015,0.35762957206625007,0.31823274933219525,0.3956369847899232,0.23640650946910205,0.22813144266170743,0.3706555365415869,0.22273696094904893,0.24026823050760218,0.3570429562742093,0.34550005010427803,0.27835530982089757,0.17391724392587643,0.3088812379489512,0.12951795475529268,0.4174961283484309,0.42472680549609226,0.5481971713721002,0.16928810933854857,0.3599371102802939,2,EXP vs ODAM
67,model_6_cv3_act,0.19093882672615584,0.2030569824605073,0.2621598266415559,0.2032911914739914,0.5137392060027816,0.3678150334663454,0.1474405983791994,0.37895918661419375,0.1973739126922719,0.28580941630035883,0.2739801764710459,0.32646744869155114,0.2401467321447142,0.4036789017638376,0.28941781472709854,0.21529009556010148,0.2602328258320786,0.23455612793490735,0.1963520173105604,0.19221076343627508,0.3491150289717709,0.3135812068262416,0.25553790918850733,0.20514333858070657,0.19698930745674317,0.45773933342534745,0.18073530671200394,0.3641017496259553,0.34646481514929245,0.34411923639921155,0.3676710983809033,0.30648503625828966,0.29662827851930856,0.26098317213834116,0.25265364825133974,0.25416706112279136,0.16008812752571047,0.277805896668379,0.30566739025185624,0.4212411825121998,0.28322157577246315,0.253989166481561,0.3205212383313916,0.2513500536801891,0.2713511219326811,0.32240747233888567,0.33959860152584337,0.3527665615161417,0.2520787787044445,0.23084955500045948,0.20043484646154597,0.3914114983089743,0.4244084369995058,0.5151524019209338,0.22638257133933776,0.243803889890996,2,EXP vs ODAM
68,model_7_act,0.19210320991995353,0.2596716546113966,0.19297636858414388,0.311049053724974,0.6225750415332548,0.390374029256519,0.24803934105334094,0.5426862889069958,0.30479729630629127,0.3310162920049096,0.3127568339431666,0.3013368461571624,0.294576599604751,0.3172908688814584,0.30979423876917983,0.25429929944299634,0.13384075027558906,0.45161219877360226,0.22374895353303204,0.3240389001379736,0.40658260111172306,0.37934867725080373,0.2542215110928639,0.27820628579900014,0.22315309884319912,0.35118016416063463,0.29791928634887743,0.4269856293618024,0.3603716103572173,0.33949655241201704,0.34681513202871095,0.2854085209871528,0.4362504883025135,0.3111197202878092,0.33805006218833367,0.14127698169798197,0.2529842141620918,0.3448682039561169,0.3962427842909604,0.45552992109367074,0.31441155147204114,0.2923225828074953,0.40633809713666375,0.14173316011740297,0.37343062340154864,0.3449873545273975,0.33721591248535837,0.3173112565486158,0.25435582606527446,0.2707076225411864,0.2639923277362899,0.40495685416518284,0.5525059351054027,0.5767335125253383,0.32966411036320264,0.3933404203540465,3,EXP vs ODAM
69,model_8_cv1_act,0.16834485143881378,0.3384834550764377,0.2349323117084563,0.2801740339203481,0.6453642578195716,0.2924356266408425,0.24465164124783312,0.5362949051148863,0.2847818865276774,0.22944763638071394,0.35601666014338146,0.28447005236911543,0.3092636870436278,0.4085958823158276,0.27200194179240406,0.2504102221872975,0.28107102768709524,0.35006027414542923,0.2608402991941404,0.36090536662177763,0.4197663556195145,0.3357295018789485,0.2671525742050059,0.24592847857686956,0.1864348520711625,0.28031746675934177,0.2605721919928916,0.31644804641797725,0.310154494273714,0.34666930276320435,0.37825778264491294,0.26178546820098625,0.3441641155737873,0.37022743375739336,0.32827698720623366,0.18467249258680205,0.32551607375561314,0.44165430564472263,0.34187779385795597,0.3163190494266274,0.2569809490546605,0.23398200359647994,0.42266361825668064,0.2718793547311144,0.2816423953509317,0.28902291689323356,0.2060545411532634,0.3610564550079422,0.2897083552114966,0.29838114451278813,0.27858341662547037,0.3410169531118113,0.5623493505847044,0.5897991145048613,0.1836711230788982,0.38771189503816167,3,EXP vs ODAM
70,model_8_cv2_act,0.3710905746704856,0.1687880294469906,0.2632377728233467,0.23417457356393592,0.6465369201812291,0.35753934898469414,0.21722622434100491,0.536294580266691,0.3122149720146304,0.2807981617598159,0.24710630171240208,0.20255030880738373,0.18359112984281514,0.34035404614339965,0.3917106516097321,0.18667865729080393,0.15991339024095821,0.4152671941085647,0.25016314214995444,0.3580916912460931,0.34417410291726747,0.37291342292136037,0.25938464644828274,0.23091852825202977,0.23419827730794507,0.38817405613367645,0.29240401099684626,0.48558403639995623,0.44170078110947353,0.348326525770444,0.37702219002483695,0.26849186540967623,0.2753807360270357,0.3615781460764869,0.38441067549904767,0.22069312362274998,0.22569166592083478,0.5084029286075892,0.4125680333756355,0.43909099306009136,0.36588278400626467,0.3214871607858291,0.2974858757383629,0.3509985587612076,0.37962873329836033,0.27588059818864963,0.27916026448994513,0.4739540400870045,0.27207087690773096,0.3487922931449911,0.1715629262602359,0.33072266882715046,0.6488867905378227,0.6052247167351233,0.37497755006499967,0.3809435838200993,3,EXP vs ODAM
71,model_8_m_0_cv1_act,0.19753413944346002,0.3764267236239881,0.1841987695979429,0.281992108205072,0.6406680832829887,0.39180908874099957,0.4090612969393046,0.5518935723641248,0.303001864950915,0.30521319635421684,0.3728921841888957,0.3568428363503398,0.3897961415666685,0.40034629638004166,0.3913384456880217,0.24939857547506908,0.2068951917070653,0.4431384593536642,0.32837363291949445,0.44956525491911303,0.3944843739171321,0.4094231462783208,0.22773166634647082,0.3219003590363616,0.22905817551112048,0.27484739058720015,0.26872096034303433,0.39636117832942463,0.31208280260389865,0.3745142920849785,0.3837738174807004,0.3036668047986593,0.4256934024855165,0.3626939613671368,0.34972895217855854,0.19343733303867033,0.3488868959462197,0.3557201866979293,0.41717260031263315,0.4173431646062537,0.32449004878843063,0.24077381957789604,0.43698373093240656,0.19750725840895986,0.38493148153733614,0.267494435352443,0.340319731696245,0.3097561215441332,0.23439592514927535,0.33699915362714056,0.3114372700054939,0.3874931790557064,0.5593008918763562,0.5642904804843878,0.26396393888445935,0.32695824061641304,3,EXP vs ODAM
72,model_8_m_0_cv2_act,0.232051908160458,0.34336004973680073,0.22738018336943472,0.27804190128834116,0.6402188879333564,0.3953443952249168,0.3319778036058193,0.5721775810773105,0.22737698016028438,0.17766805827399568,0.3510607017023898,0.2372608371763102,0.3714452939853514,0.47870962573169185,0.3603186268300436,0.22600520828205897,0.22263275729004553,0.3934342271661739,0.30143540872270297,0.3643299756065109,0.2990767922949926,0.29456203043902557,0.22964596813878982,0.28331905598110674,0.21256928545066348,0.22125052647527824,0.2454498826323766,0.3332507410377284,0.23620685090011062,0.29181321218328005,0.3457370201071743,0.289709978955713,0.2446867181690074,0.37527085484681183,0.38536271826464463,0.17077290966959532,0.30189202915386765,0.2828029404620046,0.38552462064260634,0.31128505720017835,0.34193390121556705,0.3058768218169323,0.4235606040134708,0.3538168921204372,0.3380566346313177,0.2690523102468951,0.2649581851885643,0.3424572836933629,0.23982641022209564,0.3602226463341971,0.2988308515912239,0.37594880982096074,0.550246930635498,0.5791217644573429,0.226318734047838,0.3753197996494525,3,EXP vs ODAM
73,model_8_cv3_act,0.2347261973635732,0.15063780792801362,0.235914525582821,0.27143207547294934,0.6262257065333687,0.39672208226000666,0.1630701772913355,0.660423704305751,0.21786384001225978,0.22951580961060927,0.31253050301957525,0.22302536811566193,0.3183253770533139,0.4282801763016095,0.31275011387370777,0.227655527597364,0.22581032708276655,0.33667673064866954,0.24685415639364777,0.4290838234299057,0.346636206206282,0.3123281100638681,0.27165565028144634,0.25126488323184953,0.1589673012046256,0.3153523020260282,0.1814175287420322,0.2891838263942817,0.3502975078176883,0.3507249113190389,0.2808540279390421,0.26377279068323584,0.24006162960046692,0.29377250452149767,0.38052013324369116,0.2185666379011785,0.30222340090102123,0.4646135226389741,0.3021923127796211,0.34521548922723605,0.3531057805486762,0.30735416000190213,0.3863837457210664,0.23289077134873637,0.32255923544852055,0.3320966571417179,0.18369933004977862,0.373988322544221,0.24734968378473723,0.27576570825295504,0.20670395197693117,0.3449327565053535,0.5353446866696738,0.6083500016917522,0.1863408213700297,0.4012020158461349,3,EXP vs ODAM
74,model_9_cv1_act,0.24940905981291317,0.2184818870548597,0.23090848738271721,0.24255925122030025,0.6285340412985206,0.39855460790666514,0.16578935215367613,0.6533871780953073,0.24912757026470478,0.2272289375591102,0.3107247217087228,0.2424525243175462,0.1571600999050394,0.46093813114255916,0.30714126868037916,0.2100176522580805,0.22893073062905625,0.3486621379873473,0.24687639906032072,0.2711082708197436,0.3445600423537898,0.3324734175045242,0.2242991321590495,0.24742934788674817,0.15693909831132782,0.295274777125501,0.18844994559993872,0.2862112321619236,0.34153227767495037,0.35336666609221523,0.30033757587045096,0.27984886431353895,0.2634838341173746,0.32126980811448236,0.3925785494353089,0.21773756437532185,0.3220110402498809,0.47539125518185893,0.31021571970754486,0.3494565272701562,0.33251258636053105,0.2559667178993599,0.41855367372288427,0.2277491644772969,0.33068622537732184,0.35051193630928323,0.1538669895331986,0.374524787261932,0.24910734363828377,0.2900467580884404,0.18681830378349812,0.3093493415002419,0.53388363529957,0.6170845670545171,0.20028305800651103,0.3934266489143617,3,EXP vs ODAM
75,model_9_cv2_act,0.40155912270614685,0.24434908971096395,0.33382633216112645,0.21779233332163803,0.6319735936208881,0.17131235903644448,0.1755111835408629,0.5475504036140175,0.19665176387156336,0.2902853192613132,0.23048436493479876,0.1935999096809613,0.21780305698767025,0.3712978072500602,0.28292212145111134,0.20498219724914507,0.19759898541064116,0.18018689022688164,0.3702867745601234,0.3745354723915088,0.19683752530628357,0.2845671625010243,0.23704354771812067,0.093207872021001,0.19841712860407137,0.4833923275631552,0.21304291829429278,0.3696268874835648,0.23648234237536747,0.15525347635289066,0.3186883301027918,0.30191649233692563,0.16168453928106927,0.11596919907397552,0.27565610357234066,0.09331890830322383,0.3939871656809021,0.2264950411738128,0.41053463536906304,0.3025109769794644,0.22891743229300685,0.1450033400784966,0.2659292434756875,0.15008923070830177,0.26066831321868933,0.28503506273824475,0.2613418554560446,0.27722187677980065,0.18241081556595606,0.15109346555315065,0.1065785638201456,0.3612203011789359,0.5863953150136638,0.5133489445332546,0.22943328169047805,0.3269368562495063,1,EXP vs ODAM
76,model_10_act,0.24233377040128867,0.18328662730216755,0.26084036176988434,0.2942692950661661,0.6307524795571364,0.27527717433547916,0.3313058267324885,0.6381745616148443,0.24637416985564478,0.4436017467636857,0.21508654889747345,0.21233863434378158,0.24441532806335636,0.4963212902450978,0.30671892629539926,0.14570017372430072,0.25314558636812434,0.2899647376462845,0.35694665243396345,0.2524426109297495,0.1376126328841169,0.1731752317606067,0.21214709572301907,0.10374477509799099,0.16771139715825178,0.44557806231639047,0.22198474536859422,0.34332732770187124,0.21464107758528705,0.15819150122932912,0.2954200719119302,0.15941128547067177,0.40737654145963226,0.10964805919471486,0.17104988570359247,0.10081214411900177,0.2612906139514193,0.37327535954426444,0.4908905320843912,0.3095169863256996,0.22932259876381134,0.21711108420199282,0.29187912841095315,0.25407108220436286,0.2418795870793172,0.2832201299630522,0.3371937135263921,0.23705684491185386,0.18899783920154387,0.2814051829820299,0.09158222119104266,0.47901292349647556,0.6052109943894682,0.5000956665929036,0.18477210609173522,0.3300856713420061,1,EXP vs ODAM
77,model_13_cv1_act,0.25079784485558354,0.20939958941679193,0.23363899737070326,0.18767546467714583,0.5392934741940099,0.12371702441969026,0.0972802041120429,0.5195476516288626,0.2105839688465823,0.337168636781267,0.19429028417067812,0.32750384195948007,0.2767959222026722,0.3883082074869131,0.2792864693452059,0.17840006252194093,0.20411586218061364,0.1481468386997227,0.18979646795754704,0.1995179825471055,0.27250354912817043,0.3041109909872987,0.19077696271934094,0.28650662522009923,0.10773594548994128,0.20687084323548116,0.174574322634434,0.3445267888184735,0.16616960318971807,0.2960496045584472,0.3676268862289387,0.17633048604412224,0.28486421019684954,0.23116273440455132,0.28145529402835795,0.12976441543663372,0.1617052672229103,0.18050690710482342,0.37838443975135355,0.45658808122268996,0.3105032268866487,0.245507495521106,0.06882984456816882,0.28775439841140715,0.15460256515940757,0.3054306292370194,0.3046647567651599,0.429762156660308,0.1504883315197835,0.15600532997457361,0.10251170811694912,0.39581999608557944,0.6097130309244168,0.49780113582760105,0.1780099775029898,0.16383285897611544,1,EXP vs ODAM
78,model_13_cv2_act,0.28796664652890624,0.2903629532275716,0.23629591840887715,0.2553798265041178,0.5088322334306479,0.16853873003333616,0.10143211738116457,0.4802226096955899,0.25887834612789173,0.16273242683122033,0.20085109560766662,0.14072353550338812,0.17959182586295108,0.3654655308301333,0.30850205088947313,0.17199053710299556,0.14564475786132802,0.17770309093083922,0.3267163019582862,0.37060210892192064,0.1535086446911098,0.24179510650151548,0.2110790183096666,0.35672427357652997,0.3519104555771281,0.20210320678982954,0.17920475911624784,0.4045443098738262,0.36112705264857276,0.1178658446362864,0.32045387488693405,0.14277389888622086,0.09609817061731804,0.08311491991346664,0.30928971684352774,0.10315555305129936,0.10187935049454026,0.07617108409369552,0.2559272296396135,0.31482074488286055,0.11988093842425535,0.23281667039065715,0.11686011502929296,0.3153239993696274,0.28546062371322684,0.14553379407267472,0.18249585660320122,0.27825693918275274,0.19258680118391486,0.1244615637165073,0.10643443847243098,0.36849680882242575,0.4639574657639345,0.40992572416263984,0.19165328030258136,0.28952592257249476,1,EXP vs ODAM
79,model_13_m_0_cv1_act,0.18459182233347515,0.16269981707101455,0.2486447512484493,0.20885628387903887,0.4722821815544928,0.11815768315040098,0.07539697554932799,0.531769959164115,0.189360982899389,0.17561821701760397,0.3253185977118387,0.29805918817029026,0.13350733261475803,0.35736782165797193,0.3491866294072748,0.21581702125681462,0.23155433387324137,0.14384431415816143,0.10049449771639594,0.3087826736950434,0.17255816146782962,0.1590178411036992,0.24274994645786485,0.36880223290152575,0.32853384720300677,0.12093222795904077,0.24116284603455232,0.21442450273783936,0.14374611434086448,0.1409652901302776,0.35454539631393583,0.1585001747173782,0.26957852447245223,0.19314699094762883,0.31751216382718905,0.10977480927166751,0.18092948676189707,0.14092261027965391,0.20379077801946496,0.29197688258060955,0.23178605281467232,0.17927226542882288,0.08938333285196855,0.17621059223298174,0.12715185115723607,0.15086391814288608,0.3037684979373778,0.4092535804400356,0.15794608091886703,0.1861640401308859,0.09757729887529892,0.2557886238862407,0.5169316340755846,0.3930480539480467,0.2504775122798869,0.29896070230887434,1,EXP vs ODAM
80,model_13_m_0_cv2_act,0.18881176586617734,0.32108366896958357,0.26637594425794076,0.20559054993087744,0.5374572756988768,0.12055110991488584,0.11282521252908985,0.5720729992460057,0.2036329827688166,0.17161728307937738,0.1640085834993598,0.18537682477425266,0.1517292104966455,0.39010122866805047,0.3159632164113351,0.20555340714291656,0.3754477136366413,0.16164771277087395,0.17472218352200578,0.30302538169118515,0.17082705048934008,0.16341642625238426,0.2355932476573938,0.11968420729969438,0.14170655627566908,0.303659355385456,0.1751199810796516,0.322086596372124,0.18824954882152928,0.12488060057473595,0.35755355817713685,0.16314092240374323,0.2452919847439625,0.13178177883431513,0.2605379923367063,0.09028384013958358,0.15818964579537775,0.2535913271382677,0.1221577823444817,0.3114281020547486,0.17180405882300223,0.2982245288156355,0.09577675810969681,0.38149993390598685,0.20230800160766632,0.1547365772652867,0.31325851938260313,0.28069256148003513,0.14848832390159392,0.24693948325439483,0.08120998401515282,0.3660319240097785,0.5697091905630048,0.512996536939381,0.11889330064956131,0.23062127139788943,1,EXP vs ODAM
81,model_13_cv3_act,0.17056414563617753,0.2594493121385001,0.2662346466927028,0.208353779027441,0.6633554871040248,0.19159245899828628,0.0939036120154417,0.600048115064924,0.35208967507812117,0.3565795721690405,0.13767468572553887,0.11738395996557349,0.22603493319600157,0.45112147103418543,0.3156143090467929,0.20018936801642265,0.14352488841087202,0.16270282864107266,0.26621670389759294,0.3252133856273179,0.16252065373494223,0.2208744698565854,0.20481271088406783,0.14955197891039795,0.34616836026025777,0.18374424233391382,0.17793842446539943,0.3276916640194919,0.3053344756656601,0.12178396993418578,0.309581378219412,0.195017095285818,0.30035108482470946,0.15785429088803923,0.11126198581847525,0.09775290022631661,0.210102507308047,0.10801067343533796,0.15625658738885628,0.33099658579966407,0.12419060030602878,0.23728106904136909,0.07278432923339107,0.2898159337528812,0.24580072756701565,0.1927059017631695,0.385910413215312,0.2591715526776696,0.17756297181256592,0.10917871224530805,0.14554021694226127,0.386777149353524,0.5630462901691196,0.42028785973340066,0.1927292020672246,0.3290123294944994,1,EXP vs ODAM
82,model_14_act,0.3099133677442308,0.1399169485980927,0.26406791730488255,0.22191770339542022,0.5656808099485475,0.10719620230458579,0.08367318453473588,0.4471839365290627,0.32209116783330305,0.1728980586277456,0.12761042011586216,0.2573026615074765,0.16277176950175104,0.33603468912259515,0.3513042563467873,0.2011242650234262,0.18167297532676474,0.1730811242471368,0.15650756325537063,0.13396471899971718,0.10302156501522451,0.23214574524799664,0.10851537851042416,0.3192151303418479,0.1155499785384829,0.09621158153561372,0.13103352195458398,0.17719551570199035,0.14365024431703807,0.12021531625574716,0.34770172451335246,0.12238725714669287,0.10278240240310488,0.15431300604010673,0.09578746206156222,0.08342076589623083,0.202988721151598,0.06058731137650572,0.09115084969816888,0.30236276006035934,0.08554588059595794,0.15004791250828436,0.11347370683841243,0.2893420812043265,0.16849830831954438,0.172650580357902,0.1467841315388524,0.2700321121669036,0.2706100858879935,0.15204980341082877,0.11629743362753647,0.28283215538411566,0.4363104836415391,0.40921794421985985,0.1892673828583648,0.21797039664382437,1,EXP vs ODAM
83,model_17_cv1_act,0.2352379042132328,0.30781512529423266,0.26147914624687785,0.21020669670903322,0.48849254094052136,0.07834572686906191,0.10392806686734793,0.24297173219774063,0.18473949067042483,0.08157705329191905,0.2725031341417253,0.16499074424557492,0.07730075425130936,0.38660757136639057,0.3541720525033729,0.14743365056737714,0.2954647622489583,0.2118483933264028,0.22324315895467245,0.26298223033689844,0.23289811133974853,0.1932648285441649,0.13729752408025242,0.09997380624720277,0.3094474023036224,0.045418895261915275,0.12029330127917559,0.11217744158592247,0.235874212768432,0.11668338367387945,0.36124467854632053,0.1998017143038623,0.04554349883691407,0.11384554505397988,0.2794410130689609,0.197019129676335,0.09482862865113316,0.11745727648140657,0.07871147498878825,0.303260641158357,0.09757902233812957,0.18373945252537505,0.1262126492277266,0.21319269602441027,0.1541166671374819,0.12737052483539865,0.10028234263905014,0.3115135412203503,0.15302717278207506,0.12071873230162904,0.13987391051758927,0.2288920874228382,0.26665973931074316,0.36248346878299553,0.15744582007432234,0.14998666005498457,1,EXP vs ODAM
84,model_17_cv2_act,0.21542339802269247,0.22780204590958916,0.2807230754564377,0.23764552963059168,0.5165639563085265,0.11309014137346152,0.07700395665492629,0.2895957896054488,0.16233680621206537,0.08758855679494412,0.11987337686907035,0.14038980504611975,0.2323628740538842,0.41050789110352665,0.3357044638965997,0.12311563267240357,0.24355020610744293,0.1825377005108405,0.26084679176319725,0.10838417064799616,0.2538366751847684,0.20119829638858355,0.14014359999393858,0.3220901377697694,0.10200524705022093,0.05773766111088513,0.1751199810824326,0.1807400437146135,0.2053021997704398,0.1586278857950954,0.2639531524634355,0.23207783653910027,0.1632772258069993,0.21527295664107057,0.2929869234993298,0.10085408706578068,0.16685424091179316,0.12744402855555584,0.16847958520665235,0.3062933522358275,0.09604159634153302,0.2203540779770688,0.14049283002278165,0.1739694966467462,0.21393219729486734,0.12736564387232885,0.16969676896566327,0.1388065448231435,0.13543094901544014,0.1604406735193257,0.14835170209237736,0.29502607932431874,0.3925209782973209,0.5459510244098851,0.220729480167285,0.17522955724174238,1,EXP vs ODAM
85,model_17_m_0_cv1_act,0.2964878861149904,0.12829798912921142,0.23633007686904076,0.2109250198164493,0.49953904998474163,0.07957292229387973,0.06855497268640726,0.2624815848446753,0.19949357305280155,0.2558016477578306,0.27176613406688743,0.16934971276838473,0.14252187180176548,0.4144931511237273,0.27081869751754845,0.1453128560134793,0.3100428707207379,0.2551039407775887,0.23212426054599244,0.16307428533311247,0.20202891844614967,0.19774676296190405,0.2111940027590216,0.07601725629950844,0.27172732219344964,0.04833610782490104,0.17527107607405706,0.08518983904690473,0.048689594867384604,0.10841195895870813,0.36271792249436347,0.18002310989479797,0.06343176384619578,0.0895472962478302,0.2961818113691556,0.19842776332660528,0.09254034497668105,0.06614216804431226,0.0694943446623187,0.30279263297207437,0.09737181002326119,0.18484221188760686,0.14907340654683382,0.21820435412115113,0.27340735465822125,0.13822274644454652,0.08029165283936103,0.3422279132524962,0.1434156949781173,0.12457363079062583,0.13241164514821988,0.29282200287553456,0.272869026169671,0.36882063947413113,0.16317462544317615,0.18116028506066315,1,EXP vs ODAM
86,model_17_m_0_cv2_act,0.22800799420761397,0.1420004301566754,0.25026982013257143,0.20306562178743828,0.5172214916034319,0.08583193833882766,0.08664544106319018,0.3430824710597927,0.18859965254983357,0.09762275820314129,0.11451240301705755,0.23474909197066177,0.0703338996370997,0.40316637928824733,0.3028814134815365,0.16577068043000698,0.31379071037399664,0.19996801810675616,0.17301239912993654,0.18835950929773476,0.14016280397590886,0.19135622620068418,0.14373506560036434,0.06806626597925154,0.23170446345001391,0.05773766044855847,0.17511998500932177,0.13782618974375985,0.24208250760325153,0.11219534701151801,0.3672068399372684,0.18602856775609905,0.052935949176558694,0.11595134268359031,0.21798673908566932,0.0937890294492849,0.2701087292266116,0.11252703296535234,0.15566889681085017,0.29154538497551463,0.09604160446322811,0.23567769195256844,0.170740887210053,0.16175647277292857,0.1512209608712045,0.12804633888585917,0.12102619213000944,0.2678494516922833,0.13550280593432742,0.12200627605650698,0.0768346503225688,0.3258246282702027,0.32671540514161024,0.5459510118034345,0.24925348377460882,0.1557168160102029,1,EXP vs ODAM
87,model_17_cv3_act,0.23790480068507214,0.2839933149461036,0.26908752827220334,0.23035754302963973,0.46889996271092227,0.08952133118275807,0.09549257989861938,0.3184906821092322,0.24800301130679264,0.10336886847081275,0.11569966272875086,0.24373689078069033,0.1215349468221632,0.44846243113050416,0.3464452038396515,0.16163003656756378,0.3353526391301792,0.2266498421474217,0.24259005181985496,0.15431688278292346,0.1700178970985781,0.1918399654693293,0.17353292364414746,0.08389076821877713,0.13398991336139426,0.057737660882536936,0.1751199815283899,0.2372189297980635,0.19735864039714318,0.11116334860995318,0.34540197845973486,0.21003906931610053,0.05866095283909389,0.08324349138803898,0.2534060211769905,0.08807345073908665,0.15301188182694841,0.05945668108941891,0.16682344316698902,0.2933022031924034,0.09604160205377887,0.19411696243280724,0.1542329900991262,0.16418566425393025,0.23600124766570002,0.11870724485079888,0.07579541468513475,0.30688574280092784,0.1373861103678618,0.18191086380636343,0.1486381888969287,0.27844092530076137,0.3354638498504568,0.5459510257580605,0.2164325306582478,0.2399726762008453,1,EXP vs ODAM
