,Layer,2170,1389,760,1176,2252,173,1084,480,865,2019,2164,1554,362,2393,1783,1918,99,1578,1304,1121,2229,1211,1994,1607,232,380,1662,919,1128,631,1287,1685,1926,883,411,59,470,932,1451,2392,2102,2223,389,270,601,775,282,927,1604,2275,558,2028,34,Cluster,Task
0,model_1_act,0.8675686741434958,0.21572187952603286,0.5019088076129861,0.801705313419888,0.49433059668671825,0.5267503920594044,0.3391571033311355,0.8542822388484572,0.7837577937806548,0.531747369841627,0.45867809743454935,0.5429338288321005,0.5222044778935429,0.4314833665244945,0.6858927945703933,0.7179221870206602,0.1143612425602734,0.6937894926776399,0.768007006929491,0.7335749594981492,0.45404938517519905,0.5207040641258278,0.8190134415527975,0.385810222967038,0.40676969159918347,0.38779204630331743,0.5573158322513958,0.4046141485416312,0.6172493547110814,0.8159273773768859,0.36775481475720573,0.33547956770053017,0.42587457196216577,0.4070114795937374,0.6832254226387396,0.654179524738528,0.7232716195332137,0.72109261538119,0.31033069055587204,0.501283425662568,0.7806970978091626,0.5511574328886462,0.2284780686244265,0.5474373363439156,0.6630253029154717,0.46692532609283843,0.3125561726301205,0.7956920358503408,0.8528856456959932,0.5277407403784775,0.8024715414035467,0.5799353812802178,0.6107498745911807,1,DET vs FullGradCam
1,model_2_cv1_act,0.7318560861604257,0.1950557957668286,0.4727171125813485,0.7970265158853117,0.3406948853183499,0.5234693098541734,0.32987893286340003,0.8945959688917607,0.667712464918147,0.5380970786425504,0.320632289819624,0.5667880585874272,0.5485988529196478,0.35943178858396635,0.6623743709832458,0.6834656421355294,0.14369431332379068,0.6997732323058603,0.7113224970062378,0.691676115785449,0.4279702990825897,0.5875903138385233,0.8247817338927516,0.44087758765102997,0.3788735557722982,0.2504994328735223,0.7009255517988848,0.38756109603408917,0.5541324635095641,0.9036946313411405,0.22446548356939702,0.2278285328649393,0.37430064464874524,0.34873754939377943,0.6755013648810585,0.6532470001277801,0.7230177842196704,0.5341682108769331,0.3352163453129913,0.5025942268109739,0.7735378442313057,0.5497396672452676,0.2133360367213964,0.4998094780895103,0.42300368277446426,0.4573054933837304,0.2042368574303718,0.7645404347090129,0.8062280511620294,0.47857419131622086,0.7740670513011176,0.501856133414437,0.6091140213359374,1,DET vs FullGradCam
2,model_2_cv2_act,0.7112959959134053,0.19701566930079298,0.5183032712022158,0.736840231979032,0.4379156619022416,0.6404676887251121,0.4380103150519267,0.9382291663809378,0.7780863848761049,0.48289027375122756,0.532439113309693,0.3972099735959229,0.6094170318594323,0.37634430395327695,0.771878810161994,0.6958004486831988,0.10690857258135074,0.6251755347768934,0.7964851668556062,0.7652746113942338,0.41722380400122755,0.5104639969147083,0.7994341985259829,0.4553447975975925,0.38688604114939357,0.2818307401693444,0.8109809266085435,0.2476440117755585,0.5435204782997648,0.8917045411381326,0.24848966573717718,0.38702964007522705,0.3997775801115673,0.37941549427500737,0.6408443956601435,0.6290538298834584,0.7010469238738127,0.7177773123532166,0.33629243375147744,0.49438940920624314,0.6960520747512671,0.5628717165616349,0.16441175659635768,0.6032478423769969,0.44289552811538685,0.5500276467057348,0.30955201979124514,0.7715180934636177,0.8903411138105186,0.5072620744853131,0.7574077445165457,0.6038699377751848,0.6436917730570771,1,DET vs FullGradCam
3,model_2_m_0_cv1_act,0.6995066694398631,0.22975552025763,0.43180916720366713,0.8102945133261832,0.40560819129116166,0.5621826572744609,0.2936759740601712,0.8980414449537515,0.7587898351368925,0.5017231840928599,0.30375022841096605,0.5067955012751664,0.5833516044823627,0.37883638935668174,0.7278320700620764,0.6835262160871461,0.12569206930894714,0.7488608936437154,0.7622546992539965,0.7181074192282452,0.4336229262528306,0.4634552780823803,0.8094514696226073,0.4091106964025685,0.4633205787587111,0.2815038207508947,0.6932190834047433,0.45065139129283605,0.5930827419821332,0.8734711530805184,0.23519402043883086,0.2557483398038482,0.37748496515199725,0.3583777688405856,0.6589103192194353,0.6579385918718773,0.7283984307713326,0.6793434538726082,0.3069528531680169,0.49535757150680987,0.7327659400137124,0.5234258591569504,0.19930885712963228,0.5174324493179616,0.6479861000164228,0.5064262177883592,0.2889254818308845,0.670607559010575,0.8521077686286052,0.4689038277545352,0.8121460595618815,0.5627424351896684,0.5897943850142459,1,DET vs FullGradCam
4,model_2_m_0_cv2_act,0.713427776275203,0.22860455824615963,0.4355255259867958,0.8156482157673087,0.4987888931537736,0.6218347080114582,0.36813502704690126,0.8961671470782421,0.7685526849282555,0.5323129033311131,0.3104222330294584,0.48355877308941275,0.5174774281412622,0.4105840060561906,0.7780184609327051,0.7149816040895465,0.09721899989210064,0.8291526678027266,0.7912039842051807,0.6888050253847053,0.3996552964945229,0.47958783385283066,0.8309240451052529,0.4385226136003158,0.40549429270948756,0.37945457039945774,0.7157292786697265,0.41361594956422115,0.5714649779362732,0.9092411137501627,0.38005596270948755,0.2937707190173471,0.4094882095738183,0.36602544215632954,0.7248286970578848,0.6612901249890779,0.7360674924883769,0.6844003715659318,0.305381917057673,0.5286736910493587,0.7816710201509803,0.5639435686726267,0.21893384925526718,0.6856645856111445,0.5999687915357848,0.5006527332475411,0.3001265671778142,0.8009525905142287,0.8684462847520861,0.5334997556241816,0.8070489681159574,0.568932021965592,0.5805942797954362,1,DET vs FullGradCam
5,model_2_cv3_act,0.6975682567877799,0.18077659768487642,0.398441424868897,0.7523529553290325,0.47883713212866275,0.44915547967587993,0.35533770569498735,0.7966995309055734,0.6216757946955835,0.5213304424114654,0.5231417663464437,0.5188076898879633,0.5696072368540384,0.3779604595265074,0.8016552788477316,0.6904119463475218,0.15674069780784242,0.7425385087648777,0.7476189740605521,0.6190378328568205,0.3908962156297532,0.49140181870973465,0.8027422666759159,0.4866101162219259,0.37453556455809217,0.4010827406085562,0.6002609074699632,0.2629959501327863,0.5096676624480654,0.7966901766187887,0.2371387095624062,0.2413619311400243,0.4038865157002645,0.35425100374505764,0.6747190956498658,0.703817823540789,0.7190042926349702,0.5786841796888268,0.3118765877077319,0.4551898345665019,0.7100905922944082,0.5783695188000484,0.16340731630313982,0.5104335108030317,0.47951466362601247,0.5894037987775171,0.25387062660171017,0.7538787167700913,0.8211659058988086,0.49528279624247645,0.800268727851624,0.5902543652136869,0.6865882372284188,1,DET vs FullGradCam
6,model_3_act,0.7068262096416067,0.19733963231204063,0.38335999864277076,0.7276493315146995,0.4186865108990358,0.6055429701253393,0.3904602380354127,0.7927717598874827,0.7928290148729287,0.5112589790623969,0.5458650141468361,0.4545940239164211,0.6230229504483533,0.41369196592971164,0.7723916340937087,0.6659616088938182,0.17030602570642026,0.6089600312164364,0.7710375995493524,0.5316442680440895,0.36586163625744306,0.5831129703130081,0.7660909658093715,0.39772465975744586,0.3781743466260565,0.3527660692566608,0.6088630986526229,0.3017967983854322,0.5422564213295314,0.8942531190852022,0.23753297299853396,0.4192735809913405,0.43148950484039067,0.2845985194242847,0.7132934589325897,0.6172593858689968,0.7149846915950768,0.6739684719057186,0.330747589503886,0.47305543735662864,0.7212100511285239,0.6371960020697915,0.2752378532343946,0.6450907252857928,0.5288822975567509,0.5316966533146223,0.2335290499341352,0.7750539964397726,0.8115877474589386,0.5189358859879778,0.7109518231676201,0.5922300674188772,0.6392373169478146,1,DET vs FullGradCam
7,model_4_cv1_act,0.6810714999796551,0.19960732561912217,0.4675386625822689,0.815489201737099,0.5478640085795394,0.5124107789242683,0.33167692438976376,0.8601999060277987,0.7863103111326213,0.5065409387498077,0.5485091091666247,0.5837016921677769,0.5879054334327434,0.3875905922261463,0.7964796550791475,0.7008894535666074,0.11368018157930733,0.6058067341339083,0.7515288740671614,0.7311889580116142,0.3801861759496224,0.4552577282445898,0.7937861733395577,0.4429697629828883,0.381932788446062,0.3250833829567935,0.5730108060571669,0.22160538073612923,0.5894131434203713,0.8040910612274634,0.26630923223307407,0.32869239141970913,0.4217056660646031,0.38748284322655324,0.7079775987667497,0.6395633271842467,0.7499468546816654,0.6157368619494724,0.3144323914131038,0.4839767917457916,0.6036178971912397,0.5943464674871358,0.24174837350759046,0.6085749974649104,0.6556366201830922,0.4493760649959749,0.2334771563456716,0.7928946539919903,0.7253369412863195,0.4531798605223791,0.7202465485369113,0.5329538606305657,0.6467929453353509,1,DET vs FullGradCam
8,model_4_cv2_act,0.7149016369507596,0.23139086421746266,0.38382976523858753,0.7222299739467717,0.42655058189255307,0.6054565132234236,0.4263050842011987,0.9481070138092592,0.6221524116431969,0.4799262110256232,0.39647100410220065,0.40848287506300635,0.5998475905835622,0.4147200010869791,0.6002191712527964,0.6568979931787798,0.0646086339143735,0.5486318101347402,0.7435874426816963,0.581925031301977,0.373687102294481,0.5691137701987314,0.8014007582612681,0.5172543157924533,0.41281816045366887,0.2766330569092316,0.6907199779790067,0.30455624867941733,0.4774981337085824,0.8476322500078136,0.25394189566650527,0.41415983627990194,0.4397787289681939,0.25784271832314315,0.6662428231766659,0.5977421233053969,0.7174091090297369,0.7058852733166147,0.34895705246118697,0.5173471245174808,0.7328247687121101,0.6396126281011179,0.15220641672541113,0.5259005369369311,0.5385298311087678,0.5181085921194518,0.2572531097690795,0.5957463086067776,0.8390419390143562,0.47106521638440335,0.7556611161969156,0.5232645126636635,0.6076279789589328,1,DET vs FullGradCam
9,model_4_m_0_cv1_act,0.7038603695557731,0.1611878065694107,0.5190842245072266,0.7475233111479568,0.5573793540096482,0.5917467752859138,0.4540174970752413,0.7685524606542042,0.7785904312565777,0.5050534241448296,0.4637123996989418,0.5892068237327054,0.5537185833523046,0.41582819973623864,0.7706886842121439,0.689370794367927,0.18926919369086154,0.6606163490354998,0.6760025192794544,0.7113037679534747,0.4040315456881119,0.6237435389857636,0.7893416023792621,0.44210126141012285,0.3652770848273745,0.228367000992565,0.8059032159429701,0.22746637416690474,0.4536919192957074,0.8033851604692215,0.33004465378558456,0.24648574386228408,0.39694049877055787,0.3554589077683375,0.6912010045056042,0.6543089467778045,0.707713512847348,0.5184384362570021,0.27603249594032325,0.4971137483859772,0.6168181422015264,0.5505286975553041,0.22119747061890158,0.6168212986061314,0.42158218146045895,0.5221195034289563,0.2652013748870073,0.7595291828844412,0.7504928248423426,0.4017577738651819,0.7991190422202348,0.5594034810846413,0.667782653567034,1,DET vs FullGradCam
10,model_4_m_0_cv2_act,0.6968918677865502,0.2092845547626721,0.21866612157012194,0.645443531293776,0.41975080872353926,0.5198576677812247,0.34437948011562647,0.8569455758053773,0.8075120047940748,0.5020864930948796,0.37103323098962054,0.5800532851611414,0.6239087291147049,0.4443813368179787,0.7575222903890201,0.691896060173946,0.1276473696006271,0.55150155000436,0.7303206990400305,0.6968222863230313,0.3642522539976772,0.483510470440268,0.7281597672362373,0.29680600807192586,0.3722291055670496,0.3911667703770392,0.748212682423806,0.33142737266171857,0.5089150769483733,0.8057229533517668,0.17824965694374378,0.19833796174262067,0.401266970280047,0.361074530271561,0.697429386741613,0.6741697881725734,0.7239689401835363,0.6951092037849903,0.35294663021799905,0.4897585266789442,0.7568814221575006,0.56678213785807,0.1901953114278481,0.6993657300905104,0.6584235514634456,0.46270581341154055,0.22501126708316083,0.6611163792116861,0.7941291882120645,0.5068945738860483,0.6873027469671813,0.5235033900029259,0.5500611168371895,1,DET vs FullGradCam
11,model_4_m_1_cv1_act,0.7762173055548396,0.2009779742727119,0.45863872522435334,0.688202336857729,0.5520989694234428,0.6146099153913321,0.3255582525955979,0.7984378835581887,0.6728968891069779,0.48126241776633516,0.3759317831851808,0.5512128048402639,0.48410294387243813,0.21619937642529777,0.7361002907527169,0.665366991035127,0.1818013878739831,0.8673220169324106,0.7011575439294404,0.758649103697332,0.4300607353192912,0.45644404550313206,0.8127827079506662,0.43586052093988786,0.3660853745799356,0.418618378129259,0.7768076991215912,0.4454117789948334,0.553432449378008,0.7900349428007355,0.3000508037455732,0.17159562738437834,0.3752003125113919,0.31233376193185114,0.5883901543687112,0.7033895360787064,0.8268696248475427,0.6637548899608415,0.339794971973614,0.47026400489308834,0.7407200869905786,0.5526137709600415,0.33891343963606385,0.6183736231570276,0.4132304172865999,0.5644034204136805,0.26159988092606523,0.7436163363320768,0.850624814153969,0.24598806147984054,0.7108713581823186,0.48470621238597816,0.6198327470516416,1,DET vs FullGradCam
12,model_4_m_1_cv2_act,0.693989145534003,0.2177900200522466,0.3163104234418043,0.7050852100921652,0.39494438522944125,0.5242395165731919,0.44934791451656364,0.9188015598649146,0.8175346513937708,0.5148533929200964,0.32529357063012215,0.5165628289813484,0.5389528080798701,0.4269422038307106,0.7777682275688992,0.6452962513746537,0.11699322984318945,0.8374117143999217,0.7528255305007936,0.7139588408523325,0.41833326596656695,0.5333584951017859,0.8203876193801815,0.23290692479366262,0.40060039783029466,0.3748668746340489,0.7873411723812008,0.30324218676806824,0.5530659313327139,0.9289363293350251,0.153702698934034,0.27663351009012666,0.42708903922168207,0.2613983034129584,0.5961043350253321,0.7262764069622564,0.8384790185353368,0.6621579022420832,0.3565769067963933,0.46829601598451787,0.7376108030033176,0.5398143821855768,0.29184860221077213,0.7170022001078464,0.6954058407697755,0.5515791365312542,0.21399593295308725,0.821876425594039,0.8626254411473322,0.5140746726994525,0.684987778453323,0.4664971734160224,0.6009410841313798,1,DET vs FullGradCam
13,model_4_cv3_act,0.7606439641371356,0.18731586252695054,0.34751959078846606,0.5523917554857206,0.3787656019357827,0.5379211475636859,0.41580726752757874,0.7412482483981522,0.7428790793000273,0.5021330123165075,0.4657459209597625,0.4556433955476079,0.5744889757244052,0.4033965584148134,0.7024737231581564,0.7041858471801267,0.11434800844547637,0.5094777194822186,0.6920271162993952,0.5868865012705426,0.26926239862879103,0.4505889859301941,0.7219341390651102,0.4925333204095058,0.39351716284010224,0.26819208981074316,0.6935430666882545,0.31493496811136684,0.45707087034267374,0.8585961226541444,0.2225366329082978,0.36925473139210463,0.4363487936431035,0.22484560592760033,0.6513070524464114,0.6414769436424885,0.7028771219320462,0.7131434175763397,0.3183155067696098,0.464467661289252,0.7175106125533206,0.46614777837717264,0.14543223938286773,0.5010344456487272,0.44463641497926587,0.5038591152905045,0.16273737217269757,0.7774259714545527,0.8010167755543335,0.4745858308966491,0.6835597429271288,0.5056018032226817,0.5561731681475951,1,DET vs FullGradCam
14,model_5_act,0.6075260210816097,0.20901833099370357,0.3705174554901341,0.5522459856286462,0.33805250784917085,0.5788005247865734,0.3088372870099973,0.7412924678428963,0.5430440492181751,0.47543327694751547,0.48224489693382255,0.3908742701169599,0.5676341096285059,0.43886014573261506,0.5628410138370677,0.35964515496370625,0.32552501472983847,0.2815723441213225,0.7255839042342654,0.6188028008739564,0.21123152826185965,0.5318528869975432,0.6633132007535459,0.32473667607059165,0.3546954049332456,0.3417648609620219,0.5170190682834703,0.3194223757476078,0.41109412790249134,0.7252230138090257,0.21133709575840734,0.4217090336565892,0.33786114532128725,0.25173579468886426,0.6699379622759066,0.5155340433889867,0.7167371125877066,0.7040164290252453,0.2907147269546263,0.40168831522266,0.7176885001720479,0.40686080780453376,0.13251002623280003,0.4738730504387768,0.4351501315701906,0.3934843171236588,0.15454882985065965,0.7623702294021114,0.8453519716353787,0.5003253896698715,0.6241502519430485,0.38730431937619536,0.490372782259842,1,DET vs FullGradCam
15,model_6_cv1_act,0.627948961916984,0.1577080762343461,0.33561101205055666,0.6319574870392914,0.41176724992291075,0.3959260512571258,0.2955744800218349,0.7131831749407765,0.6843625467623281,0.2981259021881072,0.2708916878345373,0.39402893283729185,0.4204122614319057,0.4178202885985514,0.6169837323759453,0.46780608879282665,0.25024003952154483,0.2165020491490504,0.7174880878395455,0.4356462606590646,0.32155148220036167,0.41817097102484796,0.7651093443314003,0.23390233144299524,0.2965113529193757,0.27560387375038736,0.5178703228768858,0.30923864748717345,0.4819441114861532,0.6677725797762766,0.16710573960246997,0.32479795653472276,0.37853047827085184,0.20085894146141933,0.5558386948151914,0.5318197593773171,0.5966689990541936,0.6056239521578637,0.2801500831976667,0.43064852874795967,0.647095062514604,0.3808768865068191,0.20042114923354395,0.5194175019654094,0.5337900204396295,0.36084688920856717,0.19149246514454926,0.731480668006758,0.7033387715676039,0.47525091040505657,0.6284501024720226,0.3361599098993114,0.4677559668263065,1,DET vs FullGradCam
16,model_6_cv2_act,0.5665022301625482,0.23169394916254427,0.347531291319094,0.3962931989379986,0.48981354484111855,0.6372386450176468,0.36758959989241685,0.8762295348079386,0.6358288971536372,0.5089163658732135,0.3407646869323958,0.40358105422726986,0.7173831520280184,0.35776236027338065,0.6007100494396467,0.49770135202363736,0.2604339886534236,0.6359171306947673,0.7368584787075084,0.6230541366775146,0.22546223386041928,0.5877703463681296,0.7104150748862199,0.37824412226972115,0.385751432106631,0.3456890673333484,0.7576136720494019,0.3297125910850856,0.4363440466607087,0.654770900496254,0.21375194728649088,0.42899893796351946,0.32096390204112835,0.2646843171471724,0.7044159238958542,0.6133265914287658,0.7251360848441634,0.6480214678077505,0.298176630978663,0.32665270365049087,0.5781648328674737,0.43513216696466367,0.1471375475692422,0.4536729640429829,0.48071299523516686,0.42406362248870183,0.17951260713131995,0.70839842009947,0.9023527929638858,0.4177476428402078,0.7237724252637907,0.4692852687371982,0.47638928255883045,1,DET vs FullGradCam
17,model_6_m_0_cv1_act,0.6219889162242093,0.13093018425609607,0.19804436646990464,0.6774181220916063,0.5009857947847455,0.40125264411223405,0.24552981946689992,0.6547763621388525,0.35121175862759646,0.41634328363597944,0.30046700084968553,0.49900210789586985,0.44374543656108106,0.38956936119196195,0.554269922472698,0.5865712465506855,0.08797674202494377,0.4166317716818566,0.7453640511317993,0.31298354991716015,0.22693241048581483,0.48104446600887973,0.7741842380052099,0.31281938147194904,0.3138541174701094,0.39469747841351766,0.6359836422355443,0.30094600700091706,0.4769232318489545,0.7409532094290302,0.2527010214865449,0.28471076920621224,0.2549948261735824,0.198264261095247,0.6446461409124509,0.6913149355783335,0.6144705457796023,0.5381069209694449,0.27521865095334597,0.3831604084409091,0.6338298823236884,0.40959680511881774,0.0847591925471051,0.5031824699350836,0.44597939041894263,0.36757791901303466,0.18621988503784717,0.7252477503075905,0.30109528840699007,0.5319814199007704,0.5985069915631682,0.4111156076865917,0.5631126648565334,1,DET vs FullGradCam
18,model_6_m_0_cv2_act,0.6426241400010408,0.1547152329302276,0.2867733709393088,0.6828617486992866,0.4444977505943798,0.2898515163999428,0.2802554270327685,0.7112463592055686,0.7017540629616764,0.3918507681067547,0.3822208559620918,0.5025887704449306,0.5396668918833339,0.3984534484549248,0.5811278421076764,0.6708401442698058,0.08896534263162392,0.5735955611249675,0.6599042193983521,0.4200732487063158,0.36473795106850826,0.42516850717170834,0.6941357220127642,0.15405371805308718,0.35319943036477913,0.3433121783697525,0.5481286471357601,0.26126387917280736,0.5026221358657343,0.4975896049662301,0.168856635526893,0.2656628420758073,0.2727307596554609,0.22967396578992286,0.673452560417315,0.5916391755406333,0.5541797673910512,0.3410293235736259,0.2673704223497906,0.37906994216351203,0.6602824687585381,0.44401140853860466,0.21002416624614761,0.6070526678487278,0.49069223300632564,0.4726346280345293,0.14295730258099892,0.701476146435032,0.30418326943596513,0.22913311638856734,0.5572995272830015,0.5299152236925182,0.565787473262015,1,DET vs FullGradCam
19,model_6_m_1_cv1_act,0.5400166776419876,0.11519763901151293,0.33783551309941046,0.7434570798198094,0.50051944252242,0.2678332773239892,0.34402436811082165,0.6067517651635104,0.6378773604079852,0.15114302347817318,0.30794972463005355,0.3447382339318208,0.4625214574925194,0.40840068798957924,0.6188399359377859,0.6740855706431627,0.10981714470712975,0.5776102206602136,0.7316446458618456,0.32572655371829917,0.3483407395141253,0.43027334938663075,0.6706888156389877,0.09789581800956472,0.3436519170643855,0.3420739484036323,0.6372977964802897,0.2795367485663623,0.40803359569039316,0.5506133709941933,0.2745431889418033,0.2630870346505795,0.3586524655624879,0.25015114329727106,0.6863363411191323,0.5009214694686887,0.5438217250733386,0.40588993252286687,0.3095682822159753,0.41305071952575845,0.5699320718173414,0.3191995469595147,0.2045681396964573,0.5612498576196318,0.4905424316262729,0.44290960627989223,0.182269578620949,0.6683757346614599,0.7323329935685126,0.3723453161702245,0.49110455347033316,0.44853759327459747,0.5881721403036584,1,DET vs FullGradCam
20,model_6_m_1_cv2_act,0.6371479837541469,0.14744754013743144,0.3994068627312133,0.5298992082412558,0.5402345072619054,0.4125768610165342,0.4196599053117931,0.4813115132705855,0.5740425963281373,0.21132800985886305,0.5195596414655985,0.3266150850441902,0.35797162095428586,0.4311527411250545,0.514284380856728,0.5924379180516125,0.07875294437250918,0.29643755887069223,0.663267779668314,0.5557751485639161,0.3884055165411845,0.6440083168405428,0.6382778346628166,0.1697649198592328,0.3611866208873926,0.2975924411671921,0.7198881850364003,0.3239652555564055,0.42450276472845055,0.5248236758095133,0.2753963662529484,0.2786159701723689,0.30685906094718957,0.2419807670978627,0.6438103304005873,0.4078406853624574,0.6415362198013735,0.7070150152909657,0.3281038107678259,0.3829273898695665,0.5899893689080692,0.30110912226319525,0.2542719880259316,0.5726529980273176,0.5220407110113666,0.48181330670663847,0.19327251323901512,0.5973360824678144,0.8011789008205621,0.287784833057032,0.711742363631711,0.4995177750609455,0.5259421673506862,1,DET vs FullGradCam
21,model_6_m_2_cv1_act,0.6236517228143654,0.18372692573100202,0.5241753781206312,0.57555719412967,0.5093088760740543,0.23857972939002284,0.3829265093058308,0.5790030049381633,0.5250498867335185,0.3100278490497961,0.4078745038476601,0.36231629759710837,0.37003180713540573,0.19013508187976536,0.46196522440827087,0.5129489974874339,0.09122658301185137,0.6780556616686204,0.636005508088733,0.6899301047710806,0.38157168780985984,0.6059105178553873,0.7784413678979311,0.5166491543240077,0.3271736291423362,0.40363362608691294,0.5379650423956531,0.2253199784703398,0.4184793376808807,0.4379581345118622,0.40845587176324555,0.18125291953641046,0.37302699202522,0.16379173039324402,0.6616398115748112,0.27185775230050097,0.6677312924778894,0.672791558120483,0.3577376640038735,0.3268702959949797,0.5773736285099194,0.40027378760673515,0.20991991879516977,0.6676707120872247,0.46843088363610313,0.48245150974992496,0.20965118740951613,0.5237435732971503,0.6732973516848361,0.5011433628766301,0.6265264547869459,0.3700873657361318,0.4614295880294044,1,DET vs FullGradCam
22,model_6_m_2_cv2_act,0.571982849431797,0.14782915433845073,0.5845546222323252,0.6315124676659646,0.48325305812775743,0.34117137888790916,0.41942664170108623,0.35618313043997435,0.7547368055454324,0.3719050912506036,0.40898517346979,0.3220822662851724,0.3970201170550158,0.42313178741421614,0.20313835242692924,0.5856507724719254,0.08583192631195329,0.647162625682452,0.5907797246586082,0.6491445415761768,0.3511045394898054,0.5511370705991125,0.5644499240079327,0.47228066794889695,0.342812478582137,0.37493659975615,0.6085128044791608,0.19785757706092585,0.385812946547665,0.4733132732697164,0.22969184045532584,0.2558335878835751,0.3103335885602647,0.24061617499936314,0.6885994592429231,0.4266308607333425,0.6279990800885435,0.6005730528982914,0.3680805710051632,0.2611212268952549,0.5067629870305292,0.2744907011270724,0.2276041125713721,0.7024685785730828,0.3572280221446924,0.437027834646719,0.1730005381938281,0.52536675756668,0.5381229247607884,0.4507785844045147,0.8014084859367362,0.3306039454385989,0.5207906005312278,1,DET vs FullGradCam
23,model_6_cv3_act,0.6034153245730126,0.25499873032354164,0.5608181609907983,0.4083954763315816,0.5034792459866115,0.4825310433791226,0.3368820568087344,0.8539942161171866,0.7825100379079795,0.23727627914152674,0.30728268820504506,0.43643442085426054,0.6340466700949511,0.47738123273721894,0.6090401117271712,0.6517400300572177,0.06526991064226308,0.28512078599654583,0.7552632994177432,0.6548957401479234,0.306526872308048,0.5575314923590887,0.6420902115336933,0.17994311305477764,0.3768062924244753,0.29987987677540395,0.7249708473945193,0.26552172290013515,0.43450216762663707,0.49802385432788365,0.1698519833171137,0.3569722823857343,0.2863621648656427,0.306205421044783,0.6423721822659889,0.5998818124972382,0.6652612876798321,0.6649451255843835,0.3234380959876754,0.22334907823624678,0.5056329751733606,0.2966671746590135,0.17339111183072586,0.5285388749145017,0.4579321692742286,0.39630412033677603,0.2685491713555479,0.7146781235514273,0.7868443524369795,0.44602122858311866,0.6938892879099364,0.49407194664119247,0.5590622906052723,1,DET vs FullGradCam
24,model_7_act,0.397707435691474,0.14718282992281062,0.34449731996371735,0.16000976870597305,0.45915843242869336,0.31366662973372844,0.22321372857287083,0.4437136782093735,0.19713078844850673,0.32929656538151864,0.16374265179917455,0.35932861075967154,0.3865172105966189,0.257852104827456,0.6487392629659985,0.08290251423941739,0.14576021874407277,0.2565793290136164,0.49226052174488183,0.04590096415181315,0.23448353437145114,0.5850644241868262,0.29255760458853575,0.050458968059184206,0.32640168127348257,0.37906051637721233,0.48378172496717553,0.281249933563511,0.31322532853226653,0.28068434921754293,0.20933763709564615,0.28320209279263736,0.17306495531370222,0.16675450171316444,0.3200013847478034,0.5789052711864662,0.39639083475170117,0.6224257872972777,0.33001581326197393,0.14997268538919953,0.4799617491953181,0.2629792966526181,0.11750141264191312,0.4484806951496429,0.4248236925046623,0.16691273471248014,0.18105680074721628,0.47169542161119243,0.5077163494215946,0.1964334540763935,0.5215204731381372,0.5202681671749971,0.026763495857621073,2,DET vs FullGradCam
25,model_8_cv1_act,0.4461145552879024,0.08328030452639755,0.22750971612835003,0.026746985917646526,0.410465693716995,0.2826294849693969,0.2919538045730962,0.6205524954581177,0.3335490620431373,0.019133676036055636,0.31416587429059967,0.34623433239705675,0.423126789811187,0.42806677241950497,0.2731575436403545,0.08074994708212926,0.11098423526629592,0.3405158858072804,0.5781653498721855,0.16979310346576038,0.23397877796710478,0.5557959380494595,0.47436911233535306,0.05323744027191944,0.2778220090951055,0.32356411973615934,0.5226747981389047,0.27337310780009255,0.4057455610403737,0.2608656534640933,0.23336502533979703,0.22199673550771332,0.19850056795512744,0.1823061332076847,0.4940202368036773,0.46763311399181895,0.43446579673408003,0.5280442168481355,0.32306720682239154,0.07288889017895116,0.471913283418905,0.2973445925745538,0.07243267718344598,0.32784590979192607,0.4483934730617906,0.1806820729928351,0.13117411668919124,0.30126162799607714,0.5585423146377453,0.23430274781497148,0.44446827931299154,0.4750651069860826,0.04454426042824647,2,DET vs FullGradCam
26,model_8_cv2_act,0.6355280838951274,0.1416405511278936,0.22882882961790163,0.19020399142609598,0.302151374444137,0.28393580528587226,0.278995248519797,0.5879122476717582,0.27951611289720224,0.42306538500941626,0.3729222409513811,0.46175993106974056,0.41400704011504286,0.41492317441406645,0.7171203620202317,0.17798805146061514,0.12821909275074314,0.2392105334518323,0.5829549173860271,0.35849405980433857,0.33501685913729223,0.5398416400968296,0.30586685620681037,0.10771786182925855,0.35981405685910295,0.30871788295558156,0.4603902484423442,0.38804030569712483,0.2701669826634402,0.5952773905639488,0.20290347229305905,0.4284475401913025,0.11428805546219899,0.3484439322377548,0.6297213993241997,0.6455215394496049,0.4563543705316637,0.5786577375590524,0.30253672346183336,0.16854970160973867,0.5331718821157329,0.2821310915749101,0.20336670628998482,0.38568876919711276,0.3783392700021098,0.45426103802479995,0.17231454494063506,0.6246735536543299,0.3826094992427795,0.3191998238212716,0.5570260733560243,0.37907429163698947,0.08645742892058417,2,DET vs FullGradCam
27,model_8_m_0_cv1_act,0.4819578251681256,0.06698527181857569,0.22050664385901786,0.19101993604221934,0.46540350372789313,0.23706487910456944,0.3393700721508043,0.4468878442074915,0.331735740745855,-0.09522094541502242,0.45651638367125974,0.2757405477649426,0.34403686718160836,0.4625797233222684,0.08781903782908508,0.40071195995713216,0.12354709137667637,0.35779587623144515,0.5944985144763199,0.22533146532754775,0.2534945003342327,0.4364211988447438,0.47566297723897494,0.07653107991286073,0.21489785955194693,0.32884118224926306,0.5296943049607045,0.25194335086773817,0.3854188282543965,0.2266649020785519,0.30288890662430357,0.17111058973521853,0.16406546952489107,0.19130845064228125,0.4910715193628654,0.01942205711064258,0.5330801954964579,0.5230364916452115,0.2777456071917479,0.08551052965097207,0.44429565975405766,0.2988950266928739,0.027153385214730225,0.3198257590836761,0.43928574195334663,0.18412659949602275,0.08026252589067426,0.12107380563838402,0.5739198041649274,0.23853447078133896,0.3942132508307468,0.44417590255148753,0.09237940006282645,2,DET vs FullGradCam
28,model_8_m_0_cv2_act,0.5835157863951881,0.04615098864023462,0.22016936188597883,0.36909381137417585,0.3602304895699411,0.1806595742042906,0.2619290561369469,0.4402355920248703,0.46542107818459166,-0.040848765876423034,0.23950650723088102,0.14823822495586209,0.39409467246699864,0.40928324399482796,0.5155432202730352,0.43740376026383027,0.06035194775980739,0.13043791930994264,0.609055579607633,0.09627656021127655,0.2648512076943064,0.44216635726340886,0.3501098650944367,0.09431173451245976,0.23610394122108816,0.2942760471931616,0.42558150495850033,0.2874962571242189,0.3553345309459754,0.4429301073073913,0.2511526180047147,0.1710930621202104,0.21499645577536408,0.1668860469637037,0.43656017688127385,0.2544176156250481,0.5226605744157187,0.5102137929251345,0.2680927756500058,0.10708009505225202,0.6011296540331235,0.5234401744644226,0.09969736597294473,0.39487850270322555,0.5546193575374295,0.23824858841264887,0.1746626642347579,0.20349089770217094,0.5140551794079693,0.2313873245330292,0.4211095676033256,0.4323148526780836,0.06400536133726042,2,DET vs FullGradCam
29,model_8_cv3_act,0.6465078021819777,0.11283198863635055,0.19451465959524336,0.42972021559380835,0.42337708780215655,0.36583499849199946,0.23459115874659278,0.7067033629316536,0.4040407932500789,0.3520342252323749,0.292937535729838,0.3964589880840816,0.44593232749181866,0.4082661731888475,0.6445058300221349,0.3459475870514162,0.11823928942619884,0.17192171788032878,0.4349762342965145,0.31745287478646883,0.22022745928594437,0.5696768604526453,0.3138942605506808,0.384067236603929,0.3837190688077345,0.25999854719484855,0.41854936765238193,0.31360149267817533,0.2812100450388246,0.26239405398938964,0.21674192599856937,0.37751580297521486,0.26269227198306827,0.1878487644336915,0.4795703133939646,0.5527652662274741,0.5452531089786948,0.5279079222487962,0.3292097486380633,0.14773116680564402,0.5487059129999149,0.5337833752835863,0.126175260561632,0.33766130987767684,0.4159724856887024,0.43166437948424674,0.2290668585688853,0.675283353760812,0.5649045227198567,0.21712509597328458,0.4816738545123383,0.46934074609077514,0.03631081803617691,2,DET vs FullGradCam
30,model_9_cv1_act,0.634558638828383,0.10014217522351053,0.19608672334572466,0.4192835499918981,0.43075126200257813,0.3706347507872949,0.22566258651360413,0.6630289811109755,0.4126117273511665,0.33377640639445083,0.2895797953954967,0.37986953965841025,0.40925065173737235,0.43693025657055573,0.6202947507850416,0.3496654330254075,0.11165895441070546,0.16630802133806868,0.40481944786570895,0.34048173865005366,0.22611646969200475,0.5566687611813814,0.3726259781720973,0.3659003655058935,0.37385920597930006,0.2667128741262676,0.398546895727746,0.30509871878960143,0.2586827962297299,0.22176056461860125,0.21734955670508643,0.3417921754578322,0.27000245136519396,0.15494010995276689,0.41312556492512836,0.5131238432497693,0.5410410585692385,0.5189971150870484,0.3279068874928355,0.1366893956389352,0.498620676988811,0.39936468038654127,0.11925343041453361,0.3311119544493026,0.4107336345441734,0.44518051319802937,0.2101230036195893,0.6706693981227873,0.5580674054041302,0.21395702399840227,0.4457877792026403,0.45859501671758596,0.037281152814267006,2,DET vs FullGradCam
31,model_9_cv2_act,0.8118753915177742,0.07337314832810185,0.37543801827892626,0.7295398419389472,0.5073931791209333,0.501862563255666,0.3439874259456414,0.330872058010519,0.6707896917360827,0.5276140388588341,0.6350965880456438,0.5097478136575323,0.4055505759659227,0.29955952558889437,0.6089974193725484,0.40466624135629703,0.10303783350626255,0.4498794592858875,0.5659008526902315,0.5197785475901106,0.3786992421906928,0.7077558296777927,0.7946254691993732,0.34587879586156606,0.41039946385075055,0.3544587623797642,0.7206849689692971,0.1868256037393961,0.4513239510168781,0.5033017810557748,0.5027421177313027,0.32497456909773664,0.3807220989255605,0.36474768859480494,0.6764843525390984,0.45048289483377796,0.7166034638690489,0.45224336403156473,0.1460083326137033,0.33175543159112153,0.6437280966731294,0.6494018625359682,0.35730502144281395,0.6809759446459074,0.36833437490795146,0.5441967266630051,0.22866187356205292,0.192630443008765,0.6749895096825068,0.31883395099398565,0.6670348347873326,0.1673875131385542,0.266767905484092,1,DET vs FullGradCam
32,model_10_act,0.7836179699001452,0.0792041876862405,0.46631483532060886,0.7198351109008035,0.49987063912728713,0.3242145826613805,0.355846668693238,0.33087205873812303,0.731667475153844,0.3135801192919893,0.5729424097193633,0.48591745501134365,0.37895665152951546,0.29755183541598834,0.5995977803695751,0.40030715303802705,0.12259416650331191,0.4286240818299794,0.5347705303437861,0.5416050019092677,0.38267068841579804,0.5170475697951735,0.7857058709052386,0.08739983230251763,0.36977867278173776,0.23248287132986548,0.7272123303495464,0.18361772625334705,0.46038019990908813,0.5479594314802914,0.4483405055142567,0.3213674195642821,0.34125260881704955,0.3647476885594097,0.645639605659505,0.48243198493350425,0.7045416451381485,0.4602141439649297,0.13043775756209752,0.3490809968256786,0.6528613236620882,0.6013718222669899,0.365692635980232,0.5411881893571606,0.46651629916817494,0.5443883085878818,0.22855640926448853,0.18886311112298718,0.6150082104698263,0.2508522239491219,0.6432661216662998,0.30694440327315853,0.5979802053907466,1,DET vs FullGradCam
33,model_13_cv1_act,0.8029961518648747,0.19641851071266453,0.4035916367304114,0.7493732837185164,0.4096781368151616,0.2680987613756898,0.31720668022893983,0.9039344867952464,0.8141830730463847,0.5231106262953041,0.6280056480107723,0.3537951838800748,0.4410740023143576,0.36073226688701865,0.7244611977287403,0.38117161567985136,0.03865441492052707,0.5786583589806236,0.6818997426908147,0.6671597020890828,0.3353471685805837,0.720586091210877,0.5844058610923432,0.12832421976524983,0.41631201946729135,0.27770075216922946,0.7375919884089969,0.2563551479620687,0.4618800011103039,0.6931024220506403,0.4153456186576656,0.31708800902932255,0.33929631516967246,0.21849858599296806,0.5498475891857256,0.44134672830329036,0.7685422974337041,0.7098896755731128,0.22063491203743002,0.3437639868355483,0.8016523091592411,0.6971259138363629,0.3778286862442855,0.45069690787748024,0.4701631681395992,0.618513692957698,0.24153327692411114,0.6547556517994428,0.9042930140121893,0.6566953382684036,0.7362074783877504,0.4605687223261543,0.4439636258381218,1,DET vs FullGradCam
34,model_13_cv2_act,0.7696416554100988,0.1805782012872695,0.4993969188648232,0.7102506483455069,0.42419379324284473,0.38464755469742784,0.38059004361330795,0.9430887018678984,0.777625790115964,0.12770205565853648,0.5794212618827776,0.6098070848199776,0.3830870360198248,0.3737548939982294,0.7007839903637568,0.426061824174749,0.07469030300806015,0.5526266391507346,0.6831159673730045,0.646364834816374,0.41612504075951634,0.6017521254615549,0.6414862673233884,0.6280338052728031,0.39049038360088256,0.33668625443689143,0.7783169440449923,0.4004117185986157,0.5036085451101188,0.7808767494388585,0.431736910847689,0.336515132135387,0.325339216853876,0.39774670160990855,0.6829002785055686,0.7110795307410451,0.8050034273347436,0.6909814606188006,0.33732881296098693,0.38242377019855467,0.7223166254076658,0.7355311357499512,0.3392708307140567,0.6282069255494106,0.4735746065019333,0.5510519963602718,0.26690138116536455,0.7144396241672187,0.8362873546724902,0.5357779068734142,0.657817737608161,0.4616022390552756,0.5944343667867015,1,DET vs FullGradCam
35,model_13_m_0_cv1_act,0.8013459331866286,0.19618730151053138,0.3330230667031409,0.8198792091184262,0.5752832801455487,0.25863578941064486,0.2807783801259868,0.8872328918864777,0.7858016470697325,0.5296456601650528,0.6101515563231945,0.4696365830381158,0.4726275120580375,0.384976858589661,0.746046364015748,0.5495551146995649,0.04486547147229658,0.3536706273577432,0.6795520944961226,0.6289691655779077,0.34602134822068326,0.7189957926720847,0.6735698393991445,0.1666796581113468,0.38804964738736764,0.3015846364256576,0.7194623730576141,0.2869156615833618,0.4700453719747816,0.7331399655674775,0.46787528864827743,0.3311493090658794,0.3661993429370548,0.24630417493791873,0.5486477823962344,0.677308652945174,0.7686802346777544,0.7209256571616249,0.21925359704709418,0.34881555877934795,0.8010643245442419,0.7022705350783496,0.3868502959539384,0.2898747448504121,0.48167889516907697,0.6153752621140663,0.24353553206413983,0.6794732325877995,0.8904864771405615,0.6541613615396064,0.7189986744345551,0.4579128903966376,0.26417731867314337,1,DET vs FullGradCam
36,model_13_m_0_cv2_act,0.8138042680834691,0.09048500586732718,0.3507932946758716,0.7871862578749272,0.32481564142872354,0.34381128035927805,0.40506021046261953,0.9010319539679957,0.7604994991287178,0.18114760425987614,0.5451191811103201,0.6147314050256034,0.4303176978661854,0.41082608604871257,0.7345792981556143,0.6205399527620735,0.1184931589822537,0.7558426827513715,0.707781269658977,0.6253594230533734,0.33177440754449766,0.664641113411264,0.704336716677832,0.4304441093529747,0.46472048043742487,0.2483842663821431,0.6295672066347885,0.2984198966812653,0.47546088390920715,0.8316056538897758,0.3810068630285821,0.2906928488360605,0.4132684424852024,0.39774670195357803,0.748054268662495,0.7110795308069924,0.7858580771432966,0.668513118817351,0.3404321983455195,0.38242377021162877,0.6365916433094897,0.629513737173252,0.3797349722611657,0.6297260439946268,0.6512842978441363,0.5319083130980627,0.2669013812501374,0.7241829120541846,0.9162612826987175,0.5273706958498523,0.7856821116992371,0.49874799748599186,0.5190325381247193,1,DET vs FullGradCam
37,model_13_cv3_act,0.8157089423103401,0.183196325955815,0.4316111120109251,0.7856427584023682,0.3712047010810711,0.1983359279233901,0.4139478176229559,0.9428621977767087,0.7907662685078629,0.18779226721752487,0.5794212619661026,0.6164456443806379,0.4260045779160965,0.41108694979227817,0.7304881773955618,0.42606182428767075,0.12321293225418267,0.6487719205647903,0.7138157030576668,0.6214181633449753,0.32303778738800965,0.6331993106960477,0.6652537653256945,0.48104495794330776,0.48142758713051226,0.2823599539221995,0.7559802393814673,0.18834106366412579,0.4879426381550832,0.7897860778695612,0.43241337967412413,0.3145665306135584,0.4268436408867641,0.397746701909132,0.6384682113024543,0.7081364400078927,0.7836188797324266,0.6841539825521804,0.25766678712965874,0.35248887220285885,0.7675005214212577,0.5951511769794521,0.37841023866218537,0.6556697715582707,0.5129606816020105,0.5310218000315863,0.26690138114093764,0.725974051228092,0.8194705150965336,0.5488931114239181,0.6136058764386414,0.4856289590992534,0.5330535396278552,1,DET vs FullGradCam
38,model_14_act,0.8421228557686368,0.18711839284734597,0.41736681649221496,0.7824721682074682,0.4014102110432716,0.26801419959891276,0.4471763139995367,0.9166550027332352,0.7675130493224652,0.20988390164575285,0.5794212619688893,0.6116824283654279,0.43943753875314523,0.4117381433227311,0.7423485503313942,0.4463945325176029,0.07847507201178062,0.6741888245767003,0.7313399308130372,0.6267144799294015,0.3243661372502121,0.6606490466750092,0.7293050425377146,0.43731450050781545,0.4871116299618249,0.3006164099264513,0.7674637948899349,0.4514420750378007,0.500879519392953,0.8360542882006545,0.4341768157052057,0.3464169043772044,0.4228059066506889,0.397746701838204,0.7484897970476636,0.695789771313148,0.7843543090757834,0.6869148278093443,0.26982683305432875,0.34614314812287267,0.8136829803684402,0.5940295859323096,0.3756218971230761,0.5665820094140721,0.4734837803501103,0.5930408464699811,0.2669013813357352,0.7294385541731739,0.8754223118417837,0.5441749664917974,0.7193495706779328,0.49298419847553937,0.5349345647529676,1,DET vs FullGradCam
39,model_17_cv1_act,0.7821986688947381,0.1847705033204679,0.17320361138708662,0.7760416767229281,0.2192911142169441,0.5759817565531604,0.5030744257853507,0.8706862222043331,0.8642659877577499,0.21994636008852958,0.6646772453902475,0.581588298392935,0.4710814974643743,0.3401565268616443,0.7866103658780916,0.710429234310963,0.0636398532081577,0.6261140042315194,0.7276112459989001,0.6257032770993692,0.4667559412538643,0.724400042209101,0.6979802380723248,0.21288660602570036,0.49269664117655865,0.38631068800391627,0.7810524873843224,0.24532373171741254,0.5155735866196861,0.8479615994133439,0.22267543205460621,0.31816277942488863,0.4180129528017395,0.3281157885791975,0.760765447990032,0.7061572038201176,0.7916889997311667,0.7128450948892568,0.3168530229484912,0.4099749208588467,0.6474204389519136,0.3522084302337055,0.37268223672400336,0.5006323359228405,0.44972314397178204,0.6175353853475659,0.2666553060739587,0.8049167279402105,0.9295080459077184,0.6616906334228129,0.7557559917897663,0.4935324101722686,0.5867210497875143,1,DET vs FullGradCam
40,model_17_cv2_act,0.781420211835318,0.19488049130595417,0.2682705405750356,0.807226436248071,0.4549802052319578,0.31152927698740057,0.5163500928187692,0.8924958920798577,0.7387265008707864,0.1888705168975071,0.5933845942388037,0.5865208601375506,0.4425047530961291,0.3374711936415309,0.771637050636738,0.7052808414378543,0.2045746914521007,0.27895328699491895,0.7040349629750744,0.6395538571717778,0.31832831919876076,0.7508180366383383,0.7980542766666582,0.5034606446078047,0.49373299219708716,0.4467873920026261,0.7628398418454361,0.44793180959650064,0.516375903881861,0.9358737950552719,0.4097330255957248,0.31697609517436337,0.4246777970243124,0.33655927188781226,0.6430990998030915,0.721608613016181,0.801014756267331,0.7038139218532067,0.36035328018735413,0.472340944147262,0.641009146833758,0.5047956468495784,0.35281502538443,0.5280506626054847,0.47099537537178415,0.5411397435976747,0.2711967444020066,0.8081233378245205,0.9183307647317572,0.5493424564028345,0.7754850535004656,0.515917760202357,0.5705061238401447,1,DET vs FullGradCam
41,model_17_m_0_cv1_act,0.7882471941875453,0.189015387925021,0.218199973765281,0.7785227561407376,0.2438951993433945,0.43153039770328017,0.5227327341720781,0.8964224895656869,0.8649116106346139,0.2873403799027498,0.6539438753778406,0.5995712635392237,0.45497724987559696,0.3329148493655766,0.7870844495796874,0.6916732165650034,0.13244563965608674,0.612774610461946,0.7156829067997408,0.6449749915382816,0.4000761036924132,0.7088488474432716,0.7072723017945776,0.24057818008350096,0.5021183140367843,0.4103387607656796,0.7830639034165527,0.27867265887552556,0.5201017861163644,0.8453651459937411,0.19355588946612454,0.3217100048711611,0.41850394750278747,0.3794279771732704,0.7518151418793589,0.6944045080602833,0.7930061964717573,0.7142721924593673,0.33865160866551824,0.4222799969226159,0.5094417568723048,0.26877462575872907,0.35649129676601515,0.6991731802456641,0.4523418430527487,0.6243195422327513,0.2674369922875927,0.8102711774861401,0.915850684397539,0.6276269226929075,0.7648421012984812,0.4981528167626833,0.6004205252407779,1,DET vs FullGradCam
42,model_17_m_0_cv2_act,0.7780051134680339,0.13820458553361284,0.3586565908975436,0.7719299332102054,0.2567369553576631,0.311529277526032,0.47023367745502626,0.8924958919295954,0.7150971946743376,0.1888705168088034,0.5933845944460591,0.5732351238392808,0.4425047532016147,0.3374711938605256,0.7716370504844552,0.7052808417109719,0.18225541895575334,0.27895328805588976,0.7040349631372638,0.6395538571591723,0.42031624444563925,0.7495652798981635,0.8057738957524887,0.4549979492872235,0.49225385684405326,0.4471413071145559,0.6932042916301501,0.17745442414821597,0.5181787865125136,0.9358737950102016,0.2627219423392193,0.3019834212600371,0.41680648636951323,0.3365592716717671,0.751454223708673,0.7216086130143581,0.8010147571500771,0.7038139218844731,0.3393084804777958,0.47234094409339117,0.4994177148196497,0.3701880804655262,0.35217434482921,0.6186382965764268,0.4647657250235936,0.5383701707888039,0.27119674432829904,0.8115506182540955,0.9183307647140215,0.6251084725825156,0.7754850536056547,0.5159177581177306,0.5677395839768453,1,DET vs FullGradCam
43,model_17_cv3_act,0.778474587502087,0.1894938280415544,0.4690538350677378,0.7982882600052414,0.35272115588867553,0.311529280206745,0.5043487312647216,0.8924958916794202,0.7865836306503079,0.18887051620495035,0.5933845943808503,0.5734951074295888,0.4425047531196539,0.3374711935981725,0.7716370521657847,0.705280841760125,0.23914695905671074,0.27895328779170264,0.7094481792930573,0.6395538569622802,0.4668727485165118,0.7380984876052562,0.7996649680032284,0.46291684501744956,0.4943287872808754,0.2564341330367999,0.7148273339674988,0.18331238279000162,0.5197574476294596,0.9358737950106882,0.3814770147128785,0.3071086539901933,0.422062568316966,0.33655927201573316,0.7480042772438317,0.7216086131745385,0.8010147550625936,0.7038139215790349,0.35887059040819674,0.47234094385302816,0.8810453710072648,0.4515528317220581,0.35666225809403823,0.6859261890318481,0.46938767719267793,0.5880324229497392,0.27119674436273955,0.8062242580658686,0.918330764667141,0.5209348269772812,0.7754850537510813,0.5159177599701087,0.5649886072223959,1,DET vs FullGradCam
44,model_1_act,0.9283816436207925,0.8776944261744288,0.7488925872176597,0.8970582154496156,0.7224276961177093,0.7921725251786629,0.5958165547866894,0.8394917550744894,0.9112290546237436,0.9075583522965286,0.6854837586908755,0.7414464486874852,0.9208204663952078,0.8885807843138198,0.9018616381692076,0.954178672518767,0.2611418030412571,0.7538598867262495,0.9586210550032704,0.9632186480559223,0.8284483939037589,0.5685278669236259,0.7991409671813929,0.5509527814802344,0.7416936218864773,0.7758834012463596,0.5779460448116447,0.7007529283406216,0.903628904860279,0.8465826224336501,0.6425859997318453,0.7846183295583843,0.9195986297173111,0.8735846541031874,0.807472555331817,0.7469947362540955,0.6618559392426261,0.8455737833317116,0.6712587160124084,0.8703143088985121,0.7717607945300267,0.7011578004841622,0.6590297441089762,0.5813082693307275,0.9005638719758915,0.7272114452762328,0.8787856887314214,0.8709293280853744,0.8095027771084812,0.8094392932816128,0.8978055092601399,0.915290202430535,0.8311471789763712,1,EXP vs ODAM
45,model_2_cv1_act,0.7736513052394648,0.8133000539463601,0.8965139543553069,0.8737595915267828,0.5778231066458515,0.8481498948405253,0.602395528801017,0.8877684078899964,0.7206586511385638,0.9116986504955537,0.5152689295309978,0.8262258859795527,0.8075325188420168,0.8054379455151118,0.8764100021547202,0.9195403551918435,0.31376970600574167,0.7428244671659313,0.9565500885196286,0.954936649209788,0.7922799588598278,0.7189607046114278,0.8343064007904629,0.5731366775090341,0.6756442320608369,0.6133353324505546,0.7591287068665038,0.7194619211511706,0.8903595269589092,0.9570532305249193,0.37039736154837916,0.7388234392165307,0.8365917510085139,0.7725791461340854,0.7857958080800679,0.7671916326465427,0.6695111125170845,0.705541554290652,0.7577477436997053,0.8897088107676091,0.8577743606152776,0.698278705906396,0.629263081123811,0.5311916501719626,0.5889165926761616,0.7519788511955067,0.6269382454825636,0.7953081265555683,0.7856372341875963,0.8021343373105688,0.8856573681377761,0.7948575667902937,0.842723551294218,1,EXP vs ODAM
46,model_2_cv2_act,0.6905659465520186,0.7961033447540808,0.693056353549612,0.8089444403034354,0.6608798557386647,0.825151235458443,0.7615649115766959,0.9408028637728901,0.8705450854076048,0.8485766100298776,0.7615381854492518,0.5810737892182651,0.9085265850306012,0.8421936996277628,0.9284689606904716,0.9196584682815766,0.23400570007775123,0.6761201123507092,0.9252056910352423,0.9694296659573086,0.7872850042880752,0.5581218799531925,0.7842375285565143,0.5685935008406214,0.7331849256730959,0.55886495840081,0.8555246048243,0.47775516515585786,0.7105124901820955,0.9008110233642204,0.3745963255209121,0.8363896620154586,0.8775689788009204,0.7905374432990052,0.8512538352094747,0.6984089248924645,0.6725451303309538,0.7598761643781323,0.6566453525517763,0.864321523847988,0.6536633868237199,0.722521132673021,0.5482020947855248,0.6473157473453067,0.5893039780862436,0.8326401807884883,0.8602232194815131,0.7864848404137362,0.8854658730907513,0.7397082520325173,0.8170946611363038,0.958064544964056,0.8556752503238245,1,EXP vs ODAM
47,model_2_m_0_cv1_act,0.7028726316297786,0.8841694713505797,0.8628589198102881,0.9072763485214055,0.6653732081600736,0.9195932596818345,0.5317308285092043,0.8931430813699688,0.8850308452233604,0.8377669163591979,0.4978181881290249,0.7063620922046905,0.9146321848684541,0.7844756264907646,0.9033506520470543,0.9059372603440128,0.3008058592463498,0.8237050915793043,0.9369884325485576,0.9649990396151428,0.7858923322902457,0.510635378781259,0.7485277007178203,0.5285502716039724,0.829480596911292,0.6503495386720171,0.7478065574526694,0.8105857065387451,0.9289095776149636,0.9187499156587257,0.5369533416013712,0.7659314384825523,0.8304064799310309,0.7690416837041689,0.6358319804588364,0.7544705474775625,0.6557673691509126,0.8375690584355845,0.6820659216011017,0.8777827213321794,0.7724344625848412,0.6520101876246492,0.6059402046020815,0.5517908156371526,0.883519269804775,0.82018545720485,0.7919058243610423,0.7340706577776235,0.828194010369702,0.7548149320707445,0.928659870238365,0.9597548098714999,0.8702928875703158,1,EXP vs ODAM
48,model_2_m_0_cv2_act,0.7281395990661724,0.8411033307989231,0.8334637321290806,0.8780946735919533,0.7746848686918771,0.9062953661769692,0.6466191136399968,0.8879403908352433,0.9076642938296686,0.8934684736188089,0.5060583462406726,0.6284157127877059,0.9289084140204317,0.8814557182376828,0.9532352578693645,0.9447413223058805,0.2276708132065398,0.8876185028170583,0.8579338960200986,0.9600493809429965,0.7176260654645077,0.5329129619325302,0.807881588927872,0.6053139813312306,0.7403705021571398,0.8076723780008789,0.7619615554825131,0.785540460226868,0.82525188342727,0.9477413744304891,0.6570986133134977,0.7272245384769926,0.8761104180936984,0.7733392432525693,0.8100889716760593,0.7708008884105977,0.642420579679294,0.822933884509531,0.6611016275062003,0.9412324495040855,0.8028173318628995,0.7203254188298793,0.6462393109574863,0.7512229351818805,0.8151464229491648,0.7862389488890559,0.8514031098163203,0.9377291181016584,0.8450888912755949,0.8222574985066989,0.9235019560402254,0.9371269942104555,0.8034867874833654,1,EXP vs ODAM
49,model_2_cv3_act,0.667325146808392,0.7754944508125066,0.7449907551113168,0.8283560645609375,0.7692128821558124,0.665407101604745,0.6407824328970406,0.7705097267369453,0.6522996249586391,0.8847127203492163,0.7546992989086178,0.7723938813110764,0.9352848257722404,0.8239920194902254,0.934884143917646,0.9129690010479842,0.36618003914498176,0.7895294473856574,0.924910310526989,0.8768258465645641,0.7345097797266955,0.5457424803655468,0.8324824395674085,0.6884950501600954,0.7096489010578565,0.8148051905993301,0.635117025945723,0.5314871615990747,0.6763713705366636,0.8156298433269042,0.3668096201405457,0.6046051027334522,0.9030709612101151,0.7666399814254898,0.8153177950560251,0.8274876945971166,0.6890310676427188,0.7535515324850287,0.7454757801913501,0.8187245077388549,0.7736555419807724,0.7310699728782412,0.5490961377536556,0.5404271594408673,0.6443247471912118,0.9087780465504459,0.7335056431737095,0.841311785230958,0.7840542020843867,0.7631987927190798,0.8824240957076863,0.961000940546207,0.9292311267020441,1,EXP vs ODAM
50,model_3_act,0.6912044795066973,0.7215084382270796,0.6647439968247237,0.7839674077034102,0.7318644749650228,0.7336334840000023,0.6692926206112298,0.7721099731978861,0.8241814418620288,0.8784319662112074,0.7693401350365477,0.6698782369125982,0.917860496569173,0.7869995144355355,0.9303581024027692,0.8885543367770763,0.3794957831453998,0.6509146381446715,0.8543703115784727,0.7753555737042349,0.6870959832456514,0.6201181815489794,0.7296475810725802,0.5083355267119499,0.7005130825209123,0.6813373556617254,0.6450659086332724,0.5095534187688068,0.6249250158221686,0.9118224076032536,0.3597576463034542,0.7904728911067516,0.927272817735178,0.6166962752748358,0.8591889083356576,0.7043343753792779,0.6921222589279148,0.7221928583757451,0.7479090236920776,0.8406177200726973,0.5951179492593821,0.7935206158529859,0.743143460576954,0.7012035326340293,0.6712136762279989,0.8020440441689651,0.6670305236710758,0.8655318961068318,0.751997630139804,0.7492429813854463,0.7277438955258236,0.9123262288030923,0.8618787049553572,1,EXP vs ODAM
51,model_4_cv1_act,0.7252978006842906,0.84622153860226,0.6993449410637546,0.9032077584847046,0.7591392669832087,0.694425608207777,0.5906746008982213,0.8419514758019628,0.8893243842125683,0.8374749696492265,0.7755182440071888,0.8306362032278715,0.883491379894061,0.83098346019713,0.9720398512336641,0.9296928936448551,0.2815665028974514,0.601181181747569,0.7320062114681677,0.9662492479244237,0.6956042089721538,0.4968395616944195,0.7302229423111471,0.5504619449934319,0.7564579957747939,0.7220196762291691,0.5994092990890987,0.3977583280825032,0.8174241116868981,0.8193266943035498,0.554838595399943,0.8872425231161776,0.9564343104651514,0.8273316418113146,0.8768915169862431,0.6967652871190809,0.7175531286071893,0.7522321781268736,0.6626436990687103,0.8202072570330138,0.5708415022826859,0.7683242194150771,0.67973799370132,0.6567814507513701,0.9017550461196772,0.6768132065896368,0.6860119687348641,0.952771812472969,0.7029598178840245,0.7138081519194396,0.7585805551499133,0.8056720480926238,0.858450197638603,1,EXP vs ODAM
52,model_4_cv2_act,0.6506904558305061,0.7865188015755502,0.6576024493902357,0.7585675784290903,0.7297370127758974,0.7984948760284504,0.7273453906919711,0.9771219664299827,0.6069038090033422,0.8366526870439059,0.5918412024579179,0.5921704251597486,0.8760136107083151,0.8317005960581009,0.49739111475777825,0.856414819078036,0.157183214420193,0.6207480394081956,0.7627376519872521,0.845854196100178,0.6965705067590733,0.6172572060628609,0.8912747008293125,0.7473887273748627,0.7171800738710337,0.5091838595230079,0.739250254273414,0.4945281128341802,0.5139650741446282,0.870765455884195,0.4659909491636283,0.7414771587281809,0.9027413597691872,0.5162234837980546,0.6779895278207672,0.6473545347068583,0.676905860604333,0.7251013624841007,0.7735956392094208,0.9269712691283416,0.8202257614081718,0.8197656603242439,0.5217800681311447,0.5541792612485803,0.7463301012843749,0.8876073373134421,0.633253044741479,0.5525552302697707,0.7717374366517911,0.7429337309422676,0.7663241730849589,0.762371964106328,0.8358873150682777,1,EXP vs ODAM
53,model_4_m_0_cv1_act,0.7166591749907354,0.7182681962040685,0.8100581973002067,0.8520549250526652,0.7387065763397465,0.7997994094031173,0.8170828717567392,0.7413831841158631,0.8994529981737135,0.9084607576422491,0.6657465667512317,0.8981273261450866,0.8242145962671181,0.8309324287641053,0.935905588245931,0.9184904063360444,0.4054797675557163,0.6828132710035557,0.7642895424604017,0.9798791832163375,0.7494358199937964,0.7352281847359727,0.7350364965759951,0.5274520177692142,0.719110122663781,0.571127937508851,0.8979206593282298,0.4888193084613333,0.6605027757895984,0.821208136175308,0.6923047646782359,0.7878750834784453,0.8807598324881678,0.7755134172128829,0.8179803176216665,0.7545802839482311,0.6771137753045421,0.6540640127674305,0.4806503904847983,0.8910811607939063,0.527797973379867,0.7088438381010204,0.6539249602010686,0.6580225282679673,0.5620106568550662,0.8064856012552971,0.7877271608496036,0.7744025498973697,0.7331567376032895,0.6756721172516374,0.9135318222484533,0.9391562688785485,0.8554942431916605,1,EXP vs ODAM
54,model_4_m_0_cv2_act,0.6641166126540603,0.8326364488450265,0.40850203174488214,0.7264552885386361,0.5485533478574313,0.7496855567675714,0.6016688101920676,0.8374148956653342,0.938916805008079,0.8714972307486624,0.5700168418675767,0.8552015322896844,0.7576989231627865,0.7242415908068341,0.9389448256791554,0.8909732482931156,0.300199710322922,0.6401361026658097,0.9539576921523334,0.9156208686963895,0.7115495386317289,0.49248781539682546,0.7313184394490456,0.3460323920936365,0.735745035803054,0.838827589184331,0.7726912917899184,0.6559163385153837,0.7103819178508488,0.8283193001098165,0.5154443722293547,0.5416045223010019,0.8609772474042998,0.8153161774497927,0.8290051338192379,0.7738849393134467,0.5809597811801771,0.632911854009121,0.7414832822256434,0.8362052795294244,0.7648485020024802,0.7441809935513564,0.5972889323684071,0.7722725587373388,0.9496245123626667,0.6748233503970701,0.6115884227093756,0.7311875613386599,0.7278755933748684,0.7966469783349701,0.7277209339903149,0.8168969250363449,0.7602276105966307,1,EXP vs ODAM
55,model_4_m_1_cv1_act,0.8655211958893145,0.7915562710190163,0.6493886070087725,0.786109720549278,0.7526562469242982,0.9346471321970165,0.5540985598040085,0.7732977029098753,0.7354439812186346,0.796637304201908,0.5803407735739856,0.8012464776646212,0.8668359837184307,0.498322798569234,0.919616756462188,0.8628295992332048,0.37282906109145686,0.926966736250381,0.9461624901208525,0.9556086056463439,0.8028738163208851,0.49220640010773886,0.7415187196206436,0.31887164235497417,0.7456383005940481,0.9096304079241765,0.842051816876166,0.7442101213268082,0.801873184376096,0.793403810397908,0.6152001998789128,0.5850466216361601,0.8663661689830399,0.705119861638424,0.6370116114333593,0.8278012635082579,0.7661147887593343,0.7991864843183716,0.768588512986138,0.8212441309699303,0.7760279928572439,0.708375406997499,0.787654216098761,0.6746804039046679,0.5790367585855141,0.7872323057640608,0.721895804837622,0.8874599752326937,0.9043269650012716,0.4411078537580644,0.7630064432407354,0.7258426621838353,0.8300669267974409,1,EXP vs ODAM
56,model_4_m_1_cv2_act,0.6362507157456886,0.8532320183334536,0.733920611269386,0.7447692627563228,0.5209545016955207,0.8411108825179595,0.7760362804483539,0.9065600749926781,0.9526966875118512,0.8562280158875125,0.5204399963217496,0.7955190119776644,0.6592281455101132,0.8573924733971472,0.950840191015837,0.8076448686067482,0.2734721382892335,0.87562566696955,0.884247233128916,0.95624586678179,0.808574450360989,0.5778244984145137,0.7536982925465242,0.2601602359035536,0.7326463009721271,0.7604352202276172,0.8345141042586204,0.5491513946976083,0.7343767980122518,0.935050410055607,0.44057502474523286,0.759974074257006,0.9201383600953965,0.5743430081922911,0.6625119796007702,0.8622751712766715,0.7721729644510003,0.7622680093949628,0.7608452733980391,0.7667722909584543,0.7406259499517898,0.6565584689342095,0.764708787938494,0.7839763710101949,0.922389780404548,0.8359407977518404,0.5694188718751322,0.9374852742080438,0.8120587905384479,0.7608531697402813,0.6798331651339333,0.609503816025007,0.7977633317261885,1,EXP vs ODAM
57,model_4_cv3_act,0.8684288892320147,0.6769733876310113,0.6940884113189985,0.5933266089709115,0.7652041973366419,0.7207624334320687,0.6954984391194199,0.717090648349667,0.7852087353600051,0.8891764879221286,0.6812324554702712,0.7137261280534162,0.7819598951346901,0.8330535441620939,0.9412672358981597,0.8820123533190888,0.24365887413641657,0.5460533045811303,0.9527061598099129,0.8339693193283364,0.49880973962495134,0.47977032137444564,0.6840833593772322,0.5935548193794684,0.7143975248119403,0.5432898091138626,0.6293292997382876,0.5479103169147322,0.5129221027891576,0.8841560719174205,0.35460218381476866,0.7178199372173099,0.8638455420586765,0.4778411712729887,0.816289915185116,0.774392280394149,0.671142531788419,0.7565942179746863,0.7746573827544225,0.8393287178091753,0.7626549727497309,0.6124785098143916,0.509377154021887,0.5236312114436761,0.5626138409251871,0.7804339946108236,0.461812826253683,0.8496362559363255,0.7375718640100773,0.7177908684075346,0.6796902421382417,0.7767739856492822,0.8341307208592783,1,EXP vs ODAM
58,model_5_act,0.37451533803219145,0.7546832428003181,0.6110066755495944,0.48064558354013903,0.4778034443930445,0.6275757147650153,0.5162289106897591,0.7157179116401118,0.5115685613503296,0.8153239514042266,0.6655743509381027,0.5164252314958188,0.4764985930970089,0.7589460368240653,0.7582586539371676,0.37480036070178935,0.7338771440106887,0.24304221661747588,0.727829452110723,0.8994580347284721,0.35528046386577633,0.5061813467805032,0.6378229351879265,0.36433504170494874,0.6849561825663465,0.5122545423299049,0.5191714367302174,0.47412737279175,0.43970832437410395,0.7285361881390062,0.3571977193858943,0.424596870909367,0.6840330322965551,0.4180573661568608,0.60803792718332,0.584295428823177,0.5693219488169023,0.6341506533506702,0.5767021956169005,0.7046834469743494,0.5616646866126042,0.5541171150628534,0.46449097261891265,0.4675418105508057,0.5152084294369399,0.5804587455860741,0.32670558125134297,0.9426927423397365,0.8213925981208718,0.7404863587623727,0.5928065073739385,0.32299019432648723,0.752513829981351,1,EXP vs ODAM
59,model_6_cv1_act,0.5122690082441403,0.6283790694125273,0.8261039558373323,0.639481111576735,0.6142355629612685,0.4509488985781096,0.535826392140643,0.6889305916094587,0.7151121444412872,0.5607279893758719,0.4423845940881419,0.7316044989401856,0.4297468692766466,0.8010838204760308,0.5573014737769983,0.5047615754515292,0.5858584030190238,0.19586545035076383,0.5646990770077612,0.5767720191828835,0.5667693355509116,0.4773567034672735,0.7058971771475527,0.2759047548509283,0.5633122688129083,0.560260942871914,0.5317808963882517,0.6253809669036693,0.7001171494055032,0.6934641724094608,0.49483445157018463,0.7582492886860125,0.8351961649226416,0.34031472968021526,0.5402448233013188,0.6103027980107272,0.46519070288592584,0.5478060970465174,0.5989507834314509,0.7402602083560045,0.5947162114202837,0.5263577552521123,0.622632319618656,0.5507338628948121,0.746807944862617,0.5362362349649578,0.589025710380011,0.8001731702173458,0.6360208422766793,0.7497766860717016,0.6294825762638577,0.4326942464297182,0.5751477427544336,1,EXP vs ODAM
60,model_6_cv2_act,0.2810979675030508,0.8485210409115903,0.5152533654529093,0.2851897078746745,0.6093071961754283,0.805966933541828,0.5901458572207738,0.859323831136675,0.6226141232377701,0.8593088207064443,0.5378157482288736,0.38255875028397274,0.6304800456466143,0.4795291414290383,0.8860874618234796,0.6327723236229424,0.5287875764848913,0.5824665486882559,0.8227868531478697,0.9240935480042224,0.3962981872405154,0.34018975166247145,0.6070734492702309,0.5155037945353373,0.6863273448768479,0.5208735886158052,0.8462558155333457,0.4528355430625323,0.4181114438202972,0.6275617137362923,0.357745213504862,0.5174774446883499,0.6361494977039692,0.4946510236512936,0.6828862866204208,0.6275338643962807,0.4856697644357657,0.5694047995185372,0.4821092307195792,0.5479720614793959,0.5066744956245998,0.5781028059904842,0.490485417932479,0.46352349406347726,0.6041065568387285,0.5639533576963307,0.21122658852208065,0.9224765377714308,0.8649822235999011,0.6960254074238046,0.7588220422456526,0.26213210555025,0.7215839742053098,1,EXP vs ODAM
61,model_6_m_0_cv1_act,0.47150653583225594,0.57636855225853,0.7647905874870425,0.7227109451545681,0.7325025427750189,0.44849951893886864,0.43643748380393843,0.6349601977237181,0.3724821005916344,0.8020450985993407,0.4942870289931375,0.7456432566523787,0.41623408936434964,0.6293454850401404,0.5257334634068944,0.7325855775696243,0.2171783874968676,0.4489033326550155,0.6824946480162659,0.40862129872166003,0.3923445174483593,0.5537364365493022,0.7125680478774423,0.2892990209299923,0.5897234764634304,0.7597699528419677,0.7110484484856727,0.6566190581258615,0.7184540388020911,0.7772755366226255,0.5961487994783556,0.7909323107267404,0.624680509457876,0.30940572506735264,0.6566578406214816,0.8528599096441697,0.6493221294233298,0.5064725509827147,0.5630506392939594,0.6709904707169608,0.6451980351450471,0.5554210425302147,0.41459289659618376,0.53969562618462,0.5689718859021692,0.5086445715143179,0.5486790703834307,0.8353245524259016,0.21955113555431213,0.8185367244125324,0.5659667784748095,0.41204862320181856,0.7015986448038875,1,EXP vs ODAM
62,model_6_m_0_cv2_act,0.5474994078719623,0.6039746911109275,0.5229082840322979,0.711137068517064,0.5561852532032889,0.32981834140318217,0.5225271265575167,0.6915362016773802,0.8309139142612266,0.632534957558573,0.5955973618102035,0.7332287177139196,0.5707723299992998,0.7474853264694998,0.43473143632889116,0.8851881497129416,0.17648615829697284,0.6945882998215839,0.718492380331222,0.5015236569080848,0.693744297369782,0.48400925680893864,0.6132488452651297,0.35756617811785424,0.6381214321849654,0.6896103696165142,0.5985688051465773,0.6039378363711803,0.5791738053563117,0.5139983833163186,0.49940628532063097,0.6744991863313755,0.6812187929907796,0.4233442645873946,0.8097413911969837,0.6845956036717764,0.532743899565475,0.5648413463453088,0.5902974337683143,0.6739642962863275,0.6643573885831288,0.571086320715281,0.6270427954228821,0.6585515871611659,0.6423032594457505,0.8046661883317507,0.4287734056764327,0.6645738593652519,0.17347309082834922,0.4291128554758198,0.5293363606361886,0.6100822037039236,0.7970554950478331,1,EXP vs ODAM
63,model_6_m_1_cv1_act,0.7943300696152891,0.47723720246915075,0.7132122286086731,0.7920119351638201,0.6893423416831977,0.20087541211388815,0.6215562534813927,0.5960876108607376,0.6670024258895098,0.3096043418466094,0.4987069956041769,0.6359198792012071,0.4381288930221063,0.7877914457677092,0.4527954633607471,0.8175580212825059,0.2432954005865218,0.5774703938204939,0.6869466811564349,0.37008060761594636,0.657567454481088,0.48707871925644697,0.5002539561021981,0.21099068634444854,0.6657109220046329,0.7174820692624632,0.6645302905024144,0.5769349114664654,0.4749671820023637,0.5257019694305212,0.6583039868688603,0.7175513105657875,0.8227371389742749,0.533856308429392,0.769220910772083,0.5508130676074128,0.39147027759621633,0.5969268486392367,0.44799140679100513,0.6973249961534754,0.4497526842647926,0.44843975775481565,0.6215980397872547,0.595471844540122,0.7030912447636837,0.7353847382461629,0.5765777993093812,0.6304789983627486,0.6719735469195159,0.6366737660868824,0.4417124338139132,0.6307603719792438,0.8140557545491298,1,EXP vs ODAM
64,model_6_m_1_cv2_act,0.7811115989904053,0.37864725720004655,0.6056899645889922,0.536358239344484,0.77036410981211,0.47733249328874383,0.7651141462622665,0.4536821771441959,0.5758398438402516,0.39848554931902985,0.7525326258403522,0.5513732728490153,0.46286870158103405,0.7334247555667411,0.5268493225535694,0.67874689161308,0.15482793332416317,0.3179637346081915,0.5747317250793348,0.681530895937398,0.7288388020122015,0.6760387317150827,0.45356682151112865,0.3035312686762787,0.6454023076731565,0.5532720979265873,0.726005414652486,0.6452103588230373,0.4231095498920576,0.5403392747851546,0.6464770296088399,0.789442575599131,0.724291521052826,0.4536125755925617,0.6802872843437291,0.34742170123720967,0.47305350275077496,0.7013129527534482,0.6843493995403976,0.6350778818777774,0.4028362455712173,0.4274082119796156,0.706745357667916,0.6182698324751823,0.622712275158221,0.7700980167322855,0.5370126637866625,0.7671115912416115,0.7973874425530401,0.5202165793299536,0.7583305659816565,0.6555175398654072,0.6661652438089117,1,EXP vs ODAM
65,model_6_m_2_cv1_act,0.5918088996516621,0.6021448477613077,0.7102896484568793,0.6229702634508272,0.6716751561723409,0.5910349528847151,0.7163953003821328,0.5384276474933379,0.5153197535464122,0.4889534107285567,0.614186338526773,0.658683094739378,0.39176636020830563,0.336694708410296,0.29357711130113845,0.569141518982925,0.1780351944968289,0.7793159932121277,0.5790447952106799,0.7693041668209969,0.7224842370881471,0.5752440996115094,0.686726364706013,0.5892481076720673,0.5385806318450573,0.7179261228305731,0.4883664392829558,0.47736341062959065,0.6042252086435563,0.4326415916912505,0.8074837643002934,0.5850411846332806,0.8043073142318818,0.22005967846882998,0.7467720904356907,0.22530844912995662,0.48832332944610685,0.726815276510944,0.6444070040788042,0.5569627515062546,0.42143143100041824,0.5419825022226784,0.632234960626488,0.7216439464911337,0.684374738480537,0.7693923916739601,0.5937142244850955,0.517773997693035,0.6362178367455176,0.7726276272801367,0.6363848964355919,0.6726223307554715,0.552781446063684,1,EXP vs ODAM
66,model_6_m_2_cv2_act,0.5588502089795366,0.3907092614149533,0.6306221888439936,0.674717300719068,0.6790344255798978,0.6295229111651771,0.7273106265429182,0.3211837698920106,0.7767542124438734,0.6747000154089002,0.6180811311939958,0.6792270210199225,0.4396005669030353,0.8624161695202749,0.25474429816328525,0.7108218890919904,0.15019873659443356,0.8546778989789691,0.5132360907475347,0.818866835498132,0.6510086732763376,0.5510260043269662,0.35547639674514,0.526840392599948,0.6470748722320266,0.6286751435174814,0.4626678808586921,0.39576322602562136,0.5393608192395463,0.4267426574193885,0.5743567443088352,0.4357519383475324,0.734946103911897,0.28894674078367094,0.5945683648612466,0.36136061358922295,0.39916389177607997,0.5963341402024648,0.6517477433572996,0.3796401026965048,0.24079760738513048,0.39575119691805055,0.6508322143353882,0.757154313823586,0.4763795459638478,0.5882382823912968,0.4247782104360495,0.5338352522369507,0.4637735932150386,0.6889241809642901,0.9127887070147074,0.5489392561825758,0.655031760060951,1,EXP vs ODAM
67,model_6_cv3_act,0.3655230564775437,0.7335348861429067,0.7096959477421744,0.3517593563128716,0.49644177364069686,0.7394048399258067,0.5612083157296491,0.854453723857872,0.8304825053491078,0.4332122897965474,0.5061461499704891,0.38794153564695355,0.4717107443842682,0.7597614666192877,0.7480090919942198,0.8038118750118323,0.12041272061797809,0.2876624986408208,0.8030460550639826,0.907813716274264,0.5713597638624599,0.5788894366720903,0.5548330191015471,0.2964610738696372,0.6273829999274458,0.43216499930852553,0.7368424300801485,0.42035956530878665,0.48730531846173275,0.5006918078294289,0.4860678538024098,0.43782506976546576,0.650375982839593,0.524098669082478,0.5557173527625549,0.5649306146922901,0.38351948400899893,0.6169554935335835,0.4013113245101929,0.2690225049459472,0.41519890055953484,0.43165848420815156,0.5430515942357781,0.5636247945877579,0.5340365340471959,0.46884931313236466,0.48474815879089156,0.8960066034806698,0.8615692778652279,0.7596026709112913,0.7860382569079702,0.4117500289830975,0.7190997381885929,1,EXP vs ODAM
68,model_7_act,0.18882384287613266,0.11582425266547838,0.5704550631712217,0.01991367378242253,0.6449123384115655,0.30440962089702955,0.15838118789383604,0.47200323417880324,0.13647397957709315,0.6406859439824107,0.3262988278564244,0.420859618481131,0.18024879906256414,0.141838892544699,0.49456931833060364,0.08535074839580012,0.28280608268712654,0.15939838768327702,0.2445768341953715,0.09174997948415543,0.4366684827105041,0.54057607195992,0.2947458771747688,0.1587200288721357,0.2179236448218191,0.3695705177643185,0.37129597080422716,0.31042857978913174,0.13956689964539276,0.17229919801628493,0.3627964155953326,0.22739657620560408,0.4070229226689263,0.2495879334664234,0.15138483520485924,0.5675819362111573,0.13451018560000072,0.5805170111418357,0.39892491596235596,0.09117697808927018,0.3290654890528943,0.4029321466324811,0.4334658562563928,0.45416984369201785,0.34627264272103586,0.17397207627608038,0.17725484285637205,0.43298174497499475,0.4544188574313321,0.37645648588244396,0.5365504604144163,0.4197936198439798,-0.00434056890425689,2,EXP vs ODAM
69,model_8_cv1_act,0.2626475960436189,0.15707795743883954,0.40519049794058903,-0.003284737923930208,0.6847716603119475,0.0854496273001577,0.08860300968693646,0.6433632403981348,0.23812783201442972,0.10916252420043811,0.43905168278475065,0.47357132347812136,0.2251269503900149,0.3856176079413029,0.2393406018800698,0.08300896381342888,0.1534694784523797,0.21762416657236935,0.29064311782718766,0.2900387097188015,0.4328839707784436,0.47301857775674033,0.38754540086809375,0.16457321896797528,0.2502681315955183,0.370302152656467,0.4292948708066764,0.45840156146783245,0.2834264693663403,0.09713881596796585,0.35426092702631146,0.30795871662001123,0.4928246348673733,0.2878876463760533,0.36365270078663214,0.4414863353463032,0.22351655472165122,0.45309772413755195,0.39977812924504064,-0.018702165675368584,0.3358331086992328,0.42309499417805585,0.35610080146902656,0.2594648958046592,0.37935773540065565,0.1245731295921042,0.2825684745886248,0.08340265081985754,0.4441638235322046,0.38611011368254233,0.46645482311520386,0.3923360293830215,0.016254929204517092,2,EXP vs ODAM
70,model_8_cv2_act,0.4595088356742139,0.4389705913361517,0.3074981361100086,0.04142805640522728,0.6246618509504656,0.1102793155250237,0.44154648220598564,0.5720051355108405,0.2794437303807393,0.7807644763442456,0.5745069397806234,0.47087612030794535,0.10508839013762673,0.5710484536138963,0.5326787963344607,0.14717940952782074,0.2973184358591792,0.20012408819681438,0.3645328996644692,0.4187840204431239,0.6533325158399983,0.32806815115286125,0.1001485828999184,0.32194729978131953,0.4961929839253573,0.48631325741596665,0.4105531557677804,0.707729115005866,0.14730395420353212,0.4704972475302455,0.3469807078436428,0.2213028918311746,0.191160146845453,0.7755403981462764,0.47166436670655215,0.7294184579221115,0.21920604290824589,0.49522283736462464,0.39462293301008966,0.264641236409799,0.4947474226970826,0.4055651798715989,0.6126817378916616,0.37606318298043134,0.33331796112839507,0.7418852774660244,0.017438437516653225,0.6731032264319721,0.41411585551560837,0.5791473152861325,0.6058883427720415,0.21588802158916034,0.11939824857009919,2,EXP vs ODAM
71,model_8_m_0_cv1_act,0.3090796832788761,0.12615738992753223,0.3913618440867723,0.06592234620904541,0.5967922743652297,-0.00519107394864999,0.1919258219591212,0.4180529778608454,0.2606212345495765,-0.048914143118074245,0.6299083143020033,0.3694112895073072,0.32692035737155456,0.42400563500587535,0.14777788991205434,0.46516567608235254,0.12357756202660646,0.18578737377596108,0.30733008023927316,0.2996339602233493,0.46037306756131485,0.3349505356124975,0.40388379098242416,0.11294098276943165,0.1930530526633282,0.4309227061446038,0.4318866899464346,0.4123897538990339,0.2342434224835826,0.04962938131241863,0.5492849824484193,0.3439846365141396,0.4847834278461999,0.3024122027747911,0.368436134151338,-0.008236813459726941,0.3887661984837924,0.36686315109945883,0.4003853250091285,0.004314658045258636,0.2942880395028696,0.37610517417396505,0.2516116204008169,0.22824190941200986,0.3444589051516985,0.09688469556381278,0.2922038552350038,0.048807203795683304,0.4092499400573658,0.4000305191551557,0.41437356548743026,0.4260135744441049,0.020780983729924467,2,EXP vs ODAM
72,model_8_m_0_cv2_act,0.4427053339445062,0.2557938775764545,0.3682414656907568,0.3678974468251678,0.47550732486550146,0.22947123753086746,0.23606776710382815,0.419826797645902,0.44368006569701524,0.03976633035741418,0.42074899590682546,0.20632511276994198,0.7016674438603028,0.6780152614929792,0.41937649513116604,0.48228916744976985,0.08658497888161007,0.21329001266346134,0.3673323949428773,0.12310263068383122,0.5491551096492869,0.37585067978836006,0.08949195904559469,0.13475205939995333,0.4652076401037887,0.5057309232569618,0.41246877461118936,0.5427316478416815,0.26413569216082183,0.31602948918355644,0.45390450362218954,0.4134377646347581,0.5670027428604907,0.3688227003144885,0.42576420118461883,0.19654228350505448,0.38574194012620044,0.4389051402809465,0.4439571101561496,0.12044997911693536,0.6550112478882754,0.6418921240408753,0.4361920098283136,0.34702183021305344,0.4769824040017754,0.2420608553524646,0.45433248192572,0.3217584804105569,0.3946489053129894,0.3988009876710844,0.40997583324359776,0.19513568685423138,0.052900843230393554,2,EXP vs ODAM
73,model_8_cv3_act,0.44669696259715735,0.45443812299736225,0.29049731234186954,0.41935045953728844,0.5335520477432699,0.306985321388307,0.34814317861500244,0.6853262615159992,0.391298326592736,0.6882852772897351,0.48958914085205785,0.4699484739990407,0.22408153628810198,0.6136211137295916,0.41596241231017766,0.24819460170452864,0.25568907462919904,0.22917839527943784,0.19227378976321882,0.361095169590167,0.4037726528256885,0.3852464960151687,-0.003509505528771101,0.6766473787867637,0.5526939597937492,0.4349741409490064,0.38564818169215503,0.587081432513496,0.23198744876386226,0.1456375159402162,0.3413009983848908,0.329017464356376,0.5334798856280197,0.3902385369736647,0.4021977298507262,0.596671585813309,0.2793209468128595,0.47923379953021567,0.4517209618024538,0.16515173639717481,0.5574954047242996,0.697788763967549,0.47433731038862476,0.2935005626524872,0.38670269385974293,0.6116873928375861,0.1658439487608852,0.7192902631739693,0.5383039282347523,0.3832791709186781,0.5000235539321148,0.34878226949115254,0.037373005154264824,2,EXP vs ODAM
74,model_9_cv1_act,0.4352877565165481,0.39467957055500535,0.29543669480308776,0.41617480508137233,0.581663962859392,0.3171392058711722,0.33043007792313855,0.641260369769511,0.3880036071207576,0.659843111631655,0.486727974561527,0.45682520128821674,0.19465672093479114,0.7207695772477619,0.39244834219991864,0.2628649527343394,0.24633471313629277,0.20933918276029756,0.1847267312519233,0.38063668117485555,0.3996437765900166,0.3496446513507166,0.021216712033806612,0.6860614268804065,0.5507605646675746,0.4416425521041705,0.37595132488449207,0.5875010185490803,0.2350446719562054,0.09728079825392663,0.34081096345902423,0.30772489387190183,0.5135710929462584,0.32565089133845665,0.34063049840490484,0.5403848511267346,0.25770020281267797,0.47112237191215106,0.46096693615821455,0.14557677650061068,0.44817700299087465,0.5265239788539237,0.4639252700703281,0.2887597268442105,0.396785148868373,0.6168543111117769,0.17075574360239298,0.7228913906959882,0.5482424089450019,0.37850560547702317,0.45333733991756775,0.3474415302513598,0.0328099558288079,2,EXP vs ODAM
75,model_9_cv2_act,0.8714741097869406,0.34797732208743887,0.4426604232447856,0.8407404301006438,0.5388146329778416,0.6723284134390545,0.6319143872609626,0.1986658603613855,0.7349904959337216,0.8636162736829656,0.8296350902825916,0.8600443221395453,0.8391482483905168,0.49020583740946677,0.6421766791441654,0.5928029956346712,0.20103640502439987,0.4715948328347364,0.7539582731480773,0.7308343208746593,0.7127747515377828,0.7650276802169754,0.8002278852146224,0.5567555331774754,0.7932477908530233,0.7506795312579545,0.6482332116354298,0.4805905603344361,0.6470645831879984,0.5244059867578633,0.767741356308324,0.9058042218743089,0.8554743828298241,0.7126450951312588,0.6797464616338225,0.6811669054827469,0.7612050556253617,0.6019492088676796,0.2658315861861533,0.5654096072798817,0.7166874354471011,0.80489315501281,0.8544829243564338,0.7787053933436785,0.4956313157269064,0.8178889304098537,0.6801141339382621,0.3618887913843843,0.7382955572474587,0.5511565760761391,0.7187903843471176,0.5491024669345422,0.21343787217508556,1,EXP vs ODAM
76,model_10_act,0.8975396295624032,0.3636041126810938,0.5534980011215658,0.8204112783022248,0.5357421682390401,0.652773200049481,0.6366837537270076,0.1986658610392971,0.8368579672391488,0.5587763181694968,0.7478032891753967,0.833092107152918,0.7923043103525638,0.4405508470461478,0.6048925153021475,0.588041591560103,0.250166062239808,0.46855742899682096,0.7189831367337607,0.7459645009048258,0.7285064264159512,0.5312869997986724,0.7710883005792357,0.07580912149998537,0.6823665674856042,0.5438190565597468,0.7250737399163202,0.46835318944842846,0.6616117366698555,0.4702114142975838,0.8137568974238788,0.871550925478564,0.7575360322361055,0.7126450951470109,0.6456652133094102,0.7319359686240633,0.7773682505453932,0.6040199200819373,0.21771254177827323,0.5839365619912971,0.7001706467558223,0.7706315989102833,0.876821545263127,0.635502751513621,0.6179494873011221,0.819614848262623,0.6799473836050803,0.3926977433147409,0.6601244090849475,0.44895424939198375,0.6748943284921225,0.7999561649097701,0.7245205202201452,1,EXP vs ODAM
77,model_13_cv1_act,0.8656842745858955,0.8990780643516989,0.6298323242876668,0.8688491661505502,0.4750542572892515,0.4992275852524266,0.6452765158511693,0.8893598282393947,0.9630732444535673,0.9383442713819422,0.8473511137476117,0.579821413721951,0.9232945142799855,0.7031181094522181,0.7779773821747825,0.5413368204330422,0.07969145303366473,0.6440093962224683,0.9269240539050315,0.9205117313220162,0.6219283017785553,0.8465543233450956,0.7050479708861762,0.35017112329134625,0.7624407031540674,0.6210443690572082,0.859895107099403,0.5424566088451459,0.73511598608518,0.7068890811278682,0.8355913992582261,0.8874660720642763,0.8106797131179243,0.5293552976310136,0.6039557801289024,0.63122287965466,0.7311996212191741,0.8575234035267095,0.703216722361747,0.6667545530775768,0.8979734364407417,0.9062103519732405,0.8890990475980752,0.5139586467078642,0.6380712007726007,0.9519124434043007,0.708931312813851,0.9287724980367127,0.954173079875042,0.9418058071875601,0.8635653690147418,0.8250309109192617,0.569137565965976,1,EXP vs ODAM
78,model_13_cv2_act,0.7148385016086861,0.84297344710651,0.7634000751759249,0.8019976974719071,0.5154685274362366,0.5827249018741513,0.7309535280648273,0.9250608609822886,0.8098903374585245,0.20315724901801516,0.8026728801050996,0.9708113656637641,0.8530228351686946,0.7083091063310669,0.7706065089599607,0.5379762865231167,0.1540053706914616,0.7313551467883646,0.7962529049898621,0.9366999278833064,0.7640632237293769,0.7573392051254721,0.781530449580057,0.8964315378873738,0.867296064697532,0.7549936847115635,0.8320037123829558,0.8255132121180985,0.5972318185642456,0.8935639464138733,0.8277463589313104,0.9496336890070542,0.7757125304771705,0.8182498405763539,0.7985169947773156,0.9750919436143324,0.8041063649427566,0.85241565370529,0.7641339419025754,0.6309474311911591,0.783378820487178,0.8741729399789399,0.8312180337766102,0.711737059586122,0.6349557043530281,0.8242748140832341,0.7855225998960226,0.7157345097727658,0.7625842777602027,0.8837223866694305,0.7039677734477093,0.8470134703137492,0.7371760157353666,1,EXP vs ODAM
79,model_13_m_0_cv1_act,0.8196708009956055,0.8971343235438132,0.5550047099091476,0.9666419042919893,0.7173688371671043,0.5363656037472734,0.5955865357177228,0.8654043510003716,0.8975306202003418,0.9379420377324703,0.8256756079366466,0.7618066206550895,0.9544278955629254,0.7693647928993079,0.8035044792843289,0.7621353511083845,0.0947171851640896,0.4022819713036797,0.9116462166004101,0.9053590361529662,0.6429404146588371,0.8531943472213267,0.8595455324214668,0.42978110137689846,0.7496291440887186,0.6876498571305948,0.8505713365004952,0.6467075123471951,0.7687576700308989,0.7658431643383622,0.882871895428179,0.8931806581067263,0.8696469470926365,0.5725579725560885,0.6106363785583393,0.9404556151028969,0.719379210477992,0.882987695623137,0.7043321879838494,0.6601902170305429,0.9148334498077922,0.9082601246105161,0.9051599652434392,0.3232756798422122,0.6569041583828397,0.9258779297081092,0.7176087019142634,0.940356096896378,0.9528790191776896,0.9364215238490363,0.8297347817181481,0.8497481063066006,0.31524057851390874,1,EXP vs ODAM
80,model_13_m_0_cv2_act,0.8786745047344723,0.40025094150482243,0.8399450751146965,0.9337420134585662,0.4973140535069668,0.5101081553226152,0.7768074435660124,0.8583454146760701,0.8423819822188934,0.3127244100157039,0.7880096162712016,0.9669386233797209,0.9013742936947501,0.9274410994861463,0.7649797057344033,0.8113016843148034,0.23391714225758056,0.8428035289625787,0.8979247638939553,0.9243587576894561,0.6222194399954637,0.8741284711021379,0.9080292433909309,0.637960941814837,0.8555347105574272,0.5838588587779617,0.8330516255207836,0.7195016567167709,0.8290666649484528,0.8322681078335723,0.7579275486643026,0.8830052097165775,0.9494270946775691,0.8182498413759837,0.9062953247701051,0.9750919437047757,0.8040802653522455,0.8421456313655632,0.7695165522527697,0.6309474312084159,0.8900170944840259,0.7429357845603781,0.8981653549991021,0.7373739270981957,0.870312511815674,0.8166567636604599,0.7855226001467929,0.8977035278082655,0.9761961415350459,0.7067100380291096,0.9045641687920175,0.8587612134420357,0.6628892312747949,1,EXP vs ODAM
81,model_13_cv3_act,0.8482110057676435,0.8515489868983634,0.7465645075006094,0.9198952770626477,0.5359363061260225,0.3149488615113818,0.7869713020535762,0.9245571483260637,0.8750868734453484,0.32322976060427816,0.8026728801685524,0.9804276357953308,0.8954607498348826,0.926732310196607,0.7669719012066077,0.5379762867235643,0.24506439242361386,0.7342947514689432,0.9248784282515173,0.9080026163261488,0.6087638043512867,0.8774469344936353,0.9092525056520461,0.8009625433640195,0.8940548797220791,0.6863810455684428,0.8794701860123695,0.48842679095213987,0.6276560913677748,0.8980559955822387,0.8131256179840677,0.9199831055713219,0.9706101897271887,0.8182498413009084,0.7490679754069756,0.9730913342304758,0.8013694845125028,0.8575429767633138,0.5111096317873665,0.5816033810550293,0.8917813171591046,0.6815876036705504,0.8966479752240617,0.753093635464793,0.7000564521807077,0.8133715397562118,0.7855225997669454,0.8590770381248479,0.7599853512377744,0.8994056429881243,0.6705678128823862,0.8702688909302547,0.662889230320729,1,EXP vs ODAM
82,model_14_act,0.900791919082824,0.865431632361761,0.7338978627189301,0.9216593094101313,0.5465264946612901,0.4067235456678606,0.8306457848121032,0.901063794713699,0.8482009527203274,0.36561677337163917,0.8026728802097085,0.9737636954137673,0.9052268580344195,0.9246890691809395,0.7779432965218441,0.6005928357573241,0.156607151021132,0.7653093546416408,0.9574979117480931,0.9030942220529903,0.6171709512345058,0.855814607241277,0.9747750774863161,0.6459224637549023,0.8974118769742009,0.7362535454263509,0.8726634543019883,0.8430340883512342,0.6073097015218446,0.8891286571476414,0.8132456868434279,0.9594185834816904,0.9566863460711188,0.8182498411465488,0.8803474117375094,0.9578419581335205,0.8051470073799941,0.8613003822856853,0.54382601501322,0.572793705186623,0.9230670979024341,0.6782480851013858,0.8943193603749471,0.6308867807148805,0.6384181038366628,0.8659864291977076,0.7855226003472278,0.8721532205959298,0.8572361831914712,0.8967010346670428,0.8345987740863842,0.869286176685489,0.683764620740205,1,EXP vs ODAM
83,model_17_cv1_act,0.8629282227870808,0.8611665486073826,0.8115561829502296,0.9284470070291927,0.4446674840949329,0.9065756685034607,0.8989230419227316,0.8654242808560536,0.9713518295113108,0.4263047018369969,0.9163876700709265,0.8890812720408148,0.9344680044011154,0.8321170609051348,0.8355744615030511,0.9532846605201901,0.13550388110818531,0.7428742546068279,0.8987785725984705,0.8683578626611681,0.8942142459512671,0.8904427462592668,0.9271831628885803,0.4355215086461599,0.8945921314723342,0.8553975797749213,0.8888933839567538,0.615245484218749,0.9176462647952061,0.8872390136573115,0.6113350360741937,0.8931401058547832,0.967789402606006,0.7686784065359082,0.9249334130365603,0.9040163099242479,0.8240134210256511,0.9195137607572129,0.8401207998567305,0.7437088955266569,0.7155400110149899,0.45678263357608895,0.8650684678952764,0.537413631179295,0.6424342711019976,0.9640192752552623,0.7906379391025972,0.9620555891522045,0.9627529549169195,0.9028327240604977,0.8860868281848991,0.8882502086761975,0.7801041842535051,1,EXP vs ODAM
84,model_17_cv2_act,0.8402628348388698,0.8921787534218627,0.4967946006285682,0.9194967273505298,0.7120021899577413,0.5394339810294074,0.923066069743842,0.8722246001226021,0.8206590995472544,0.31938387639553556,0.8336777963918689,0.8847846993409421,0.9505430110482868,0.8251018940519175,0.8039499019104166,0.9401105346179824,0.45136150014215565,0.3281868456133772,0.8747724746299401,0.943740444929973,0.6219922137232248,0.9016685556208829,0.9257436764373456,0.7473619357409786,0.898617995344924,0.8762873408211169,0.8389993411871255,0.7774684169400715,0.7649127647697925,0.9703795107670257,0.7791822433734288,0.9108439470605575,0.940032443339577,0.739967552654455,0.7149094797351561,0.930745346274203,0.8005886829967541,0.897278567147615,0.8692127720397542,0.8268180987568648,0.8865591065921358,0.5284056784525405,0.864093494339336,0.575034239749086,0.6393396307811605,0.8271037833560647,0.8102720850268167,0.9022092085299533,0.9862081416482177,0.9144756837059723,0.8923595638067712,0.9247508246375118,0.7748280253652795,1,EXP vs ODAM
85,model_17_m_0_cv1_act,0.8613654002640285,0.8785301835972729,0.8642525074917737,0.9108774157685817,0.4680746693289923,0.7125431157137627,0.9329932879259389,0.8902398697883565,0.9674775376519948,0.5274908900852506,0.9048030592351273,0.937340240849241,0.9253125825628237,0.8256036536920383,0.8349000305505963,0.9272355226132558,0.27614732404751374,0.7113841778196077,0.9274745535937416,0.9256960064226323,0.7715822062097452,0.8682297973499238,0.8984468155883844,0.49671851562812996,0.9168941915896714,0.9138452123379284,0.8903430791231847,0.6714259587012457,0.8343374468708687,0.8947507471789414,0.5776475218056414,0.930800711476393,0.9374162650438943,0.8403438805992183,0.9343038205658009,0.8879155517517456,0.8211502361756213,0.9260764988152137,0.8069234143270824,0.7550629157692057,0.5548321397306413,0.36478549318404746,0.8738207112899988,0.7966216725773688,0.6405811412550305,0.9624261393538692,0.800031713525168,0.9538414403347836,0.9686854034678725,0.922623394585715,0.8904244567053512,0.891841230450624,0.8480832360586031,1,EXP vs ODAM
86,model_17_m_0_cv2_act,0.8402628350359265,0.566706570970404,0.8862443981857377,0.8898698202838752,0.4262763236394076,0.5394339824997418,0.8691398093110069,0.8722245999638162,0.7923876814571595,0.31938387624548276,0.8336777966575455,0.8435791849661856,0.9505430108279276,0.8251018944324661,0.8039499016240538,0.9401105349990154,0.3661097749043901,0.3281868454446135,0.874772475315715,0.9437404449217371,0.7991290975042746,0.8827189557361773,0.9257436764298814,0.8290663659376799,0.8986179955682043,0.8828431032236668,0.83620199405422,0.4816242252576127,0.8044493010792328,0.9703795107780863,0.6488367877971919,0.8882656362963218,0.9240793728407424,0.7399675521668585,0.9321263561534752,0.9307453462738537,0.8005886831512753,0.8972785671944972,0.7379423813602746,0.8268180986552179,0.5682565620574147,0.4002202886673136,0.8610105773916131,0.6906557725648922,0.642974659742407,0.838223162586795,0.810272084714813,0.9068199688613251,0.9862081419139065,0.947557358530812,0.892359563905779,0.9247508243947639,0.7748280258579631,1,EXP vs ODAM
87,model_17_cv3_act,0.8402628352351098,0.8749531445291234,0.8619385048700392,0.9137000408940518,0.5924042213956886,0.5394339821708483,0.9173598424972147,0.8722245996914432,0.8792223127888233,0.31938387522425843,0.833677796585542,0.8418042982829045,0.9505430109555459,0.8251018939798704,0.8039499016753169,0.9401105350717128,0.5148438394884604,0.3281868448847463,0.9046765549663764,0.9437404447277086,0.8932477131887577,0.8905644338608857,0.9257436764336653,0.8380987842108141,0.898617996231093,0.6287496845477889,0.7884370114592606,0.5016463184530454,0.7623523056495526,0.9703795107670473,0.7472952113963451,0.8975522798428838,0.9355218364809091,0.7399675529448303,0.9128253308489398,0.9307453464958564,0.8005886830614136,0.8972785666779964,0.8108557067636567,0.8268180982009166,0.9406433402068262,0.469405301458795,0.8701854164115403,0.7770176818691077,0.6409536079202006,0.9085777111809046,0.8102720848027386,0.9010414277515291,0.986208141830071,0.8526332457568115,0.8923595641162583,0.9247508242771019,0.7748280249907279,1,EXP vs ODAM
