68,67,1112,1344,241,344,740,180,342,804,49,1232,74,822,141,355,293,859,1353,362,133,930,99,668,33,407,777,188,134,1357,514,192,269,698,1211,796,36,381,441,401,1031,600,30,437,245,1043,383,1047,183,274,617,857,1079,1253,988,406,376,987,87,941,969,976,842,171,100,209,692,711,388,570,1023,327,1183,66,699
0.4516692765059519,0.7486997123816354,0.6374328483370532,0.6603573672644037,0.5008057862745272,0.3191644512929434,0.7161372860905804,0.2803974407518926,0.5326361402899209,0.5819717622342198,0.2625556136178805,0.5594276491105223,0.6624200470823057,0.3603405453115647,0.2736959663270971,0.6043371155464721,0.5520750130014869,0.46406291671398164,0.3578058583783737,0.4883577397373416,0.5145520202650874,0.6568317169921312,0.2577716014005254,0.5834913738531943,0.5457511124153767,0.6295777075300589,0.6867528864379484,0.5799516004740447,0.16027596829243648,0.3045908276730359,0.4821692489275763,0.30010290220812375,0.42328133806950824,0.5698405832337741,0.6321172814866167,0.7001669486725994,0.5636239935712924,0.5538373839729374,0.7271021729068341,0.6733031302121913,0.336329029828425,0.20007138614091957,0.7074412782041017,0.6810894336379693,0.8068847523096813,0.08519422487889484,0.4326837952663433,0.5835284137519225,0.6537435510217039,0.7099112059586897,0.7061642047371571,0.7390265381361588,0.2211429678375757,0.3173513809170778,0.6814225319495696,0.4920536535108704,0.3821543491436287,0.5331865806064822,0.6600908490394121,0.3614717152719111,0.6249604656036905,0.6779502858954282,0.6943939357281034,0.19648476565939188,0.7066451791050787,0.38041910539526336,0.39155297784597176,0.7958161202702969,0.24072077847980053,0.47907246924108327,0.4931204423077648,0.5427999108464417,0.7142193343118393,0.41920692978694984,0.5905549320612338
0.4750888425204846,0.6725750685697822,0.6795175225373032,0.6509269860552975,0.6674470041866875,0.22842538536795642,0.6292836291703686,0.2087503347383005,0.5722264462688424,0.7885945562055514,0.13911972510775444,0.4272824148374482,0.5681732219463108,0.2655492329854685,0.25884851362441746,0.5366159450506701,0.512723779526824,0.3832595640621,0.3032292940477732,0.4659688718310928,0.46217296574001704,0.7237706864125687,0.2611496972584234,0.5599732075517466,0.4443451073888882,0.4768219470862147,0.5885243714655481,0.5689959361432327,0.1995952274773753,0.3679885871659616,0.37514150106266475,0.16308330900075568,0.3882028260692331,0.43744537953736945,0.5906435000541276,0.7427084643910726,0.361361558443602,0.5084473980750664,0.6525136493328773,0.7378835024054834,0.20288100042537172,0.1396390816735091,0.6767533658368017,0.6859811791644227,0.7976209632966795,0.03180413065002703,0.49707667510426096,0.6260556554393711,0.7572808192604775,0.6198301217939757,0.520406023790376,0.8013799731182534,0.27578228223713636,0.3403652447138076,0.5478894818846557,0.4761352531863974,0.30358483141303544,0.46607168354096973,0.47228497158879457,0.3318069623939047,0.7065303095583512,0.5403548122157961,0.6560238744307043,0.08726942572554544,0.6572175099885158,0.3486205660342168,0.2539589765514375,0.6749823255522529,0.17115622576807804,0.36492513069393445,0.2761563819391326,0.5341774286036488,0.6912222196017072,0.3597594184888954,0.39773556490361306
0.3963418232804329,0.6515371451907063,0.6813748388373464,0.7261555124269055,0.5654432164131059,0.3883676748604293,0.6042942338837308,0.40287971638260955,0.4470385252092257,0.6032017972838651,0.2970405980064156,0.4998212397207275,0.6198578908527701,0.38718062321631236,0.3391014533126007,0.6033197094557374,0.5780313502581201,0.5669266877383263,0.4107335440391812,0.4096184603780251,0.7151234115765177,0.6501229043014733,0.4094871662626437,0.5611087138424299,0.6496471240788547,0.6688513672799964,0.5983256761072898,0.6661820337189377,0.1986008600129068,0.3178593649324924,0.579177084952977,0.32821655506612785,0.54696144310145,0.6084493744691777,0.5572665172646657,0.7094559911414173,0.6661106029649507,0.4766593970585136,0.5894922924230921,0.5524157462415427,0.406862549967659,0.3488083131806333,0.6931021682188119,0.6697868110320717,0.6776994096862259,0.14172157888311815,0.5241480768957769,0.6866485853145895,0.6458153689905821,0.6936123838047711,0.6279716340002012,0.593882950160364,0.19868976691616966,0.46385207051169164,0.6933217853324434,0.3974719921019357,0.32813638411129703,0.5388742054276584,0.5958771516846575,0.4496102041563825,0.5780921969639503,0.6979174144097269,0.6124722840441555,0.3249371341947767,0.6140307445200707,0.32990383147611,0.4855470183602995,0.7026547387751113,0.347265806825741,0.6319801964369629,0.6763209292961713,0.5653605167876252,0.5549613750863729,0.5134387777420821,0.6356167584111493
0.5313328689602812,0.7501872179716352,0.6851340053151532,0.6956414974204193,0.6004926546025156,0.20535968930889004,0.5783716034847183,0.24908703350117928,0.6051479658476859,0.7160935505949074,0.2690099008623336,0.4984702031382183,0.6835923933004349,0.3718328823237644,0.32937015721683205,0.5482941910967873,0.513461762957604,0.4289767224035052,0.40563160414900346,0.5517978014210136,0.5789575706170892,0.7090950696748753,0.28791565618728315,0.5673149813276903,0.535315455856764,0.6117608763950801,0.6609839763608953,0.5646378711625943,0.20355273883353067,0.42551591682460715,0.5267796171481564,0.24797562207582266,0.4981550277589087,0.4691751480363226,0.5940004604828222,0.6083657278675707,0.5031468906343303,0.48772930984232016,0.739243139424061,0.7152961749982877,0.2778521370571657,0.1735739676809061,0.7178834282817962,0.6752827251219421,0.8146249860479697,0.09391379555428066,0.5963234280121806,0.7435336201830893,0.7457782260323391,0.7274091091078612,0.6222497415931713,0.6588602846027287,0.22726546812922233,0.35824186666486446,0.709590719544202,0.472051985602477,0.3541138572386148,0.519235073571986,0.5305323599355787,0.3503431325055556,0.6956580491499867,0.5328485098552116,0.7082352356869877,0.08591486391095925,0.6533521524583678,0.42085981756244484,0.3510916770024705,0.6744148156775069,0.26105521693954054,0.3624351711941541,0.5514186596804754,0.5445857308255893,0.7201941716963319,0.3818809116871968,0.497667817215734
0.6093539826994259,0.8020615836277807,0.7607761597544807,0.7213747294114724,0.6375580128310775,0.3237812100339163,0.7853167286432956,0.31065010890512873,0.621617179668255,0.8301813169744239,0.30015512007377804,0.5846596555821081,0.8677534522039976,0.3957882799345119,0.3059786991995995,0.6746393527572861,0.6669581416048194,0.43360544104472726,0.5108906425053221,0.47889250630518176,0.6259100526968523,0.7774455575101652,0.3776928394216423,0.721343402090173,0.600824893147245,0.5956169282887817,0.7752560561821237,0.7055218091581672,0.20413319088900148,0.4094129181579722,0.5335732406208288,0.27724321972827976,0.556426403785782,0.7328285434709488,0.7051064646792102,0.7875915156512618,0.5675831710119522,0.5247047416536651,0.8007097217504148,0.8560687053448339,0.21197087076151502,0.2539457318932519,0.8121257702487066,0.8905141930095428,0.8850239395191672,0.10490070769807702,0.5450566535659631,0.9012439381046341,0.8426977874820867,0.8295114816742465,0.7676365829648111,0.8535267700625253,0.3301226840923153,0.36862052986730914,0.7667980762223018,0.5391912649940459,0.3803741085236696,0.626769699448249,0.6905981375267762,0.5527742019769617,0.7361269764489865,0.5636987744302873,0.7271118376557646,0.21047050517962512,0.7541582701887507,0.44488807643806766,0.44615175064555823,0.8334903495857394,0.28901957709945564,0.41204961108730903,0.5858753408551343,0.5619317185975868,0.8964794365699265,0.4380976784031961,0.5711078707253595
0.6188818252872048,0.8790823313027397,0.7876035117829907,0.8704740753145399,0.7195678991715958,0.4402274524551216,0.7812607153589919,0.4630993274716437,0.758804301904437,0.8326097616820992,0.273465970064603,0.5638303781011571,0.8069158985130792,0.5001434473592994,0.5979659406547208,0.7195667087712475,0.7143959682157761,0.6262264785752837,0.46698531080504224,0.6208725935404017,0.7415490234497593,0.8696167526667722,0.4788725808429936,0.6915732084638866,0.7108309047262074,0.6335666193963935,0.8334989795173234,0.8056850085200002,0.17765627691756733,0.35168187426598874,0.5898085962177656,0.372618753627389,0.6022913252427932,0.6284453497305826,0.7653977238098958,0.7066600761404584,0.6048975030512879,0.6435427959739077,0.8114157581067422,0.7542514204871751,0.35911518809680554,0.369557194489883,0.8691307248429937,0.8381060678614503,0.8852669561909617,0.1527784359342903,0.6079943601579836,0.868423344310707,0.7910849256674237,0.8132894771563132,0.7615622674719981,0.770236222347902,0.27256524223537765,0.5049695655031325,0.7800557670114829,0.4684271038304171,0.4052700541412936,0.8609454402657076,0.727664262724573,0.5405542635094885,0.818860268229839,0.759140080752382,0.8022360063142511,0.2480987761261226,0.7717670862588728,0.4482756913601461,0.4870795323328735,0.7968324003569255,0.15337877787122633,0.5280362742273402,0.46859269846366974,0.6368423963571421,0.7584450873429704,0.5175317233379398,0.7581470276546841
0.524518879257731,0.8912462147409792,0.7605604647917391,0.8804693335902947,0.6701255738627748,0.5059422662408591,0.872533832448683,0.3696898801155948,0.692711537091695,0.8285733757536975,0.325339243038382,0.5428160440408137,0.9120695498768946,0.4703051559455772,0.43184350322580833,0.7528834316248643,0.6968706157405512,0.6378343333507595,0.4944865555935106,0.6559611487548037,0.7093903482895977,0.8455476373750656,0.4336197509550546,0.7349491223401237,0.6634096179191158,0.6113772967833302,0.8819730678101951,0.7600111143541765,0.18675497317395656,0.3328452190624954,0.705143428740617,0.42185616879104815,0.5038720083656631,0.6732767612477779,0.8372171385695455,0.7794183851364347,0.6400922288447085,0.7382567536249675,0.7764763757997217,0.7920672626178973,0.45560913761908456,0.4158549099028135,0.8924944561291835,0.9097009750144791,0.9232141940469671,0.1645930820685633,0.5995852679805902,0.8277385261072601,0.8499772651977145,0.8115779499838761,0.856906585059621,0.8188831970522856,0.23707526511219462,0.4839441122001815,0.6577560429994442,0.4676496202568768,0.4232904676418964,0.7747097702526334,0.7168517335488366,0.586069489278235,0.80914271007641,0.8164041101486964,0.6799157601746645,0.2771484640262399,0.8496921628124776,0.4294929509370734,0.657624511421678,0.7766242037598836,0.29542973609429257,0.6384995311846777,0.638800081810822,0.6727399937962361,0.7752607650618576,0.5116759705679904,0.8295319941703786
0.5555331535605571,0.9151208502940429,0.8082387196962864,0.7816258849940003,0.6185469604237378,0.4798600192529524,0.8744857078437459,0.3562373558424014,0.7739073138118137,0.8372546690204459,0.371522506266325,0.7738556342964282,0.9004103725563367,0.5019993855401597,0.564070473300599,0.7600922732022345,0.7126940752944605,0.6014458094989164,0.5820085290646025,0.5528263520487974,0.7630354703491092,0.7897667271405131,0.5293146649518906,0.7426111639098978,0.6833255585947254,0.6853816031366254,0.8366981348323759,0.7436866383013615,0.21159163928751532,0.2732558041004926,0.6808916927266566,0.5819187066976832,0.41063454532643434,0.454497627613227,0.8444387319498132,0.7566950753166198,0.7995495083516291,0.826601483679189,0.5960884735204228,0.7753832499212491,0.6524222487206924,0.37812620209174774,0.8542816833049984,0.8362201413303147,0.9029435265347481,0.16762877759667283,0.4965520406609728,0.8994673540217438,0.8919907231499145,0.8341878555998306,0.8299480100118036,0.9124403222356794,0.31453963595699214,0.5435605415893918,0.882719705669188,0.44815612151341844,0.5118460270269534,0.7526736574351965,0.6498199458690864,0.7978370079452065,0.8330972295986316,0.7721793671591274,0.7377508096616044,0.3669464556140118,0.8901778625924588,0.3426398093815344,0.5302975098486724,0.8133608287639261,0.2516668415831829,0.6748869945266749,0.5224517516777795,0.5741024263945834,0.8960320409915148,0.49739829178200934,0.690220663145958
0.626434308155562,0.8698340400407019,0.737603254953813,0.7503608099550082,0.6812684007169029,0.46559024922649733,0.7861091710363964,0.530576550944824,0.5705028908851417,0.7044145330573204,0.36991885076530917,0.562076418198983,0.852885073139219,0.4014998163567124,0.5529755081026299,0.6431620593197389,0.6002031244056256,0.6409391395908214,0.48312751587200603,0.566420673430224,0.8581228854801523,0.7832823145195928,0.4483860272086118,0.8128144112800215,0.7562126172511878,0.6827297090156266,0.9006341389912329,0.6813303746153918,0.19844091277616976,0.3019861483464001,0.6627576451902323,0.32241203335028384,0.5590957175898654,0.7967119740691574,0.7895394811359898,0.8100396956115657,0.714041848755379,0.6207243230957467,0.7755410567157293,0.8496004810313352,0.42630866092822756,0.49584039556530973,0.8566505657057983,0.8782907742806876,0.8568202493339883,0.20105605311013205,0.5197780979467311,0.8579415950583879,0.8013551807904504,0.8258623108571085,0.6278841616082613,0.8297757613862043,0.3660613526395491,0.449573843905241,0.758573053505951,0.49015871774196784,0.47584244538877063,0.8438492748564775,0.6046399772779009,0.6906290760107244,0.7902276846325491,0.7851791678825922,0.7464735737177887,0.47509322654737624,0.8233608983790628,0.46380706207604283,0.7560035398026567,0.7202997429079188,0.5778209294813259,0.49232494483203154,0.8810342658546304,0.7422160187629776,0.7449371105480863,0.5686624667723913,0.7809938355328454
0.5806217055997784,0.5987340262113473,0.8348620024964659,0.8574878673066957,0.6459696893035859,0.32073597776505336,0.9218542742523103,0.3818316790965908,0.7611847240584246,0.8659422688383237,0.20147772190073784,0.7496006298292864,0.852414648390789,0.47284438615106594,0.5053655443698911,0.5915640094415415,0.6980090720861183,0.6586871014275897,0.420015188938576,0.686758635136486,0.6700408741304548,0.6313956121272318,0.4135957094717651,0.5823718714103623,0.7409200989068847,0.6416269724801669,0.7994567410856392,0.8570583411295007,0.2937185891136815,0.5415943653504692,0.5675693396741692,0.39134235341386564,0.6398428277257869,0.42741104262423113,0.7805799866136204,0.7456755379157397,0.7602841708039536,0.8227767162292281,0.7090286456410525,0.6902211200271826,0.5529890327791317,0.28473142270901525,0.8790834506376224,0.8963711623003678,0.9237766271065504,0.16352089849795384,0.6281433189385709,0.9109542731040552,0.9218737580262292,0.8146393447668595,0.8080058577341084,0.8454261059993599,0.47300522464677935,0.6751133070486854,0.8798501605573124,0.5261089616687183,0.47966884462792003,0.8450313051248701,0.7986749994264534,0.5650732816774425,0.8956407769427985,0.831974127018871,0.7603570813223777,0.17339861287855637,0.8790328245671178,0.4731712398367023,0.3670021975354726,0.8376028955597001,0.34423622693912137,0.8201213375552122,0.12460878442134624,0.6976104802683989,0.862094180942045,0.46247010796178034,0.629581992067909
0.6282848053971676,0.8333986959264701,0.907425137208737,0.872768133522218,0.9155122428314055,0.347698911181313,0.7902636123152361,0.4238872071866077,0.851534438981483,0.9396808270116527,0.2882607756558107,0.5265375961961836,0.9353380098204819,0.5892551054047547,0.4432148257822201,0.5937520766302171,0.7596344943652917,0.7323986518745053,0.5125738352819174,0.8329941784246352,0.7517008402494318,0.9234362025948115,0.4473258106333958,0.7875831836913687,0.8083088022563748,0.8024119060118595,0.5293685265385497,0.9108149583075673,0.27433361416891694,0.30745807852268064,0.6393529127124713,0.35501865793351994,0.717832184677796,0.5275138351038874,0.8772625426800007,0.5501755077524105,0.9011167756456616,0.7673436188038864,0.7860509119279353,0.8626805024012771,0.38011647131613885,0.5227643588678283,0.9647489116966828,0.8859841427193081,0.9505833238584994,0.10583761510031725,0.6735222700904903,0.8854757427264416,0.9041943694477429,0.940889987868129,0.8894289581158467,0.9541594760572806,0.2989930601001007,0.5996363531715739,0.9326126012170142,0.5224459707924402,0.5205865108605519,0.710157717434721,0.5716743312899246,0.5927254076258242,0.9394014832618603,0.8587166204345659,0.8551716103241255,0.3347207977519214,0.9471643253163867,0.6015935071925841,0.5489647216983254,0.9517192311051752,0.42929243716697846,0.7923776252940898,0.5076717284263695,0.8575627161094055,0.9705095315259075,0.6601057805358428,0.9060140899189435
0.6476928840730807,0.8321994939320223,0.8920714942937531,0.8631798345853271,0.9368620068727878,0.37306386715733975,0.8588633164625356,0.3703667918444281,0.8937681636760326,0.9518391775982553,0.3093586719932077,0.6253883870783393,0.9244988027302958,0.6751311629883073,0.37771018965135195,0.7883851770559006,0.7354937341322972,0.6195203167618532,0.49182044884097254,0.7867505521334073,0.7130302476451544,0.8541988163998515,0.3030588493653204,0.6823646966534241,0.71995728999615,0.7059662796296439,0.7078419080638338,0.8607388806992116,0.347338798425447,0.20128528496709638,0.4687875309476275,0.5255449530557516,0.7176262353896135,0.596960323708126,0.919537005104956,0.840685012204885,0.8765132173117668,0.8895251109434601,0.820220173595009,0.9320630849684939,0.6201274283971464,0.5593216820892899,0.9680251045754517,0.9222516122892908,0.9543957141109252,0.25814643755535827,0.7205933436225552,0.8813957809662942,0.9488334605462302,0.9261482822287537,0.8747840960295432,0.9372217526143943,0.38696312827906826,0.7135172934721125,0.9655754324573271,0.45946813107038287,0.48974169457346245,0.8419445398954654,0.7929894018673381,0.350073624681861,0.8248645230239504,0.8154839910469072,0.8438136778379456,0.3366444527471404,0.9245013202918866,0.5238547079336782,0.5182655930641118,0.9525818320952653,0.2825958391843603,0.837571517314343,0.6253908321653975,0.7748279634982588,0.963697651226269,0.6164187360447992,0.7906512358610881
0.7815681513228139,0.8861951595109651,0.9012103895900819,0.9341577370977463,0.9523173367554976,0.3743760892391993,0.8892294840049593,0.4393946088936164,0.9130366653135824,0.9797296313280668,0.4235769089746716,0.43230401762311693,0.9607513143487019,0.7199344724280693,0.4786800336879233,0.7717629942188937,0.7394496526302565,0.7026047754826503,0.5220113988484911,0.8359386325938971,0.8529835583745741,0.9532176180933377,0.3935265291749072,0.8528308906629605,0.7923565645997163,0.7388837002134998,0.8730306135501888,0.870467174002286,0.2892416986439845,0.26091962981787736,0.7684838811121718,0.46518084608098514,0.6243450528179456,0.6927543055711494,0.9091926627027365,0.8768512978714821,0.8929584947151252,0.8636747106167663,0.8809132872701808,0.9695641871306576,0.5992255694150106,0.6247188980393216,0.9725781911640792,0.9721919329656981,0.9935865098998201,0.2293312350788437,0.7567278795615102,0.8719558038987675,0.979074237122466,0.9817801585172754,0.8362305922610098,0.8429843860693186,0.35471937335646087,0.8239103031745078,0.9425584086834214,0.42682715607122224,0.4314102295907929,0.7124506125690828,0.725076087169812,0.7372509421918167,0.8779446426630797,0.8887194864904024,0.9424823732467446,0.41082394791509014,0.9642491145543601,0.5639811696233701,0.6092199586098628,0.9275935109276623,0.49295856455227816,0.7760588846466304,0.8168576744062322,0.8952275489016638,0.9836073756224887,0.722956054761834,0.9130334889834537
0.802818788780091,0.9199856008630216,0.9340167674892841,0.9425035629595236,0.9574179428107045,0.6143253931509446,0.8129562789161587,0.6050291574910903,0.8493332573654344,0.9801998404413711,0.4817641917616426,0.8090612620745172,0.9677670648247856,0.6470838423467986,0.6147979057380275,0.8767518110610304,0.7047809498212517,0.7936725980523593,0.5999098940718501,0.7623045045065819,0.8838932200685936,0.9646777911020511,0.4937020102044465,0.9236416594121267,0.863796434616455,0.72632510753694,0.947774698359396,0.8337519442063798,0.2474886939837329,0.20824427173466104,0.7858513233633383,0.5248134094863579,0.6381525525729999,0.8219810489758698,0.9182469218711053,0.9812206938271038,0.8433179660253225,0.8260164464754117,0.9671970508906432,0.9509845589472581,0.6130975567428728,0.588590217577596,0.9765772889901692,0.9794544057413783,0.9751890495032313,0.3319464091877464,0.6611095540678865,0.9723753133388181,0.9692855953631028,0.9596809506653041,0.8907293914788122,0.977003268153264,0.2838701567298194,0.7865973839922669,0.8559056612389707,0.5726463291922096,0.6099796198466314,0.9129528586724903,0.928597464561743,0.7523591294166384,0.8862464544879894,0.9156692252538967,0.9572718219410362,0.48485888902761315,0.9686894624974758,0.4836012256504901,0.8744094972438585,0.9667336202885374,0.4863247180410287,0.8405053759618956,0.9227211404091625,0.8948431626266838,0.9814443574486496,0.7265834609378257,0.9488377489096605
0.7268340152122613,0.6119370680699318,0.6358211727688194,0.8328446406041657,0.9237760848980113,0.5706331434714879,0.8430147450722629,0.6395098023668856,0.8393915867577031,0.8793376804978037,0.41540750917192554,0.7912224193052236,0.8934786333500913,0.5391092782871703,0.5465649050563057,0.8588329499369827,0.526711057193041,0.8543533709728361,0.6487437639898916,0.6005706719052818,0.868024902371709,0.7808550490496561,0.4938699713840853,0.8663893931898465,0.6749894657853256,0.6361699087797326,0.8496064455888074,0.6468092687550588,0.29309098737206146,0.32780988038808534,0.7970209515726916,0.5107519005406265,0.5164737966288558,0.7187109052025948,0.2873677900281249,0.5866773777614033,0.6953772198267594,0.8549295791350673,0.7185998010713878,0.9570361429480498,0.6636631554133723,0.6060471744770912,0.84415607407911,0.6989730199407687,0.8725259628708217,0.31702224255980327,0.5006619887685919,0.75225486574355,0.6834206974911129,0.4825004784809825,0.6738363703679614,0.4418324116548792,0.39590286051969226,0.7993654589050895,0.370762312633867,0.48215395917044995,0.6337741413688828,0.5893597482158893,0.655518873750541,0.7788021085672552,0.893380620685957,0.8431390663851303,0.8722412042878527,0.6003286920833705,0.9151003518847269,0.43980006604162636,0.8228270735776729,0.9008362240563063,0.46552008069642176,0.8222098030095216,0.9167500521194218,0.8374055179104527,0.8778495796698227,0.5353607588797525,0.8926043691970527
0.7842474356245593,0.7955851774965218,0.8889797428728237,0.616120491876385,0.806052577998099,0.31510222194950405,0.6875461901794823,0.5753373692969472,0.8147586746309478,0.5966423772550165,0.3551589450900516,0.6636232744414937,0.7991807152429317,0.5067164942198169,0.5654567990573074,0.7957853050300142,0.5986618942937034,0.7647391528118515,0.6028214466125436,0.6536001592607951,0.9109517285820302,0.5976134327789754,0.5755700228496688,0.7213332670533558,0.6800662842878684,0.7200957150084145,0.8445573331446882,0.8749093894365765,0.5300288420009704,0.45655346278131004,0.6428493415677072,0.45609681970514215,0.7102921943358154,0.7904166668205042,0.4272625584045556,0.5131733242875481,0.744670547168113,0.7517764194305361,0.8063042608837873,0.9133542273237517,0.6620445106189713,0.43808259178192643,0.6982325809467224,0.6210827946816999,0.8662383249415866,0.3835682484251913,0.5799473467816836,0.7551203804917728,0.7702130436649884,0.4448939680821298,0.6822355628334182,0.5624550928150119,0.4723004781639366,0.8139503203786014,0.582680089120727,0.5180627638824075,0.588916395986608,0.6170399130128643,0.6127560656980036,0.8200597979727536,0.8988695035564332,0.7130368138012221,0.902192991788206,0.5760215747596263,0.9131060896485533,0.5921720228842927,0.4507420115746438,0.8491024323917042,0.45373872560281947,0.8209561710417579,0.8617542032711887,0.8639585139529385,0.8103142829631889,0.7093202205779885,0.870097316763254
0.5017615151302008,0.5920794350797225,0.6031838936826633,0.8410901077026061,0.8933212342081205,0.615497890151222,0.719673962248462,0.731244121137894,0.7212307926174447,0.8754790055865463,0.6430394813812668,0.4641909249760018,0.3926575872240909,0.41833265204832526,0.38199322697347043,0.7406411783828447,0.19182505222241963,0.8491535516266169,0.6214319090165255,0.45053725034094605,0.7850246767282797,0.8657917243942584,0.43594996355191096,0.8082204674279715,0.5376024654625026,0.29655368962476164,0.7285953914230082,0.8098825511849107,0.23157811099726375,0.16532403989849848,0.7417841845532628,0.3509286147655982,0.5025439030672082,0.559211404121905,0.5750212674132128,0.6969951837533268,0.6395809575236233,0.8098419268751074,0.7792036420277408,0.9088972649487445,0.46533215314035703,0.5729929615291098,0.8905096804932203,0.7508582972527464,0.7867517210203474,0.2480380583434159,0.4550420871945132,0.7108406378096386,0.15044058301023108,0.20636599712896925,0.7355905994118379,0.8662567974284843,0.27572548578592426,0.5934841299873997,0.6425479285047179,0.5830272696752249,0.6868463474881923,0.7932338192841599,0.555212473678499,0.6117831965264867,0.6618968701496731,0.8810499293364492,0.6756642146508041,0.49283341378580753,0.20666009822487458,0.5078900226984383,0.8326324909219408,0.8962039812386424,0.6041327292830027,0.4484046195851376,0.8778029419895358,0.7001591252383477,0.8421674934999919,0.3390149058732785,0.8679561929367389
0.6741898896572809,0.7633567385218613,0.911946867283662,0.5120166862381058,0.6973644654574059,0.12712360803365785,0.7213746123616036,0.5416266842488718,0.5831864058562292,0.10161231880648794,0.2400990797129373,0.7253421743744088,0.8602750160180788,0.41591542787954466,0.7025027941599276,0.7892870070107403,0.6095649764436575,0.8512576746898984,0.49165224648640327,0.3628751626378788,0.8932238287212454,0.4946683163504447,0.4633810298841501,0.6990736060819039,0.6232931807335417,0.6794362217926623,0.8455798627813936,0.7962307766048495,0.4473128251138771,0.36520781691687865,0.3857553318211087,0.27637552684647454,0.67348925125582,0.7784288444992902,0.43763546409134363,0.5134769196041675,0.6039897733598667,0.6414524889622008,0.7387832436716911,0.8265102969321648,0.6632908499560967,0.370462111058035,0.5445838504157082,0.685682764600347,0.8108043863973378,0.319105305126368,0.6274796840968049,0.7275089813675042,0.7794981372500988,0.6360793969232725,0.658033282195155,0.4782645561190767,0.6108859715121558,0.7039567217243493,0.24924032678750085,0.4649934932891339,0.5120422569306705,0.15847621458425032,0.5684975250172802,0.8501966488389535,0.8785102592069082,0.7884358123038879,0.8485109491445336,0.6454630159271103,0.8634710647839585,0.7404943052387144,0.40147172644447077,0.8318575468998697,0.48755544290632546,0.872996719399896,0.8039591801301147,0.9028050020707218,0.7790467856628864,0.6149986163989217,0.11058983087144034
0.8218247096605942,0.5103273139939835,0.7688613008362448,0.7320923815853995,0.7206125157125237,0.5710049538392422,0.7073840381646209,0.680982112728972,0.8373870394013083,0.5351370968866003,0.38483269483456967,0.44676580448684106,0.5825192611613376,0.5154278245188106,0.7162704560622057,0.792104303928581,0.7396597659143468,0.7140813037960301,0.6763006268292676,0.5884770288740919,0.7587491167503594,0.6152569220813188,0.6193210662540719,0.7077048047281461,0.7592459320188572,0.6895359340746237,0.7275373559356629,0.9117855483252396,0.4744142875905074,0.4550198144993142,0.48268628468413366,0.5081869312310673,0.7754974432013585,0.5912926371959913,0.5960985773838303,0.49732886590969866,0.7455950212539214,0.7168168017561619,0.766347616400532,0.5096807237642786,0.6533905004014777,0.4177564730319369,0.5850776778913127,0.5369452427660417,0.6842301133825122,0.44654822912186193,0.7010057720984166,0.4746102053432262,0.6036797889263414,0.7256600265933314,0.581202994769239,0.6297134722788882,0.3554806093348544,0.7177819807312829,0.6178143549254506,0.4982499170116072,0.7477027196676501,0.3658813420497341,0.699712912424825,0.7092088322461264,0.9078798916996971,0.6885479486868303,0.8607032320537976,0.5670356695510028,0.7281241695355363,0.777177547119479,0.43581861369524605,0.780782031778794,0.6160442249240303,0.7272620525183106,0.6314582763524156,0.8066617291871464,0.7526498168261131,0.8663128191906211,0.5445664394534752
0.857201376066045,0.5437000824951791,0.7059813683649543,0.6842503908679158,0.7956088296552397,0.5763203769361851,0.5441512099306111,0.6634879117555228,0.8179620372172934,0.47746699011211624,0.35179224064704623,0.35977274538093135,0.618078647804343,0.6065659648119444,0.7205526514945594,0.7248685655345024,0.7364833628752748,0.646818847357422,0.7184595512644869,0.8019318927584804,0.8188153331918474,0.632851435964581,0.6361685154276124,0.5923954348163674,0.6291305809666159,0.5879547155569371,0.7108434789851612,0.8976214089256425,0.4454813845357552,0.5703656032379277,0.5489833034871894,0.5061599335842772,0.7440120078747436,0.6511944005290854,0.6739502027372366,0.4503167667311737,0.7799739850109699,0.713740944932044,0.7251447012872091,0.8010557912769859,0.5373150783012438,0.4651381507185878,0.8023028758406457,0.47368339747831056,0.6296460933354452,0.2689568074341382,0.5837013357456488,0.4829077095969884,0.7490701232477072,0.7204678506509757,0.7881310557652216,0.6620144087262574,0.3958386691149739,0.7518684188612924,0.6778817233612884,0.5692628722206674,0.5182056433774452,0.5505365375892673,0.7258463131633045,0.7098677955716541,0.891160876885612,0.7018594927229025,0.8824321973734183,0.594254251574825,0.8220218120100559,0.6560189026284786,0.418783556254936,0.80840776611323,0.24769304204016346,0.4001552255312789,0.7609533136407773,0.8061292176136021,0.7230148957595232,0.8606459772817447,0.6823076251459715
0.8117843129542274,0.6009838988628201,0.4663856659701195,0.6816842027326229,0.8047873967712689,0.689325033063769,0.5717032748369937,0.7225627286599603,0.7760220261128802,0.6217657051452272,0.41823539051842157,0.5092087363569916,0.6052424444349669,0.5473481671947487,0.6947411545002088,0.698454082264567,0.8218623891587935,0.632928986046556,0.6891394623629293,0.6845622688954791,0.5953380365691234,0.6530572767223952,0.7468036324943561,0.7147127596164642,0.7582615240060989,0.5336593151553706,0.6003739113913282,0.8540849246711485,0.6178641161683762,0.683367958587024,0.5175637147577259,0.5970607421502601,0.7607377090529291,0.6132062274145575,0.6462841519758566,0.5411328868404585,0.6950422996892416,0.628219477379376,0.6533753082112211,0.6083537294456541,0.47634932558895804,0.4951141142850859,0.7172197391572201,0.5822345186040745,0.6809124711011094,0.3720489232860235,0.7046531916106902,0.4918159769318643,0.6099952314077194,0.52698466440999,0.7334783950514309,0.6759351873370066,0.3872241736368021,0.5669759947354253,0.6530541208428079,0.6675167984541455,0.6397219459243969,0.5732220006281488,0.6619047115848532,0.6930172072962104,0.8053088778215449,0.5697374903359317,0.7689186775482711,0.5531459461762932,0.7804928683005846,0.6696863294957387,0.5849126103065009,0.6915397175487026,0.44435387176243635,0.5711894447483331,0.5208414984048709,0.6769953069848464,0.6217434398967328,0.8245318721190599,0.7338075254107264
0.8121572003744983,0.6937067954179189,0.45515683365401877,0.7187332103483051,0.8522633663180691,0.6165703274366036,0.48556370629192164,0.5765677246264067,0.7441768607849291,0.6411933892503162,0.3899975876563117,0.58480664454209,0.6415219151782424,0.6260158193102503,0.628680662555445,0.7068996991342217,0.7744638891070377,0.6808459672122267,0.6432066291373121,0.6898825499647515,0.5065573158934888,0.5399840798282819,0.7446725781768146,0.6229288273450705,0.7721517199376446,0.6926851803036344,0.6531341859221929,0.841885546591329,0.7298514199723567,0.6545459629808966,0.5125031054001942,0.5911318024462581,0.7682566152647301,0.6514344017214023,0.5328039968492241,0.6679261984444097,0.743044739386847,0.3463799315785306,0.6500391089555736,0.31942902940167295,0.366003242742134,0.49335620709081623,0.6341413343230147,0.6621955108872266,0.7178545723083133,0.41498058180167846,0.7286460437325379,0.5355756792750002,0.6572345010751764,0.43899938900034213,0.714215855828248,0.658638182624747,0.5652967369652766,0.5461392130584135,0.711992490962304,0.692297994857143,0.6848807921461809,0.5704351815521527,0.635106736621017,0.7282338622613004,0.8158622044255941,0.5643283887562084,0.7540358080194992,0.5391834306031187,0.7569650162708018,0.626741524767685,0.48236102331316066,0.6453905103252321,0.4730972164764853,0.739530376485843,0.5059984948401117,0.6772369022541262,0.6322377531603164,0.8279041758990061,0.7545773223602003
0.8171703957727623,0.6099351272940043,0.4464641689298986,0.6344712541550253,0.7986648215462242,0.6115913528216033,0.5372607432189421,0.6092620855761789,0.6131312895722981,0.6146959529179948,0.4402308997115952,0.5749135585710538,0.5747149100420689,0.5372232948881216,0.7012316077895059,0.6451757234522761,0.7721295809531314,0.6261349492289202,0.6878466601489656,0.656732806641855,0.5044173501518949,0.5846406986309631,0.7651612648201763,0.5651590951516313,0.667325082999204,0.4926719776469034,0.5099004013440961,0.7574237002919528,0.6354127190443074,0.6083646825821788,0.4813874340839473,0.6413195635642128,0.7190682659233404,0.5844552229621678,0.4911947254881466,0.5678326300539371,0.6710591176361419,0.4483270737002746,0.5370005908359771,0.4112488847434562,0.24481375523623267,0.4983294231712751,0.43277477570286743,0.5959559177840158,0.6181372909572553,0.5464110975263065,0.6866491650101416,0.5147109861926267,0.6049004613767431,0.4324718147490955,0.6301442021522607,0.6089614288827448,0.6055410083851318,0.5603122138217365,0.6493787243539214,0.6773396069340575,0.607554751017207,0.5052668023095847,0.5842366091969952,0.7232038080260516,0.7339641165889331,0.4925354924297124,0.6188402561358531,0.6176800654915877,0.6603015186130883,0.6447775779269646,0.5646165204721753,0.587511720058594,0.5403560430504494,0.6949947586750727,0.5008399402336591,0.5497965827254756,0.5820266728510536,0.7769700232653478,0.6078447618253733
0.813092006906709,0.5962882086186577,0.5147636351043927,0.6385311419495423,0.8211463049448303,0.5614842984670135,0.5759743989876713,0.7308191143837391,0.6572647424342649,0.6084404599490766,0.49078081074849955,0.5537523460456552,0.5212663079387007,0.5198886451845813,0.6323385759698162,0.6513461140815209,0.7485000441122069,0.6866110019198222,0.6758004831875195,0.6391740420490988,0.5397585050126924,0.5763304120927939,0.7388707886923075,0.6943074681479176,0.6698633870718165,0.44420134288811247,0.4286328805291987,0.769209762072187,0.4499868470157133,0.5190792373674916,0.5190932795415375,0.5839674931994997,0.7304204869588234,0.6074248600579857,0.43275869417810525,0.500839737073595,0.6794159396558495,0.5396541813525005,0.5862925302946075,0.6153979994891566,0.4757710792428528,0.4816121109345513,0.6260476512423795,0.5862316180113757,0.6024516301049142,0.5558806928948862,0.6458946926644973,0.4484336926071262,0.46993021491597986,0.3928676126877136,0.6351886498989658,0.5432432260449885,0.5051237755118045,0.6118277194302805,0.6251092410958637,0.7201111060699747,0.6367539370163692,0.6521759884162596,0.5816877247556537,0.7196718408025181,0.7134663660156803,0.6247957137942849,0.5645040714404406,0.644519245285582,0.6204331534809596,0.6951994723137208,0.5625069641401824,0.6174554977772546,0.4669438573136639,0.6109338906698351,0.5710843869135311,0.5099102922338035,0.5738788236831709,0.7192074603811213,0.6650710720353358
0.6501490748120939,0.3919118314392889,0.30559365782726144,0.3266189339897047,0.5312915592533781,0.466134693166658,0.4458836675215831,0.6849047327041294,0.5860357299472303,0.4074688051593307,0.4189382414269313,0.34242990362444575,0.381150739230856,0.38656413401951173,0.5818622859094272,0.38903180727259074,0.6552370474458481,0.5901466892770267,0.6764516260319052,0.41869509645617614,0.33684749491503907,0.34506680933278017,0.6414022435483614,0.599341374967448,0.480985001802535,0.34642587128792457,0.21275319781312968,0.485626916920573,0.3862138737777664,0.5453408663576969,0.42847660165094864,0.5720309423596965,0.6431998845727425,0.3777564002416449,0.24656885596864206,0.40585366751539825,0.2409036044005012,0.48181829259217607,0.3300167345534573,0.11918647394331196,0.374578698057463,0.4573731737199196,0.3813439666411166,0.41545541501310784,0.1586462568670052,0.3898235543066968,0.5862288503271439,0.4502133033052241,0.21850560518904125,0.28907417215335396,0.24547320047912463,0.41701755273327507,0.42598934455637805,0.4901672852809915,0.26222217101523204,0.6404484295562228,0.5793020743963586,0.49203515625650485,0.41853220649495854,0.6329885426121847,0.48213846584546727,0.34335001562482187,0.4509645990132655,0.6315748949385559,0.18891840828263226,0.1505366715201298,0.55016178481401,0.3477339448827828,0.4045185664487045,0.12520286470385,0.45981761405211324,0.4601441183217591,0.25992339225694056,0.6432061636322368,0.3166623430270003
0.5292346961245212,0.47891741923206177,0.3299870805603771,0.30042144893260925,0.6085787699402649,0.4186189739922915,0.3995086929855437,0.5835634286033797,0.5812771161542934,0.35960123065531474,0.36212000091113833,0.3758065746852536,0.3947098908116755,0.3572819784475027,0.6212839759286293,0.4295954141279319,0.5859819392187169,0.5711030833323507,0.6461985727147704,0.4287846696309638,0.40768454946461974,0.28783973618547026,0.5276120066634976,0.5904240819819826,0.5759088727299226,0.36192482316909164,0.33331526507925324,0.49603438179022125,0.33220305392523614,0.5376599648010063,0.4099459042998302,0.6899245684380415,0.6198464629308935,0.41505068612561524,0.36880830375682544,0.3231799532577278,0.3654750958127456,0.43662585168768486,0.39204071492142323,0.3249017610822114,0.4800481982018991,0.47186575961004934,0.45142299159032995,0.35517657447383083,0.2897234940378236,0.4370076843999892,0.51784182307317,0.4483767519662286,-0.02491989527442955,0.3283205474556169,0.35796456650153663,0.46648945425481125,0.5910030802791628,0.4288914943267337,0.43569370991647366,0.6336253420512712,0.5204687539750141,0.5001017281041471,0.4053213209627352,0.6679130468143011,0.5672158623460262,0.306579622593006,0.4253801444428694,0.5456470907892425,0.10509775453056522,0.46633521862182525,0.47514749404259365,0.37264352260235045,0.37541417408316385,0.37190694607692276,0.44353321468874957,0.4866227935837149,0.26527279811045185,0.4165184110289374,0.20139717771448104
0.5670484930322116,0.4145533582106169,0.3142136516964207,0.41134282113630316,0.6585634630840621,0.5856548019640594,0.4351096432323994,0.6387158808417759,0.44428828812379245,0.2897118905973179,0.4731006766855937,0.5215004481734032,0.29269158607724877,0.5095269941225,0.36551674597128264,0.3757263675107946,0.46316122328312,0.5918741551545659,0.591132768108949,0.40273128089742755,0.34413450972131304,0.329853193225622,0.4821441430861985,0.6395457977818797,0.22978799076298959,0.3904802502227049,0.25741374386608185,0.5346005207807563,0.4190308707188305,0.5100591807901983,0.3656117092430435,0.398044206250291,0.48101325454183225,0.37920489385844974,0.43538755793514694,0.40626813918806676,0.4186942985470688,0.49667545811401104,0.2813405548473509,0.4387681069887636,0.5022737376549035,0.5553229820160974,0.4827114064088867,0.3157748468180678,0.21289565308340067,0.4240793548768633,0.5711404501453959,0.37979319579223597,0.38540706587221485,0.30690903324020147,0.20814040503981066,0.30796548969122833,0.5199432593608005,0.5324273426534161,0.4589665211874126,0.44900121842138263,0.5626785817737844,0.4880288200823092,0.46327881145383254,0.5587746430664162,0.45830713007490465,0.33935669759135717,0.4918579881363262,0.6364846599646384,0.4577542410541057,0.4154935243745725,0.5183657596665453,0.4434983070973499,0.4440185425031575,0.3998224815238943,0.5221058162406009,0.471813148636332,0.4133146013753354,0.5714977438449976,0.47053494741609825
0.5736233322745694,0.4666075772901555,0.3306963571299216,0.46313112757875213,0.47247508487435996,0.3310540302982908,0.4058503512348069,0.2832684475124955,0.5690942128863284,0.3437963592656294,0.21371476713725862,0.4025159456665028,0.44274169175678146,0.20748690842779655,0.5927385061182501,0.40156271198902693,0.6647115587633581,0.5629171850305865,0.605001176035989,0.4375035155678191,0.38325680556322617,0.33678624889724607,0.5766975753697258,0.5679366627992669,0.6018437166879346,0.33087881670038805,0.2810355166520986,0.49435129481296985,0.28018692830832653,0.4399592805106648,0.370259369337603,0.6811822137312269,0.6138793758019605,0.2905607929363802,0.3472759916219671,0.18153953381305887,0.4544904134206356,0.16317266879994224,0.48050017461821126,0.3870484436147829,0.4982953661166365,0.37096927187077333,0.40675194907092344,0.3257541728206602,0.3442061366810553,0.4450130086657157,0.4145598177700434,0.43981733782617427,0.27278536440770507,0.4192484813389925,0.34988353104671976,0.457823421175293,0.5475688414008892,0.2512829468331371,0.46409353826382255,0.6403194092293187,0.34493595622486806,0.46352454992922415,0.39651060449000075,0.6049932313697125,0.5882415060301468,0.3632551671470631,0.2954668248974568,0.47745276879421683,0.012046111118827457,0.5416437506644007,0.46369830521498634,0.35599416691632624,0.40054932526534204,0.46038939169444437,0.42985755224168865,0.4122155746945945,0.27008680795741025,0.4953233235236941,0.25374111354248463
0.5666854592199216,0.33218581026777405,0.35621286832837573,0.39782900523409537,0.507508989829383,0.4703246294717752,0.35475402796052385,0.5218789529873834,0.44140195585478176,0.34308208394759304,0.5104707355138705,0.37035929803010553,0.338064931520748,0.24937065591705698,0.5337235048418553,0.39818514897681384,0.5881584694694509,0.5234274374166038,0.6306491208181518,0.29589997988319544,0.3918105637643855,0.37306636074802996,0.5849719096086196,0.46534475966710953,0.5225621163970898,0.3578405823190782,0.2549821839772214,0.5518135468354196,0.3661365753132452,0.4194065113504468,0.209186280192468,0.5841958482884937,0.4977815199734187,0.3233522039025302,0.3152361882715247,0.3350212653221536,0.4063873651367258,0.3379005077856894,0.3939215795758816,0.39048373931758695,0.5003529050014214,0.3568411011423084,0.3143201051344704,0.3465781233453649,0.21406678380512972,0.40813637783959317,0.29576639290667744,0.38162321275322625,0.2675691154812661,0.3769465021569238,0.2799859555254042,0.37785866686867414,0.5247484039890841,0.24664282636224494,0.44875643990027025,0.5992317630332195,0.29105549446391893,0.4037744935228807,0.3292281260533097,0.44750953208845684,0.40800978275778843,0.35196444732663207,0.27438304011675063,0.5644209350217813,0.26501464875584474,0.4354077877851002,0.41716942530083456,0.37104078961075043,0.38258683329192605,0.4717736580002648,0.19687691642953875,0.24202444031733358,0.21556663566887543,0.5126850786865266,0.29833366374983517
0.5397178763200878,0.3667120152754196,0.2648999966544236,0.3914772057082137,0.5340066969723002,0.5406148662652485,0.30814857073989493,0.6039704819174878,0.44768029676005267,0.21249360294063382,0.5279745712238259,0.44540253799662183,0.33826614291212626,0.3753737918187556,0.4704237093814783,0.381876614596013,0.5109633644435562,0.5243733266433414,0.5715269354782743,0.24905244779746322,0.36379130417093264,0.3317338702254601,0.5669209759132592,0.5347334961598966,0.42668146354024183,0.38949146909473187,0.2509140712315769,0.5228023618462287,0.37620420393747167,0.478391633452054,0.2711457863126296,0.5128144265737861,0.48788620375645814,0.390977659875041,0.3785794162543483,0.35028133087824564,0.4013071399225282,0.41208184197152675,0.30489150122806397,0.35689949078150085,0.4731637472629439,0.5178944431898634,0.37061425169464446,0.3023980964235807,0.22342033825865862,0.4357136864509747,0.3599385891158277,0.36735642781401945,0.2177848385056357,0.36781767127899856,0.2909074781073866,0.36032263134625747,0.5120411525518638,0.35843331137163026,0.44536240592647236,0.5324631228353777,0.43348347416115174,0.40768632538894356,0.3501464185537548,0.47443556365382306,0.3628304607170657,0.29269927034341575,0.3545217774998015,0.6159740863914658,0.35420378722866763,0.4027925576511616,0.4526801662424256,0.3397229466732047,0.39802700252200085,0.38619100389172434,0.34634058183325855,0.39393257076954297,0.2282522554171465,0.46276223776094183,0.27966816028808617
0.5298304127514207,0.37045594597303727,0.25546154690779893,0.3914981595399652,0.5353334578459978,0.5433905140717507,0.27742899333976695,0.6065787226699042,0.44730315943508736,0.2088886988989552,0.5398223775809178,0.4294599953331899,0.33828794837865533,0.37316585940784686,0.4637160008012049,0.3761985310086304,0.5125617078845711,0.5233391702570429,0.562231260291454,0.26797567992063853,0.357409453026162,0.33809444567419616,0.5959614520267534,0.5270799226482088,0.4330984432027915,0.3920890516563797,0.26498963840817374,0.5190218377160158,0.3657800537107252,0.48078616148008974,0.27026307778483827,0.5289726303932567,0.4916313064104184,0.3937713038241052,0.36988002734701625,0.3512730452553773,0.3979911117150025,0.4141971816226045,0.30467405594640984,0.35198680305296726,0.46362812589994457,0.5176952146685464,0.3629787408650384,0.310727044598074,0.2414219058444938,0.4380141896934464,0.34428409962558637,0.35783023681755416,0.2182161237786263,0.36232611955416627,0.2989786385337982,0.364453023674937,0.499192577830613,0.32204173098636524,0.43701761083576635,0.5346954988099124,0.4181550248879417,0.39218226157925024,0.3503711846096547,0.46289173499611497,0.3876160546313728,0.2934639502833527,0.3530215523314306,0.6170358285517193,0.35912664302956926,0.42689142514393513,0.45459594454082164,0.3268201640878352,0.3950204803807412,0.37064367353131844,0.33676283775389104,0.40223993976602945,0.24588318204986517,0.46090436383579025,0.2777501323185879
0.3937580888182947,0.24692392615585995,0.23626232537826564,0.22298099808326394,0.3819448999469374,0.42099152506753756,0.23865604547585462,0.4205791921290024,0.25445830819487897,0.23192005493389917,0.3724190174607949,0.29155132825398555,0.22895146035996794,0.2872576551119248,0.3500200966952105,0.22130326691793953,0.40037408267299707,0.3493533460826127,0.4083155657359186,0.26692029554277236,0.27433904431589673,0.24442871362955781,0.5176709508568258,0.31939053286435765,0.3028315514400559,0.2603040023831718,0.2253213230032292,0.36941403534142386,0.2888531081869919,0.34124943509847144,0.2382951930119127,0.4899669652071346,0.3272609834220321,0.2455386401804724,0.22867085775290946,0.2292715164083802,0.32554586441191746,0.2620372337745302,0.24940822776231975,0.2581296530346624,0.3594778131297042,0.3756311238454579,0.2175774125402293,0.22806008969873356,0.22830360555433166,0.31695617694349754,0.28838013483762065,0.2516452664669605,0.23655893428163058,0.2499262810216818,0.24938736892087865,0.23453732793803242,0.3726735137696207,0.2988199841060384,0.2623613612424073,0.40460234858512095,0.3196933350207398,0.26819497001441467,0.2335075905175311,0.35235558512039156,0.33105711532464993,0.2608449961539202,0.28330215677220444,0.49299828327279865,0.2666016576668209,0.38436365216185775,0.30516403167137246,0.2514400227586399,0.2476214262565944,0.31138270247325384,0.23685212543040735,0.2664155390156934,0.2165081830503731,0.3797920961777591,0.26516709020076673
0.3945796095625214,0.24701085279648385,0.2369419388990933,0.22137004306134095,0.37851730408946477,0.4207741309252526,0.23836527760316134,0.4182729423458311,0.260975993190169,0.23520692485657427,0.3729021686430137,0.2914713031097525,0.2191274260430101,0.2809317531662105,0.34788101397744137,0.23730663883736092,0.3894391876524204,0.3358151307492436,0.4085055288670509,0.267587488738453,0.2735699013291439,0.24972991857363067,0.5173197889571816,0.3168975760198776,0.2998451888103038,0.26012416271197386,0.22446906131568337,0.370584858403589,0.2904264062063636,0.34229133005425616,0.23493276316631553,0.49007846165436075,0.32602160552035125,0.254833472000683,0.22672535408707917,0.2292212504478188,0.3257391353195812,0.27999116563564114,0.2490405050785414,0.2540722183971052,0.3598141660223767,0.37474826732903044,0.23001860656850467,0.22897672416818815,0.20696281010461284,0.31668170008707897,0.2904181747993284,0.24009267681507293,0.2365589175917222,0.24976690523263587,0.2492658242484501,0.23444686050020067,0.3729992956576706,0.2987645909329152,0.26181756003820456,0.4062911083453378,0.3211359218401042,0.26803582274553767,0.2333376038482437,0.3525311465176217,0.32067492240646667,0.2679868229168029,0.28323950074801374,0.4929851727730914,0.2605095159999974,0.39021857567512075,0.3059068975601186,0.24927629289036107,0.2483123024265057,0.30440338667728994,0.23964454557278442,0.2643227828421613,0.21653813142730863,0.3842933431074633,0.2631203101243549
0.3960755848695926,0.24906709706148147,0.23701955129497676,0.2459226282912428,0.3642274467523328,0.4150010535811525,0.23876241628509698,0.41749559647507517,0.29956926941108575,0.2617112356844365,0.3778541696247813,0.28178635531958734,0.23851963584562738,0.2806884015168126,0.3407718295415487,0.2443898732734338,0.3995675354556772,0.34613740327276576,0.40253860395550173,0.2697437925367193,0.2709879146209042,0.25513600457638347,0.5034231755659189,0.3222059076829989,0.32052631947264665,0.2560401934438157,0.22596217355624143,0.36622456167627715,0.2849072518734451,0.3358544112598772,0.23586433902240986,0.4864251497693281,0.32712513370784724,0.25627186295269844,0.23015641471175893,0.238591742914605,0.3281318153176769,0.28287238969077755,0.25199366721236177,0.274215225457861,0.35193004373284514,0.3812390138684962,0.23565075122908843,0.2326116974826299,0.24705395225411728,0.31653565710015935,0.29852308448565007,0.2502615467951222,0.23517629501619372,0.24959670637265507,0.2699367382952157,0.23454761991226294,0.35460677834232496,0.3020288245607952,0.26758572219013554,0.443893647379987,0.3076784366650507,0.2655774581554585,0.237195094901006,0.34505193670087597,0.3315237846141998,0.2669843180121986,0.27884692449488574,0.48624886537693274,0.25759508663578895,0.42354005327133853,0.30463392354676855,0.2549150892064935,0.24635582988153937,0.3106111398006951,0.25478988409518616,0.26418339686779085,0.22494216458440786,0.38478063445368016,0.2883735340618086
0.3957515447048051,0.24907610259950735,0.23813012788716062,0.2488352405258465,0.36589880418998233,0.4179922644745172,0.23863873891583284,0.42891881681113586,0.29596428306673084,0.262566245108221,0.3820424613209116,0.2947845105549822,0.2391216697057651,0.29281068171942387,0.33264948224417373,0.24452458425665574,0.39338713132952696,0.3424250299222361,0.3983855739364718,0.2720303016483822,0.27641774655293333,0.2532532953440523,0.50713232091491,0.32235850543241173,0.3174170215519112,0.25760815709522783,0.22732836077227875,0.36670478814202173,0.2874957589194889,0.33874661457572564,0.24641691399065777,0.49121973440619765,0.32845802686179293,0.25625082372824076,0.23099823230635477,0.23744196712682683,0.3283795888641838,0.28426110977494046,0.2541154557189218,0.274272787994303,0.34246787794436623,0.38443754155586474,0.24230146944248973,0.23478753980398653,0.2486786248060771,0.31511597750669046,0.2966762373532421,0.25232860112669364,0.23951325337545823,0.25176686033417284,0.273595150340337,0.236376834437606,0.3551836565661419,0.29631562024685887,0.2664281529381263,0.4343677453885902,0.31803411472618925,0.2667803480271778,0.23864982323863712,0.32445453103159927,0.3333005253925224,0.2705646117457588,0.2837040176901259,0.48906643636899144,0.25957211786673706,0.3951501076305563,0.30543488541508734,0.25526997409098845,0.25321496625265455,0.31621314531764416,0.25795251446194073,0.2706282805936364,0.22325776375415538,0.38932892519568146,0.2927118666350795
0.39651456145428704,0.24847071808065252,0.23396382882983888,0.2462578113939104,0.3650603059155507,0.41400740882489984,0.23900688272964243,0.41715156737956843,0.30120363853589877,0.26303215988517353,0.3768155651407476,0.28095556045937375,0.23876436531141662,0.2821868073387808,0.3317051332859902,0.24426915500683083,0.3989665572390572,0.34571864033472643,0.403249938195689,0.2697535384277172,0.27423606714182763,0.25499683357066,0.5049679700527,0.32150062396940987,0.3198245840846834,0.25662644521405614,0.2268458247586993,0.36686040826601923,0.2856003166420159,0.33501852459926534,0.23592351961877342,0.48804312663737714,0.32684460350266764,0.25667908219488617,0.23065967128121873,0.23726999079319444,0.32837458581354195,0.2829598498329614,0.25236822320121716,0.2750148473779921,0.3505166157881198,0.38061631261085377,0.2358822915772184,0.2325271693075681,0.2477652762862548,0.31536843976595746,0.29763372243109154,0.25014459108770254,0.23628635442389315,0.2492184136709844,0.2707804569444143,0.23393397627905524,0.3533096377839766,0.29839313250109656,0.2679623123027703,0.4427390393728501,0.3055770227903925,0.2650247220460285,0.23706434676662122,0.3440395898948725,0.3324948140115149,0.25960334320485495,0.28078663666430803,0.4885380544960922,0.2567279596817718,0.42422798560678143,0.30385362348940365,0.254217568408098,0.25172197629453286,0.31111095361933694,0.24817753721168243,0.2673050209812608,0.22443392746124718,0.38483234244740594,0.28891770185722754
0.38372857975568975,0.24386421484672002,0.23266325613338207,0.2439945949674745,0.358015502097813,0.41114846934540283,0.231390143212376,0.4084509149272347,0.2943780470677643,0.256198222132415,0.36104562292727194,0.28491793017093875,0.23257196825469817,0.28197599991559497,0.32438203213869227,0.23650519871162365,0.3899192354211612,0.3312421770074488,0.3916907873776671,0.2651676581970669,0.27086213359314615,0.24693528106136767,0.5085261446847148,0.3133503047101365,0.30925433864287916,0.25252651516396557,0.22107108636571124,0.3590056190960141,0.2820953318622553,0.32879192634924015,0.2307774737967274,0.4775454020048459,0.32137894886417995,0.24530477031420722,0.2225749883883601,0.23144327188010527,0.3205159980922437,0.27661066646842636,0.24844305210349368,0.2694927007064348,0.34258705421643026,0.3702637618433706,0.2312069919421696,0.2295124463755837,0.2429943041983501,0.3041391557266663,0.2920965177911369,0.24438165269634854,0.23322142894665124,0.2449401663461226,0.2602538540266204,0.22898155684451843,0.3542953793766558,0.29534370341873145,0.26043891789816476,0.43103061481276755,0.30147627427061274,0.25908344341739475,0.23100274067651347,0.33675358547546475,0.3281380095270713,0.25712909085642266,0.2761167669556425,0.4776317770753981,0.24486547880368753,0.4146681307907366,0.29704612392480234,0.24568344767666506,0.25773126254221546,0.3060322611612624,0.2544123717970776,0.2641395463516436,0.21747345303698262,0.37700866369874386,0.28667089806361834
0.38309315176103564,0.24350141162232222,0.23218327484140613,0.24362153541822784,0.35506060875536194,0.40830942305731044,0.2311876492179463,0.4168146368789906,0.2914415708877169,0.256349409410988,0.36680671087291367,0.283364739769698,0.23338174059697744,0.28589225427938775,0.32100006303363554,0.23684744425690332,0.38732948213790647,0.33143612741766054,0.3886711507634167,0.26583075683141205,0.26825988651156724,0.24706176796297846,0.5053591904827953,0.31350138314778436,0.3078361939315538,0.2511059063292644,0.2210115854426201,0.3570523433850764,0.2816356404480639,0.33023654367943334,0.23540075496118779,0.4786924330536754,0.32093558017635376,0.24697222168500535,0.22385190666339663,0.23146753328043398,0.31915581754879363,0.2790778872781375,0.24846011873418752,0.2681152203540286,0.3401951136608574,0.3731645272038255,0.23557099579898572,0.2281992148432711,0.24309645624062282,0.304497901515865,0.2901841477065985,0.24628396299499575,0.23361917396080079,0.24498572062865354,0.2629441865437554,0.22879410364416233,0.35073872701556824,0.292515119291691,0.2598348727493665,0.4343498179651382,0.30893130130326046,0.259226357575546,0.23121950470698424,0.3282485648421325,0.32260544620330206,0.26022497636870234,0.276298315237167,0.4752242815623013,0.24716027948888789,0.41326382953780394,0.29735022523325494,0.24626560486190738,0.25604093289056057,0.3045192819879112,0.24914163644854412,0.26584378613244575,0.21708067439506226,0.3809145446930062,0.2857529519117008
0.38314514550398465,0.24389445519248612,0.2327861516503408,0.2417087275604728,0.3541132066592778,0.4076838926433961,0.23127528636166275,0.41706490099016863,0.2898886753238896,0.2565004256610895,0.3679550787523799,0.2835247366305607,0.23262635027325776,0.28574465098620616,0.32662441194880176,0.2368982015957015,0.38649099204490095,0.3306750890029977,0.38791497379922946,0.26584553038399866,0.26880260392476785,0.24720405777692384,0.5048515859069115,0.3139281489804729,0.3066026766548538,0.24980073795709865,0.22056212793742386,0.35520900509832515,0.28167602217904275,0.3298770649636214,0.23562080889570455,0.4789750920524574,0.31903326462745624,0.24717826147212732,0.22329317727118875,0.231467491983424,0.31998803145631766,0.2796557307425576,0.24840990817891648,0.2686644473468802,0.3388771441591583,0.3734361325682,0.23547781890872083,0.2281119874854983,0.24283029597477193,0.3029187238123377,0.2905415943347401,0.24654371410474119,0.23139327176244862,0.24461335362572573,0.26373806822333057,0.22879410091874722,0.35069457176722296,0.29290498831316086,0.2599043519708267,0.4364320622975053,0.30656766381313005,0.2589263217733029,0.23141601313144006,0.3299184908759761,0.3208118774387355,0.26121585005283937,0.27643672729959146,0.47487642593717694,0.24735395519047096,0.41628178464979204,0.29743318634993904,0.2464216090267246,0.2569089541465494,0.30427027790304195,0.24872610945284263,0.2650375861752602,0.21741161759204475,0.37705605581435075,0.2865112038657081
0.38515138145708816,0.24445992024236968,0.23552856989128562,0.24312852040897628,0.3561819559316047,0.3999448073612232,0.23004533125445464,0.41303687457323296,0.2944160583275688,0.25758825067025903,0.3708643409573729,0.28306492649732984,0.23297822768060802,0.2810198613451992,0.339958169141956,0.23646922274876783,0.3978963821535258,0.3278339418465796,0.38835602051154106,0.26564073296107993,0.2686845647733626,0.24672033407027913,0.48383926317850806,0.3164616461364081,0.31147373070826356,0.25180593637964765,0.22076106149901584,0.35379702457656353,0.27934918991591595,0.333639763276115,0.2352834982065826,0.480584086315211,0.3228375659097569,0.24781036543029822,0.2231953886684114,0.232937169359282,0.3184321227038274,0.27740876514893026,0.24966532774971706,0.2687683326218716,0.3357130548049528,0.35469695987690814,0.23455809050042134,0.23028878110235523,0.2429474618581659,0.30836572753108416,0.28904946179086727,0.24697851368555288,0.2328410721309531,0.24499318952825197,0.25958368081811717,0.23005251239646263,0.34988592667952884,0.29789779243253417,0.2629094481820892,0.4447084775412962,0.3169750942690918,0.25807866031183496,0.23085471341946157,0.33253757394829275,0.32186497197451486,0.25956398002522874,0.27517599437234125,0.48424480249725893,0.2445856582291271,0.42163919877249,0.29575823085324754,0.24583439459107573,0.24780131287461982,0.30260656065781644,0.2520825301595009,0.2638048223262764,0.2190015835554402,0.3823072058409069,0.2891869719354598
0.38216613394376886,0.24451853220432002,0.23505663884550937,0.2400408347820663,0.3547875175051428,0.4079862415105062,0.23010086042424274,0.412948507095932,0.2908734762692241,0.2574628592414944,0.37019125323014307,0.2821220162316671,0.2325273774085617,0.2789771021400071,0.3359782348929588,0.23531052298295174,0.39280476806740117,0.3276074615604943,0.3886178138174227,0.26473817324596005,0.267514307231498,0.24570442651582064,0.5025118472689845,0.31174936305480655,0.3080955963006633,0.25250927782601634,0.22101087559029933,0.35371186454615666,0.2849640304379358,0.3326536055057857,0.23567958548842635,0.48073164777144406,0.3184131703576209,0.24771349688784106,0.22284602961216649,0.23100639261924716,0.31705802411556155,0.2777310553997571,0.24839467585014816,0.2690634555188061,0.34095303063717447,0.3656057943192819,0.2348095908157778,0.2302673936206347,0.24226789552955819,0.3072528972726301,0.2877227380094071,0.24703634439680128,0.23270137835864396,0.24511714955605435,0.25894900687075834,0.230417251772076,0.3539210495623574,0.29313915753541714,0.2629483662409511,0.4368730729357161,0.31177867490978617,0.25775859754802516,0.23101054117077477,0.3337230225685702,0.31792275264557107,0.25971208085742437,0.2765418079818929,0.48169827299800455,0.24392983838084853,0.4147607143120081,0.29857202695792395,0.24507001135881515,0.25581931514335965,0.30066742599004515,0.2526780300543947,0.26348867741777027,0.21814789545891633,0.38402033412995146,0.2888001537924699
0.38546782749788927,0.24459957460427728,0.23575994281984744,0.24222212943981478,0.3565658226198543,0.39876064831495533,0.2300623545143193,0.4135813677079491,0.29236807961927486,0.2568174600683118,0.36864256784306676,0.28391935244682254,0.23293541162389875,0.282326386646034,0.3376419484870768,0.23566333121387711,0.3968018266760431,0.3288366446657973,0.389911541341987,0.2650494872684172,0.26935696928824737,0.24663007040557397,0.48287433582093076,0.31661278786123676,0.3113250459359908,0.25272233199945154,0.2205065648856206,0.35623914459780165,0.28207540931072017,0.3333420380955182,0.23313701279070523,0.4810641478143496,0.3215919032140406,0.2475595592551842,0.22271505806234354,0.23285898348613868,0.31893470640516275,0.27756987662422905,0.24927601202670974,0.26849415487698874,0.33285146537404625,0.3548541290834625,0.23445817745672357,0.2302215722152335,0.24287741696420817,0.30746232531461565,0.28411210733376346,0.24684317259707114,0.23255925382745424,0.24507258108684934,0.2596153160511475,0.22989131230709917,0.3502164693228642,0.29342797670636556,0.26268154974495417,0.4434145855931147,0.3177296615668201,0.25846833839011846,0.23100854916499344,0.3347707799574365,0.3204454149579295,0.26042783087707777,0.2753082233493184,0.4845144096821551,0.24315818677030537,0.41565702993159687,0.29544997061500833,0.24617905916049837,0.24427442685898604,0.3021014453276538,0.25174677056645756,0.2620766408604166,0.21821255084892205,0.3811645456380284,0.2892194559271955
0.3799129701168394,0.2418874597428067,0.23226746636907458,0.24046827754169786,0.35091044573754193,0.3991847392739335,0.22665887735312798,0.4059576809668484,0.29055917567882145,0.2545280095747513,0.36152944311791835,0.27771724187728986,0.2298990443839206,0.2809964140400939,0.34008994088337763,0.2320594321475854,0.39477679581081443,0.32505695533537216,0.39134892769697155,0.26299507310775877,0.26703147954684964,0.24262041793759895,0.4764981029988131,0.31198566224720337,0.30507478344490313,0.2503760191466565,0.21772435824984512,0.3522246809309351,0.27850997800568744,0.3307392078504804,0.2316704073915588,0.4768567507244034,0.31991642990267377,0.24368094164354515,0.21906621390316677,0.2277317432171961,0.31460745553487435,0.2756825421389983,0.24545678940768,0.26557173239132764,0.3313181135149487,0.35087742814577494,0.23111790193115186,0.22731202265746156,0.24025237438943792,0.3040637114241912,0.28446113829772535,0.24409128521908185,0.22999492885106254,0.24229347641860036,0.25622085297364855,0.22714857549380074,0.34692137513158,0.2914229585253169,0.25988000941872086,0.4341444849595646,0.3143333818010164,0.2541244749544974,0.2276492103726869,0.3296389975995225,0.320991683953497,0.25469487816739744,0.2719616576930282,0.4816703136153245,0.24152145637431033,0.410367091321519,0.29112847867511676,0.24488104892383372,0.2448444059181916,0.29841932302765134,0.24955310858805718,0.2603848001532507,0.21508394494429586,0.3773830125739328,0.28480283202117423
0.3777536847874137,0.24188745460227967,0.2322674667035228,0.24035866779108253,0.3497029188044323,0.4044325215071289,0.22665888248277907,0.4004041209202342,0.2870909450797882,0.2545279998250583,0.35691083299259146,0.27547340429571415,0.2298990726290358,0.2777067609538488,0.3375989930569214,0.23195146140805192,0.3850486572288707,0.3262372512460578,0.3854442585230002,0.2626111749109057,0.2660654616939803,0.24262041879397273,0.4973135006846734,0.308811983606486,0.30580865557687564,0.24859927394252526,0.21772435874569174,0.3489923407087412,0.2786361608348235,0.32789865022479436,0.23139456441513834,0.4763370356112889,0.316817371632792,0.2432712657970936,0.21905252986964185,0.22773173982126715,0.31295245493430945,0.2749092624566772,0.24545678476527347,0.26543576812808745,0.3301537882161324,0.3606543645077298,0.2318945739728578,0.2273120047769151,0.24008168462651205,0.3036859786905168,0.28062794372407546,0.24439899435702528,0.22999492914692782,0.24229347427261366,0.2547535429622694,0.22714859332903556,0.34296878664778624,0.28715633087312653,0.25988001105062736,0.4322592444945118,0.30627343567981735,0.25444475036032943,0.22764921332153745,0.32342058653586525,0.3207239917019697,0.25482494417988527,0.27290075513982104,0.47848320835859987,0.24065305335316386,0.39898329805076227,0.2921795568711809,0.24496639085725186,0.2420148247672303,0.2953191755175107,0.24007671138879533,0.26021105899221947,0.21508395821446255,0.3728775123979107,0.2816885808296037
